,geo_code,land_area,pop_2016,pop_density,private_dwellings,usual_residents
0,35240317,0.17,836,4799.1,373,372
1,35240318,0.20,838,4160.9,281,279
2,35240319,0.10,472,4673.3,145,145
3,35240320,0.15,560,3631.6,356,354
4,35240321,0.26,765,2919.8,264,263
5,35240322,0.12,481,4097.1,146,146
6,35240323,0.20,476,2438.5,157,156
7,35240324,0.18,805,4525.0,287,286
8,35240325,0.20,507,2567.1,179,179
9,35240326,0.14,497,3444.2,183,183
10,35240327,0.16,462,2965.3,170,170
11,35240328,0.25,501,2034.9,211,209
12,35240329,0.13,609,4769.0,230,228
13,35240330,0.15,585,4020.6,213,210
14,35240331,0.24,893,3785.5,397,385
15,35240332,0.28,490,1743.2,201,199
16,35240333,0.19,354,1903.2,152,151
17,35240334,0.16,426,2680.9,181,177
18,35240335,0.16,401,2472.3,162,160
19,35240336,0.13,462,3510.6,180,174
20,35240337,0.29,412,1415.8,154,151
21,35240338,0.28,766,2758.4,315,312
22,35240339,0.34,1286,3796.9,700,697
23,35240340,0.14,401,2931.3,153,153
24,35240341,0.26,818,3089.1,296,294
25,35240342,0.25,768,3035.6,332,331
26,35240343,0.11,336,3082.6,119,119
27,35240344,0.14,470,3476.3,136,136
28,35240345,0.24,499,2091.4,203,203
29,35240346,0.17,529,3141.3,183,181
30,35240347,0.08,477,5712.6,154,154
31,35240348,0.13,463,3457.8,153,153
32,35240349,0.18,587,3225.3,197,197
33,35240350,0.16,728,4669.7,245,245
34,35240351,0.16,624,3959.4,197,197
35,35240352,0.07,314,4416.3,106,106
36,35240353,0.28,641,2277.1,222,221
37,35240354,0.22,324,1502.1,113,112
38,35240355,0.08,406,5265.9,131,130
39,35240356,0.11,557,5274.6,152,149
40,35240357,0.09,413,4599.1,121,121
41,35240358,0.52,705,1355.2,230,229
42,35240359,0.14,502,3520.3,152,150
43,35240363,0.13,600,4601.2,193,191
44,35240364,0.10,484,5062.8,144,143
45,35240365,0.09,397,4255.1,127,125
46,35240366,0.21,619,2900.7,207,206
47,35240367,0.16,595,3675.1,183,182
48,35240368,0.30,600,1980.9,211,211
49,35240369,0.36,660,1827.2,243,241
50,35240370,0.23,554,2444.8,226,222
51,35240371,0.23,390,1691.2,150,150
52,35240372,0.19,449,2425.7,173,170
53,35240373,0.18,392,2177.8,151,151
54,35240374,0.17,427,2535.6,143,142
55,35240375,0.11,618,5654.2,199,198
56,35240376,0.08,442,5224.6,157,156
57,35240377,0.07,371,5061.4,123,123
58,35240378,0.28,589,2131.0,189,189
59,35240379,0.05,256,4740.7,93,93
60,35240380,0.16,393,2415.5,136,136
61,35240381,2.39,1360,568.4,500,498
62,35240382,0.23,423,1874.2,151,151
63,35240383,0.20,506,2516.2,165,165
64,35240384,0.22,604,2688.0,230,230
65,35240385,0.24,421,1728.2,151,149
66,35240386,0.12,257,2221.3,77,77
67,35240387,0.34,506,1482.6,203,203
68,35240388,7.03,797,113.4,325,321
69,35240391,0.16,431,2642.6,181,179
70,35240392,0.23,647,2869.2,338,336
71,35240393,0.34,555,1629.5,221,219
72,35240394,0.37,444,1190.7,187,182
73,35240395,0.29,570,1940.1,233,230
74,35240396,0.24,433,1817.8,150,146
75,35240397,0.30,2610,8749.6,1458,1444
76,35240398,0.54,655,1214.8,358,351
77,35240399,0.31,713,2288.9,217,206
78,35240400,2.04,1447,710.4,566,554
79,35240401,0.95,812,857.5,352,338
80,35240402,4.09,506,123.9,159,158
81,35240403,4.46,515,115.5,147,138
82,35240404,1.01,640,633.4,251,248
83,35240405,0.39,761,1964.4,335,335
84,35240406,0.22,347,1611.7,134,131
85,35240409,0.07,599,8569.4,191,188
86,35240410,0.09,297,3267.3,117,116
87,35240411,0.37,564,1513.3,224,219
88,35240412,0.22,438,1970.3,152,152
89,35240413,0.19,480,2466.6,174,173
90,35240414,0.26,438,1673.0,188,187
91,35240417,0.03,620,22463.8,367,351
92,35240420,0.16,516,3165.6,243,226
93,35240421,0.09,346,3835.9,197,186
94,35240422,0.12,561,4579.6,372,360
95,35240423,0.06,608,9854.1,438,430
96,35240425,0.13,411,3178.7,196,191
97,35240427,0.16,1079,6595.4,774,695
98,35240428,0.14,492,3557.5,309,295
99,35240429,0.03,563,20851.9,263,259
100,35240431,0.48,326,677.1,133,127
101,35240432,0.17,499,2897.8,256,243
102,35240433,0.26,620,2423.8,243,239
103,35240436,0.09,284,3024.5,138,138
104,35240437,0.41,570,1394.3,300,298
105,35240438,0.22,596,2659.5,227,225
106,35240439,0.19,486,2574.2,200,198
107,35240440,0.12,451,3835.0,234,231
108,35240441,0.22,690,3176.8,324,322
109,35240442,0.17,453,2664.7,192,190
110,35240443,0.27,619,2295.1,249,243
111,35240444,0.22,473,2152.0,212,207
112,35240445,0.07,610,9186.7,320,304
113,35240446,0.33,701,2143.7,361,345
114,35240447,0.10,636,6372.7,363,346
115,35240448,0.27,567,2136.4,224,219
116,35240449,0.54,290,538.0,113,109
117,35240450,0.70,664,946.8,283,279
118,35240451,0.31,561,1803.3,234,233
119,35240452,0.53,476,899.1,131,126
120,35240453,0.94,576,611.5,207,206
121,35240455,0.01,696,88101.3,461,459
122,35240459,0.10,408,4015.7,146,146
123,35240460,0.12,433,3477.9,170,170
124,35240461,0.12,491,4011.4,159,159
125,35240462,0.11,403,3633.9,197,197
126,35240463,0.33,618,1885.3,238,235
127,35240464,0.09,318,3565.0,127,127
128,35240465,0.11,981,8853.8,475,474
129,35240466,0.12,665,5362.9,331,328
130,35240467,0.39,620,1578.0,279,264
131,35240468,0.31,488,1554.6,171,168
132,35240469,0.11,483,4435.3,258,250
133,35240470,0.42,604,1439.1,217,203
134,35240471,0.26,517,1984.6,180,176
135,35240472,0.29,680,2324.8,243,241
136,35240473,0.25,535,2165.1,187,185
137,35240474,0.25,653,2615.1,227,226
138,35240475,0.25,656,2573.6,229,228
139,35240476,0.25,587,2311.0,189,189
140,35240477,0.31,671,2132.9,234,226
141,35240478,0.08,320,4055.8,116,116
142,35240479,0.08,381,4916.1,205,205
143,35240480,0.26,921,3535.5,373,373
144,35240481,0.15,476,3129.5,184,184
145,35240482,0.31,740,2383.3,302,301
146,35240483,1.26,664,526.0,236,227
147,35240484,2.50,1151,461.3,477,473
148,35240485,0.11,378,3455.2,136,136
149,35240486,0.52,643,1233.2,238,237
150,35240487,0.08,282,3485.8,104,104
151,35240488,0.24,1217,4997.9,471,469
152,35240489,0.12,466,3755.0,170,169
153,35240490,0.09,281,3263.6,106,103
154,35240491,0.21,675,3239.0,207,203
155,35240492,0.17,578,3358.5,233,233
156,35240493,0.21,748,3501.9,469,451
157,35240494,0.14,473,3442.5,162,162
158,35240495,0.09,607,6605.0,308,305
159,35240496,0.15,475,3106.6,163,163
160,35240497,0.17,475,2830.8,157,157
161,35240498,0.10,377,3808.1,135,135
162,35240499,0.08,317,3823.9,109,109
163,35240501,0.07,261,3555.9,95,95
164,35240503,0.12,441,3762.8,173,171
165,35240504,0.16,427,2716.3,155,154
166,35240505,0.17,619,3699.9,217,213
167,35240506,0.15,445,3019.0,169,169
168,35240507,0.35,522,1484.2,217,210
169,35240508,0.22,735,3269.6,259,252
170,35240509,0.17,895,5411.1,266,263
171,35240512,0.09,357,3897.4,194,190
172,35240513,0.11,467,4230.1,216,214
173,35240516,0.33,614,1877.1,232,231
174,35240517,0.16,479,2915.4,181,174
175,35240518,0.23,652,2836.0,241,241
176,35240519,0.16,419,2550.2,155,153
177,35240520,0.33,723,2217.1,282,281
178,35240521,0.30,652,2177.7,239,238
179,35240522,0.18,457,2500.0,173,173
180,35240523,0.29,483,1651.8,165,161
181,35240524,0.47,501,1060.8,192,176
182,35240525,0.30,608,2019.3,203,203
183,35240526,0.09,276,3136.4,101,101
184,35240528,1.23,436,353.4,152,149
185,35240529,0.23,465,2002.6,159,159
186,35240530,0.09,415,4684.0,143,142
187,35240531,0.10,444,4361.5,139,139
188,35240532,0.38,1151,3001.3,546,543
189,35240533,0.07,354,5014.2,116,115
190,35240534,0.29,489,1659.9,148,147
191,35240535,0.24,469,1988.1,180,173
192,35240536,0.16,685,4297.4,336,332
193,35240537,0.14,581,4029.1,247,245
194,35240538,0.93,1025,1101.8,402,396
195,35240539,0.50,748,1496.3,401,391
196,35240540,0.11,454,4101.2,164,163
197,35240541,0.14,425,3106.7,140,137
198,35240542,0.12,476,3970.0,244,240
199,35240543,0.59,538,909.6,210,207
200,35240544,0.14,566,4031.3,201,197
201,35240545,0.88,1018,1151.7,343,342
202,35240546,0.08,746,9097.6,328,324
203,35240590,0.18,1097,6222.3,593,571
204,35240591,0.19,1125,5921.1,576,555
205,35240592,0.13,1986,15812.1,928,905
206,35240593,3.76,1380,367.5,513,502
207,35240594,0.14,904,6247.4,304,304
208,35240595,1.39,977,703.5,516,501
209,35240596,0.20,1488,7370.0,855,812
210,35240598,0.12,2197,19021.6,1365,1293
211,35240641,4.96,528,106.5,179,177
212,35240642,4.97,465,93.5,211,164
213,35240643,15.62,624,39.9,234,226
214,35240644,16.95,557,32.9,196,188
215,35240645,16.26,556,34.2,182,174
216,35240647,10.20,668,65.5,262,241
217,35240648,0.18,746,4186.3,346,346
218,35240649,0.10,588,5714.3,215,213
219,35240650,0.30,768,2569.4,236,234
220,35240651,0.20,504,2541.6,197,197
221,35240654,0.24,657,2723.9,190,190
222,35240655,0.54,1256,2335.0,487,487
223,35240656,0.11,410,3864.3,129,129
224,35240659,0.19,862,4464.0,388,388
225,35240660,0.25,575,2322.3,241,241
226,35240661,0.11,497,4398.2,164,164
227,35240662,1.55,2357,1519.2,938,937
228,35240663,0.12,522,4254.3,166,166
229,35240664,0.72,632,872.9,225,224
230,35240665,0.13,494,3933.1,158,158
231,35240666,0.25,942,3796.9,473,468
232,35240667,0.22,737,3360.7,216,216
233,35240668,0.07,501,7389.4,174,174
234,35240669,0.51,1062,2073.0,328,328
235,35240670,0.12,674,5716.7,216,215
236,35240671,0.09,652,7670.6,210,210
237,35240672,0.17,893,5369.8,249,249
238,35240673,0.06,455,7954.5,156,156
239,35240674,1.37,815,593.3,230,230
240,35240675,0.27,1191,4445.7,358,358
241,35240676,0.13,979,7344.3,370,368
242,35240677,0.10,461,4596.2,136,136
243,35240678,3.71,1473,396.8,724,713
244,35240679,0.20,882,4392.4,255,255
245,35240680,2.47,1102,447.0,561,541
246,35240681,0.07,642,9511.1,309,253
247,35240682,0.17,726,4394.7,268,268
248,35240683,0.12,703,5843.7,223,223
249,35240684,0.07,572,8411.8,399,398
250,35240685,0.21,1278,6068.4,432,429
251,35240686,0.33,1257,3771.4,337,337
252,35240756,0.12,684,5772.2,198,198
253,35240757,0.09,663,7754.4,196,196
254,35240758,0.34,1010,2985.5,328,327
255,35240759,0.21,564,2722.0,212,210
256,35240780,0.36,1112,3095.8,364,363
257,35240782,0.17,789,4511.1,274,273
258,35240783,0.21,371,1781.1,132,132
259,35240785,0.22,890,4029.0,288,288
260,35240807,0.25,928,3685.5,450,438
261,35240808,0.09,866,9885.8,571,569
262,35240809,0.70,232,333.6,28,28
263,35240898,0.60,3020,5069.7,946,943
264,35240903,1.93,0,0.0,0,0
265,35240904,0.63,1492,2351.8,582,581
266,35250030,1.97,402,203.8,152,151
267,35250031,6.06,468,77.2,165,163
268,35250032,1.01,614,605.5,224,221
269,35250033,0.29,627,2179.4,225,221
270,35250034,0.63,680,1078.5,277,277
271,35250035,0.12,392,3379.3,158,158
272,35250036,0.39,603,1538.3,232,232
273,35250037,0.30,542,1826.1,255,240
274,35250038,0.14,689,4778.1,414,395
275,35250039,0.08,526,6902.9,313,312
276,35250040,0.20,490,2491.1,229,226
277,35250041,0.13,403,3025.5,242,234
278,35250042,0.06,247,4179.4,125,119
279,35250043,0.81,577,712.2,271,259
280,35250044,0.12,419,3373.6,160,156
281,35250045,0.06,422,7403.5,273,249
282,35250046,0.32,503,1593.8,201,191
283,35250047,0.58,575,983.7,255,253
284,35250048,0.11,277,2427.7,102,102
285,35250049,0.17,394,2343.8,159,159
286,35250050,0.15,408,2740.1,155,155
287,35250051,1.18,1312,1111.6,521,519
288,35250052,0.11,339,3062.3,129,129
289,35250053,0.71,599,838.5,236,234
290,35250054,0.20,365,1812.3,131,130
291,35250055,0.20,735,3712.1,298,296
292,35250056,0.05,211,3936.6,63,63
293,35250059,2.75,1051,382.7,390,382
294,35250060,0.48,653,1347.8,254,251
295,35250061,0.18,400,2188.2,147,146
296,35250062,10.37,596,57.5,250,240
297,35250064,0.67,768,1154.5,316,302
298,35250065,0.17,530,3177.5,172,172
299,35250066,0.21,390,1820.7,152,147
300,35250067,0.32,608,1924.1,195,195
301,35250070,1.42,658,464.7,182,179
302,35250073,0.08,451,5547.4,153,150
303,35250074,0.07,315,4625.6,116,115
304,35250075,0.08,414,4934.4,148,146
305,35250077,0.09,561,6012.9,192,189
306,35250078,0.08,400,4733.7,136,133
307,35250079,0.16,301,1907.5,115,114
308,35250080,0.20,663,3375.8,216,212
309,35250081,0.19,1055,5590.9,366,366
310,35250082,0.05,249,4930.7,93,93
311,35250083,0.19,846,4507.2,250,246
312,35250084,0.09,349,3948.0,115,114
313,35250085,0.09,303,3209.7,108,107
314,35250086,0.14,695,4823.0,170,170
315,35250087,0.12,506,4392.4,191,191
316,35250088,0.24,460,1885.2,175,175
317,35250089,0.07,533,8112.6,300,297
318,35250093,0.21,538,2524.6,213,213
319,35250094,0.06,348,5898.3,132,132
320,35250095,0.11,438,3818.7,166,166
321,35250096,0.13,514,4021.9,183,183
322,35250097,0.30,363,1197.2,115,115
323,35250098,0.07,232,3442.1,71,71
324,35250099,1.63,1038,634.9,300,297
325,35250100,0.21,490,2301.6,193,193
326,35250101,0.12,456,3778.0,159,159
327,35250102,0.14,333,2340.1,113,113
328,35250105,0.24,569,2371.8,237,235
329,35250106,0.13,478,3551.3,194,192
330,35250107,0.23,498,2178.5,198,197
331,35250108,0.17,533,3157.6,209,209
332,35250109,0.27,702,2590.4,261,256
333,35250110,0.27,573,2103.5,232,228
334,35250111,0.24,735,3008.6,323,323
335,35250112,0.12,462,3716.8,176,173
336,35250113,0.13,312,2449.0,113,111
337,35250114,0.14,381,2653.2,146,144
338,35250115,0.26,1426,5383.2,565,553
339,35250116,0.21,711,3448.1,237,236
340,35250117,0.05,278,5791.7,94,92
341,35250118,0.09,384,4233.7,131,130
342,35250119,0.10,498,4891.9,187,187
343,35250120,0.06,394,6577.6,143,140
344,35250121,0.08,461,6073.8,181,181
345,35250122,0.10,392,4028.8,131,131
346,35250123,0.09,374,4155.6,121,120
347,35250124,0.11,481,4341.2,184,182
348,35250125,0.06,332,5524.1,114,114
349,35250126,0.07,611,8201.3,224,222
350,35250127,0.43,1581,3711.3,467,466
351,35250128,0.12,442,3711.2,130,129
352,35250129,0.07,354,5108.2,118,117
353,35250130,0.13,318,2409.1,106,105
354,35250133,0.20,426,2095.4,249,239
355,35250134,0.34,766,2280.4,278,277
356,35250135,1.71,1665,972.4,541,535
357,35250136,0.26,351,1374.3,131,123
358,35250137,0.31,397,1263.5,141,137
359,35250144,1.27,1676,1318.5,528,515
360,35250145,0.17,373,2225.5,125,124
361,35250146,1.98,788,397.9,295,291
362,35250147,0.23,437,1872.3,160,157
363,35250148,0.17,430,2570.2,175,173
364,35250149,0.33,575,1744.0,191,191
365,35250150,0.27,452,1676.6,217,211
366,35250151,0.17,444,2614.8,162,162
367,35250152,0.99,1488,1502.1,574,567
368,35250153,0.24,558,2351.5,212,211
369,35250156,0.19,399,2112.2,135,132
370,35250158,2.81,513,182.4,173,169
371,35250159,0.32,440,1381.0,154,153
372,35250160,0.16,397,2455.2,127,127
373,35250161,0.26,700,2657.6,227,226
374,35250162,0.21,387,1847.3,140,138
375,35250163,0.55,558,1013.8,212,209
376,35250164,0.27,540,2029.3,270,260
377,35250172,8.84,513,58.0,170,170
378,35250173,8.61,1273,147.8,417,415
379,35250175,0.39,1637,4212.6,500,494
380,35250176,0.17,705,4216.5,220,219
381,35250177,0.16,765,4835.7,249,246
382,35250178,0.17,560,3311.6,179,177
383,35250179,0.14,638,4406.1,190,189
384,35250180,1.01,1608,1597.5,520,513
385,35250181,0.12,363,3151.0,118,118
386,35250183,0.05,232,4621.5,76,76
387,35250184,0.08,369,4761.3,123,123
388,35250185,0.32,685,2129.3,129,129
389,35250186,0.08,317,3837.8,107,107
390,35250188,0.12,718,6211.1,271,270
391,35250189,0.21,597,2910.8,182,181
392,35250190,0.11,426,3753.3,141,140
393,35250191,0.75,746,999.5,257,257
394,35250192,0.41,1417,3479.0,466,466
395,35250193,0.09,312,3470.5,118,118
396,35250194,0.12,486,4164.5,159,158
397,35250196,0.19,573,3080.6,195,195
398,35250197,0.14,496,3657.8,182,182
399,35250199,3.84,3055,795.1,1068,1049
400,35250200,0.71,535,756.9,238,233
401,35250201,0.07,278,3866.5,108,107
402,35250202,0.15,1115,7359.7,463,445
403,35250203,0.20,1094,5360.1,436,391
404,35250204,0.07,927,14152.7,387,365
405,35250205,0.05,237,4405.2,89,89
406,35250206,0.14,612,4288.7,236,236
407,35250207,0.06,306,4841.8,109,109
408,35250208,0.11,389,3601.9,155,155
409,35250209,0.11,332,3045.9,130,129
410,35250210,0.12,453,3905.2,167,166
411,35250211,0.06,309,5065.6,198,194
412,35250212,0.06,448,7818.5,225,224
413,35250213,0.59,377,638.8,166,161
414,35250216,0.11,403,3748.8,155,147
415,35250217,0.29,641,2201.2,233,231
416,35250218,0.25,561,2210.4,221,212
417,35250221,0.03,563,16131.8,341,331
418,35250222,0.27,535,1973.4,205,205
419,35250223,0.15,446,2920.8,189,189
420,35250224,0.08,415,5136.1,198,186
421,35250225,0.24,364,1492.4,146,143
422,35250226,0.06,496,8322.1,334,329
423,35250227,0.11,578,5499.5,273,273
424,35250230,0.34,507,1493.8,200,198
425,35250231,0.30,724,2432.0,277,271
426,35250232,0.21,875,4168.7,331,307
427,35250233,0.34,531,1574.7,214,207
428,35250234,0.11,390,3561.6,121,117
429,35250238,0.20,840,4144.1,387,321
430,35250239,0.07,437,6621.2,128,124
431,35250240,0.05,593,12052.8,283,240
432,35250241,0.11,277,2475.4,98,96
433,35250242,0.01,0,0.0,0,0
434,35250243,0.39,1192,3066.6,522,505
435,35250248,0.40,844,2120.1,296,295
436,35250249,0.17,508,3047.4,322,317
437,35250250,0.14,488,3367.8,200,200
438,35250251,0.08,393,4734.9,201,195
439,35250254,0.16,700,4321.0,334,333
440,35250255,0.21,527,2553.3,282,274
441,35250256,0.26,628,2447.4,309,294
442,35250257,0.09,571,6240.4,366,350
443,35250258,0.22,761,3460.7,449,441
444,35250259,0.29,514,1754.3,212,206
445,35250260,0.08,586,7270.5,332,331
446,35250261,0.16,471,3030.9,277,269
447,35250262,0.38,762,1985.9,295,293
448,35250263,0.60,871,1445.9,291,289
449,35250264,0.10,382,4021.1,126,126
450,35250265,0.20,453,2314.8,165,164
451,35250266,0.08,350,4599.2,141,141
452,35250267,0.35,485,1368.9,198,198
453,35250269,0.19,257,1341.3,94,94
454,35250270,0.11,304,2878.8,113,113
455,35250271,0.13,339,2554.6,129,129
456,35250272,0.16,417,2604.6,227,224
457,35250273,0.15,365,2488.1,136,136
458,35250274,0.18,995,5605.6,393,389
459,35250275,0.19,496,2634.1,186,184
460,35250276,0.25,618,2475.0,240,236
461,35250277,0.08,422,5041.8,182,178
462,35250278,0.38,425,1120.8,151,151
463,35250279,0.13,699,5208.6,240,240
464,35250280,0.14,398,2838.8,141,139
465,35250281,0.09,535,5879.1,204,198
466,35250282,0.18,550,3023.6,194,189
467,35250283,0.27,637,2362.8,232,231
468,35250284,0.11,387,3415.7,148,143
469,35250285,0.18,818,4494.5,316,314
470,35250286,0.10,330,3430.4,123,123
471,35250287,0.22,679,3106.1,227,225
472,35250288,0.14,443,3219.5,166,158
473,35250289,0.28,732,2578.4,221,213
474,35250290,0.20,636,3148.5,218,216
475,35250291,0.21,1080,5202.3,338,337
476,35250293,0.18,932,5166.3,380,380
477,35250294,0.14,456,3222.6,144,142
478,35250295,0.07,343,4591.7,117,117
479,35250296,0.23,449,1920.4,171,170
480,35250297,0.18,582,3297.5,206,203
481,35250298,1.12,548,488.4,171,169
482,35250299,0.27,583,2137.1,197,196
483,35250300,0.37,829,2228.5,284,284
484,35250302,0.31,405,1327.4,160,160
485,35250303,0.20,510,2590.1,197,197
486,35250304,0.22,551,2498.9,200,191
487,35250305,0.24,556,2359.9,206,204
488,35250306,0.17,402,2380.1,149,147
489,35250307,3.01,666,220.9,208,204
490,35250308,0.42,909,2186.7,336,336
491,35250309,0.07,357,4903.8,96,94
492,35250310,0.09,393,4163.1,127,125
493,35250311,0.10,580,5669.6,212,207
494,35250312,0.14,380,2664.8,123,123
495,35250313,2.21,719,325.0,336,312
496,35250315,0.32,715,2249.1,442,438
497,35250316,1.96,669,341.0,306,305
498,35250317,0.19,503,2708.7,211,207
499,35250318,4.59,115,25.0,50,47
500,35250319,0.04,420,10659.9,196,186
501,35250320,0.10,495,4925.4,187,187
502,35250321,0.23,327,1453.3,152,145
503,35250322,0.17,413,2439.5,178,174
504,35250323,0.14,529,3683.8,231,220
505,35250324,0.41,948,2317.3,327,310
506,35250326,0.10,373,3756.3,141,134
507,35250327,0.12,759,6145.7,256,247
508,35250328,0.09,395,4603.7,169,161
509,35250329,0.11,514,4872.0,209,199
510,35250330,0.10,448,4480.0,186,177
511,35250331,0.12,433,3745.7,163,159
512,35250332,0.15,564,3863.0,223,223
513,35250333,0.21,609,2839.2,260,255
514,35250334,0.40,516,1288.7,268,262
515,35250335,0.13,398,3035.9,190,185
516,35250336,0.14,506,3548.4,207,206
517,35250337,0.12,780,6341.5,428,419
518,35250338,0.06,744,12137.0,414,404
519,35250339,0.19,538,2848.1,233,228
520,35250340,0.08,270,3400.5,116,113
521,35250341,0.17,638,3764.0,369,345
522,35250342,0.12,532,4300.7,191,188
523,35250343,1.58,498,315.1,203,202
524,35250344,0.18,503,2774.4,214,214
525,35250345,0.12,399,3333.3,163,162
526,35250346,0.13,438,3374.4,187,185
527,35250347,0.13,447,3451.7,189,189
528,35250348,0.25,542,2182.8,187,186
529,35250349,0.12,470,3952.9,175,175
530,35250350,0.10,607,5797.5,335,324
531,35250351,0.04,369,9389.3,224,224
532,35250352,0.18,551,3092.0,267,251
533,35250353,0.07,557,7630.1,305,292
534,35250354,0.32,562,1741.6,216,213
535,35250355,0.25,593,2405.7,254,247
536,35250356,0.29,621,2137.7,249,246
537,35250357,0.12,481,3857.3,200,200
538,35250358,0.17,553,3270.3,258,258
539,35250359,0.12,461,3900.2,204,201
540,35250360,0.15,477,3180.0,207,203
541,35250361,0.13,485,3803.9,216,215
542,35250362,0.11,484,4344.7,226,223
543,35250363,0.07,409,5688.5,216,208
544,35250364,0.02,243,9878.0,146,136
545,35250365,0.13,928,6899.6,593,573
546,35250366,0.07,744,10674.3,416,407
547,35250367,0.15,543,3542.1,238,228
548,35250368,0.08,513,6056.7,270,255
549,35250369,0.11,496,4584.1,204,203
550,35250370,0.08,416,5104.3,200,187
551,35250371,0.12,508,4268.9,221,205
552,35250372,0.15,525,3389.3,220,215
553,35250373,0.12,439,3572.0,192,190
554,35250374,0.17,484,2898.2,195,194
555,35250375,0.11,514,4524.6,220,218
556,35250376,0.13,465,3684.6,201,200
557,35250377,0.16,587,3641.4,249,243
558,35250378,0.11,459,4338.4,211,208
559,35250379,0.08,361,4262.1,176,170
560,35250380,0.22,461,2144.2,179,176
561,35250381,0.15,445,2947.0,191,191
562,35250382,0.16,502,3074.1,207,205
563,35250383,0.07,619,8633.2,359,338
564,35250384,0.18,468,2601.4,185,164
565,35250385,0.17,489,2861.3,214,199
566,35250387,0.29,447,1543.5,162,154
567,35250388,0.11,539,5070.6,200,195
568,35250389,0.08,394,4894.4,175,169
569,35250390,0.08,503,6126.7,281,270
570,35250391,0.07,509,7419.8,323,305
571,35250392,0.09,524,5920.9,272,260
572,35250393,0.04,437,11591.5,296,271
573,35250394,0.02,740,40659.3,478,436
574,35250395,0.02,683,33155.3,484,442
575,35250396,0.02,591,33771.4,348,341
576,35250397,0.01,539,36917.8,374,341
577,35250398,0.01,264,34285.7,290,259
578,35250399,0.05,730,15082.6,782,684
579,35250400,0.05,662,13966.2,480,438
580,35250401,0.02,624,25263.2,451,385
581,35250402,0.06,480,8556.1,279,263
582,35250403,0.11,643,5861.4,424,400
583,35250404,0.07,444,6406.9,227,216
584,35250405,0.08,411,4841.0,235,211
585,35250406,0.09,662,7363.7,414,386
586,35250407,0.08,641,8062.9,304,274
587,35250408,0.15,454,2938.5,299,208
588,35250409,0.08,377,4472.1,266,229
589,35250410,0.76,436,573.8,233,218
590,35250411,0.11,492,4641.5,227,218
591,35250412,0.04,540,12107.6,403,389
592,35250413,0.08,556,7413.3,254,235
593,35250416,0.19,501,2693.5,227,210
594,35250417,0.05,559,11719.1,302,271
595,35250418,0.01,524,36643.4,353,315
596,35250419,0.31,815,2641.8,407,364
597,35250420,0.21,932,4385.9,600,566
598,35250421,0.04,629,17619.0,431,412
599,35250422,0.04,727,17025.8,627,580
600,35250423,0.03,694,23288.6,458,438
601,35250424,0.04,549,12887.3,442,419
602,35250425,0.06,802,13322.3,577,511
603,35250426,0.12,513,4215.3,270,255
604,35250427,0.11,326,2960.9,226,192
605,35250428,0.02,586,37806.5,345,321
606,35250429,0.03,364,13093.5,202,196
607,35250430,0.09,450,5202.3,297,275
608,35250431,0.06,524,9390.7,340,325
609,35250434,0.09,1427,15595.6,885,779
610,35250435,0.06,451,8155.5,291,250
611,35250436,0.05,504,9455.9,317,297
612,35250437,0.10,464,4553.5,321,274
613,35250438,0.07,317,4580.9,225,204
614,35250439,0.03,606,21115.0,308,292
615,35250440,0.08,616,8020.8,495,431
616,35250441,0.42,566,1352.4,346,329
617,35250442,0.19,605,3189.2,328,299
618,35250443,0.11,468,4337.3,202,193
619,35250444,0.17,529,3075.6,346,327
620,35250445,0.31,414,1335.5,180,170
621,35250446,0.08,532,7018.5,275,241
622,35250447,0.04,458,10504.6,183,148
623,35250448,0.10,720,7476.6,469,366
624,35250449,0.05,409,8891.3,249,197
625,35250450,0.06,508,8668.9,247,230
626,35250451,0.02,233,9872.9,148,127
627,35250452,0.04,327,7534.6,211,181
628,35250453,0.04,432,9931.0,227,200
629,35250454,0.06,644,10627.1,390,355
630,35250455,0.06,631,10954.9,290,257
631,35250456,0.09,591,6508.8,406,338
632,35250457,0.01,0,0.0,0,0
633,35250458,0.02,435,23770.5,266,245
634,35250459,0.12,742,6052.2,448,325
635,35250460,0.06,340,6017.7,168,147
636,35250461,0.06,446,7068.1,190,165
637,35250462,0.06,391,6388.9,190,164
638,35250463,0.06,398,6277.6,239,208
639,35250464,0.07,354,5331.3,190,169
640,35250465,0.01,585,53181.8,350,266
641,35250466,0.13,462,3465.9,191,164
642,35250467,0.10,823,7845.6,647,515
643,35250468,0.20,552,2807.7,350,248
644,35250471,0.06,421,6557.6,215,167
645,35250472,0.11,442,3901.1,275,233
646,35250473,0.18,443,2518.5,172,135
647,35250474,0.16,719,4576.7,369,325
648,35250475,0.16,443,2739.6,279,216
649,35250476,0.06,465,7815.1,203,165
650,35250477,0.06,521,8179.0,252,209
651,35250478,0.07,393,6027.6,178,152
652,35250479,0.10,598,5956.2,274,239
653,35250480,0.09,495,5339.8,247,221
654,35250481,0.05,397,8446.8,180,143
655,35250482,0.08,506,6437.7,197,182
656,35250483,0.09,456,4935.1,195,169
657,35250484,1.56,416,266.8,175,155
658,35250485,0.12,544,4677.6,221,211
659,35250486,0.11,658,5797.4,302,295
660,35250487,0.07,379,5249.3,178,161
661,35250488,0.14,455,3157.5,186,176
662,35250489,0.09,366,4202.1,156,148
663,35250490,0.11,415,3793.4,155,146
664,35250491,0.06,354,6061.6,111,92
665,35250492,0.06,368,6630.6,166,145
666,35250493,0.06,387,5981.5,184,172
667,35250494,0.06,348,5780.7,211,187
668,35250495,0.08,458,5775.5,196,175
669,35250496,0.50,233,466.8,240,147
670,35250497,0.25,663,2626.8,308,264
671,35250498,0.13,525,3941.4,262,228
672,35250499,1.64,520,317.5,247,238
673,35250501,0.11,543,5089.0,225,217
674,35250502,0.11,524,4838.4,234,202
675,35250503,0.25,493,1980.7,275,232
676,35250504,0.05,609,12902.5,351,296
677,35250506,1.07,489,455.4,211,204
678,35250507,0.09,557,6100.8,238,226
679,35250508,0.10,495,4876.8,199,191
680,35250509,0.12,573,4654.8,267,248
681,35250510,0.11,540,5070.4,220,211
682,35250511,0.12,720,5945.5,337,320
683,35250512,0.08,418,5110.0,239,216
684,35250513,0.14,504,3654.8,287,260
685,35250514,1.91,865,452.4,349,347
686,35250515,0.24,401,1675.7,162,152
687,35250516,0.81,808,1003.0,326,296
688,35250517,0.13,378,2827.2,144,140
689,35250518,0.18,315,1750.0,126,125
690,35250519,0.22,638,2854.6,258,248
691,35250520,0.20,679,3333.3,272,264
692,35250521,0.15,521,3546.6,207,198
693,35250522,0.07,239,3394.9,96,96
694,35250523,0.14,505,3724.2,181,179
695,35250524,0.11,358,3290.4,135,130
696,35250525,0.16,385,2349.0,148,143
697,35250526,0.38,1299,3448.4,558,536
698,35250527,0.16,443,2775.7,176,174
699,35250528,0.11,402,3532.5,172,172
700,35250529,0.21,456,2213.6,171,169
701,35250530,0.14,469,3312.1,166,165
702,35250531,0.11,450,4269.4,167,163
703,35250532,0.10,407,4002.0,154,154
704,35250533,0.06,783,12794.1,398,391
705,35250534,0.09,484,5301.2,244,241
706,35250535,0.26,637,2465.2,216,213
707,35250536,0.25,451,1819.3,235,218
708,35250537,0.15,632,4166.1,274,273
709,35250538,0.16,588,3788.7,241,235
710,35250539,0.20,665,3338.4,256,249
711,35250540,0.19,582,3037.6,253,250
712,35250541,0.23,539,2348.6,215,208
713,35250542,0.23,476,2034.2,222,217
714,35250545,0.20,406,1983.4,161,157
715,35250546,0.13,394,3033.1,252,244
716,35250547,0.14,394,2739.9,152,151
717,35250548,0.09,685,8021.1,296,294
718,35250549,0.11,510,4683.2,242,239
719,35250550,0.12,468,3986.4,197,194
720,35250551,0.12,483,3888.9,203,201
721,35250552,0.12,463,3991.4,154,154
722,35250553,0.10,522,5019.2,197,190
723,35250554,0.11,510,4657.5,204,199
724,35250555,0.09,404,4469.0,169,168
725,35250556,0.13,522,3927.8,231,217
726,35250557,0.13,714,5604.4,298,281
727,35250558,0.13,491,3785.7,205,199
728,35250559,0.11,475,4222.2,194,193
729,35250560,0.13,520,4104.2,339,328
730,35250561,0.16,383,2378.9,162,161
731,35250562,0.17,505,2927.5,238,231
732,35250563,0.09,562,6336.0,279,262
733,35250564,0.15,503,3346.6,222,218
734,35250565,0.20,705,3595.1,270,263
735,35250566,0.17,459,2648.6,176,173
736,35250567,0.10,543,5297.6,250,248
737,35250568,0.12,631,5249.6,327,318
738,35250569,0.14,447,3190.6,168,167
739,35250570,0.10,502,4888.0,178,177
740,35250571,0.04,426,10314.8,260,260
741,35250572,1.04,540,521.6,228,222
742,35250573,0.23,1173,5162.9,388,385
743,35250574,0.09,423,4587.9,136,136
744,35250578,0.12,786,6555.5,238,233
745,35250579,0.08,447,5679.8,140,140
746,35250580,0.05,355,7085.8,129,124
747,35250581,0.20,826,4207.8,269,267
748,35250582,0.09,632,6945.1,232,230
749,35250583,0.31,575,1839.4,190,186
750,35250585,0.12,607,4919.0,178,176
751,35250586,0.36,1493,4154.1,442,440
752,35250587,0.06,338,5577.6,107,107
753,35250588,0.10,438,4315.3,153,151
754,35250589,0.16,685,4270.6,224,224
755,35250590,0.08,390,4593.6,135,132
756,35250591,0.22,730,3331.8,221,219
757,35250592,0.21,522,2446.1,186,182
758,35250593,0.13,620,4761.9,137,133
759,35250594,0.13,611,4653.5,208,205
760,35250595,0.10,471,4714.7,156,156
761,35250596,0.26,616,2364.7,208,205
762,35250597,0.11,396,3600.0,143,142
763,35250598,0.12,437,3764.0,151,150
764,35250599,0.05,469,9493.9,281,280
765,35250600,0.11,406,3580.2,158,157
766,35250601,0.10,618,6173.8,398,391
767,35250602,0.07,485,7326.3,270,270
768,35250603,0.30,695,2317.4,244,243
769,35250604,0.15,489,3260.0,221,221
770,35250605,0.10,487,5104.8,160,160
771,35250606,0.13,536,3997.0,223,223
772,35250607,0.24,477,2007.6,177,171
773,35250608,0.06,442,7673.6,136,135
774,35250609,0.09,523,5557.9,179,179
775,35250610,0.13,547,4085.1,181,181
776,35250611,0.11,491,4654.0,164,164
777,35250612,0.15,665,4352.1,217,217
778,35250613,0.25,1083,4377.5,377,377
779,35250614,0.07,382,5701.5,120,119
780,35250615,0.15,414,2681.3,141,140
781,35250616,0.04,275,7033.2,92,90
782,35250617,0.06,477,8252.6,170,170
783,35250618,0.05,266,4935.1,84,84
784,35250619,0.16,476,2978.7,162,161
785,35250620,0.16,447,2773.0,132,129
786,35250621,0.12,758,6172.6,292,290
787,35250622,0.07,434,6391.8,153,151
788,35250623,0.07,394,5693.6,137,137
789,35250624,0.27,733,2697.8,254,253
790,35250625,0.16,423,2682.3,169,163
791,35250626,0.20,528,2588.2,215,209
792,35250627,0.07,530,7191.3,166,163
793,35250628,0.08,421,5223.3,252,252
794,35250629,0.65,917,1406.2,423,417
795,35250630,0.10,438,4211.5,147,147
796,35250631,0.14,501,3573.5,194,192
797,35250632,0.06,635,11238.9,331,311
798,35250633,0.09,248,2643.9,88,88
799,35250634,0.22,778,3526.7,289,289
800,35250635,0.07,402,5946.7,137,137
801,35250636,0.24,975,4131.4,306,306
802,35250637,0.51,1315,2588.1,487,483
803,35250638,0.04,250,6172.8,91,91
804,35250639,0.11,682,6303.1,208,207
805,35250640,0.08,524,6290.5,185,184
806,35250641,0.08,438,5341.5,142,142
807,35250642,0.12,708,5895.1,191,191
808,35250643,0.12,551,4638.0,164,162
809,35250644,0.07,314,4531.0,100,99
810,35250645,0.38,609,1584.7,194,193
811,35250646,0.25,888,3542.1,262,258
812,35250647,0.37,846,2294.5,273,272
813,35250648,0.21,984,4712.6,321,321
814,35250649,0.11,730,6600.4,221,220
815,35250650,0.11,698,6210.0,172,169
816,35250651,0.16,306,1897.1,95,95
817,35250652,0.15,703,4740.4,209,203
818,35250655,0.83,1767,2123.8,568,547
819,35250656,0.08,549,6931.8,178,178
820,35250657,0.11,659,6234.6,205,204
821,35250658,0.06,273,4482.8,95,95
822,35250659,0.09,620,6702.7,187,186
823,35250661,0.49,1227,2515.9,402,391
824,35250662,0.48,1767,3657.6,535,527
825,35250663,0.17,755,4472.7,240,238
826,35250664,0.13,431,3420.6,182,179
827,35250665,0.21,497,2352.1,183,181
828,35250666,0.15,440,2892.8,174,170
829,35250667,0.12,240,2051.3,221,102
830,35250668,0.13,345,2561.2,264,163
831,35250669,0.20,340,1714.6,344,145
832,35250670,0.43,299,692.1,202,115
833,35250671,0.15,291,1957.0,292,134
834,35250672,0.18,345,1910.3,367,159
835,35250675,0.11,418,3755.6,253,177
836,35250676,0.10,394,3766.7,216,157
837,35250677,0.10,472,4604.9,203,162
838,35250678,1.46,452,309.4,172,151
839,35250679,0.77,556,726.8,531,236
840,35250680,0.40,429,1077.1,297,169
841,35250681,0.61,835,1369.1,437,322
842,35250692,0.64,477,743.7,195,180
843,35250693,0.20,404,2038.3,223,163
844,35250694,0.09,402,4521.9,218,177
845,35250695,0.02,480,20083.7,204,145
846,35250696,0.09,399,4308.9,194,155
847,35250700,0.06,490,7954.5,252,217
848,35250701,0.06,546,9578.9,231,204
849,35250702,0.05,525,10038.2,195,181
850,35250703,0.10,479,4637.0,221,202
851,35250704,0.29,586,2041.1,253,230
852,35250705,0.17,493,2864.6,219,203
853,35250706,0.07,459,6236.4,199,182
854,35250707,0.06,423,7677.0,184,172
855,35250708,0.32,686,2171.6,297,280
856,35250709,0.07,489,6680.3,227,204
857,35250710,0.06,452,7266.9,200,183
858,35250711,0.05,356,6781.0,153,143
859,35250712,0.07,390,5847.1,171,157
860,35250713,0.09,402,4432.2,187,166
861,35250714,0.07,521,7753.0,249,230
862,35250715,0.08,510,6035.5,236,218
863,35250716,0.07,590,8464.8,292,268
864,35250717,0.12,481,4182.6,261,224
865,35250718,0.06,398,6513.9,227,184
866,35250719,0.06,423,7408.1,251,201
867,35250720,0.08,579,7608.4,324,270
868,35250721,0.08,588,6950.4,328,258
869,35250724,0.10,516,5212.1,252,209
870,35250725,0.08,452,5685.5,185,169
871,35250726,0.11,587,5269.3,289,254
872,35250727,0.09,399,4423.5,109,105
873,35250728,0.07,508,7650.6,245,213
874,35250729,0.08,415,5453.4,228,209
875,35250730,0.07,676,10074.5,401,380
876,35250731,0.33,595,1784.6,318,307
877,35250732,0.40,449,1110.0,167,165
878,35250733,0.10,599,5804.3,241,228
879,35250734,0.09,521,5853.9,274,241
880,35250735,0.11,482,4538.6,193,193
881,35250736,0.14,519,3788.3,224,209
882,35250737,0.10,450,4356.2,185,184
883,35250738,0.11,525,4888.3,204,198
884,35250739,0.10,532,5473.3,239,237
885,35250740,0.12,596,5012.6,240,231
886,35250741,0.12,513,4418.6,236,235
887,35250742,0.18,519,2854.8,210,207
888,35250743,0.11,419,3812.6,189,184
889,35250744,0.29,673,2357.3,295,289
890,35250745,0.10,446,4338.5,185,182
891,35250746,0.10,361,3650.2,167,166
892,35250747,0.08,383,4935.6,182,177
893,35250748,0.10,411,4155.7,186,181
894,35250749,0.12,472,3831.2,191,190
895,35250750,0.36,485,1346.1,221,216
896,35250753,0.45,443,994.8,189,179
897,35250754,0.11,431,3814.2,184,174
898,35250755,0.10,407,4013.8,189,179
899,35250756,1.48,493,332.2,196,193
900,35250757,5.45,458,84.1,211,196
901,35250758,0.09,393,4522.4,179,172
902,35250759,0.14,494,3556.5,226,219
903,35250760,0.10,479,4575.0,212,200
904,35250761,0.09,465,5230.6,204,201
905,35250762,0.09,576,6233.8,310,267
906,35250763,0.09,484,5654.2,216,209
907,35250764,0.07,457,6575.5,204,201
908,35250765,0.08,484,5902.4,222,216
909,35250766,0.10,499,4858.8,244,231
910,35250767,0.07,448,6029.6,214,190
911,35250768,0.09,488,5428.3,210,196
912,35250769,0.07,437,6251.8,211,206
913,35250770,0.38,519,1363.6,301,247
914,35250771,0.09,490,5524.2,245,221
915,35250772,0.08,439,5399.8,206,176
916,35250773,0.08,567,7316.1,261,236
917,35250774,0.12,452,3811.1,202,200
918,35250775,4.33,475,109.8,227,205
919,35250776,0.62,382,613.8,191,176
920,35250777,0.08,486,5848.4,244,232
921,35250778,0.08,406,5272.7,187,182
922,35250779,0.07,379,5191.8,171,165
923,35250780,0.08,460,5623.5,203,193
924,35250781,0.08,401,4790.9,221,202
925,35250782,0.09,428,4959.4,207,179
926,35250783,0.09,511,5524.3,260,248
927,35250784,0.09,478,5095.9,211,201
928,35250785,0.10,463,4807.9,201,196
929,35250786,0.10,527,5166.7,209,203
930,35250787,1.25,673,540.6,340,305
931,35250788,0.58,503,872.1,291,241
932,35250789,0.12,538,4328.2,225,223
933,35250790,0.10,546,5290.7,238,230
934,35250791,0.28,420,1476.3,187,184
935,35250792,0.08,582,7063.1,265,237
936,35250793,0.36,501,1396.7,208,203
937,35250798,0.08,337,4399.5,195,144
938,35250799,0.06,489,7977.2,218,188
939,35250800,0.06,501,8667.8,216,197
940,35250801,0.10,871,8632.3,449,430
941,35250802,0.14,424,3081.4,219,201
942,35250803,2.09,387,185.5,197,171
943,35250804,0.70,2348,3335.2,887,885
944,35250805,1.90,1224,644.9,412,402
945,35250806,1.54,466,302.0,145,145
946,35250807,1.09,1089,1003.0,364,361
947,35250810,3.32,878,264.3,321,316
948,35250812,12.56,424,33.8,158,156
949,35250813,12.40,524,42.3,179,176
950,35250814,22.20,490,22.1,174,166
951,35250815,15.80,1474,93.3,559,553
952,35250826,0.42,885,2129.5,351,342
953,35250827,0.10,322,3181.8,143,141
954,35250828,0.12,321,2776.8,137,132
955,35250829,0.15,444,2934.6,250,235
956,35250830,0.19,508,2735.6,254,245
957,35250831,0.31,1349,4314.0,638,630
958,35250832,0.11,680,6181.8,195,189
959,35250833,0.19,356,1885.6,144,141
960,35250834,0.12,411,3537.0,153,152
961,35250835,0.28,436,1555.5,194,186
962,35250836,0.11,402,3573.3,177,176
963,35250843,0.26,1163,4437.2,369,368
964,35250845,0.54,1720,3175.2,1000,937
965,35250846,0.10,966,9324.3,681,671
966,35250847,0.06,680,10914.9,452,282
967,35250848,0.71,1184,1662.2,525,442
968,35250849,0.32,1261,3976.7,419,415
969,35250850,0.23,1052,4579.9,510,488
970,35250851,0.17,2497,15096.7,1103,1069
971,35250852,0.11,1906,17470.2,921,883
972,35250853,0.03,1334,41046.2,493,462
973,35250854,0.20,1013,5184.2,667,502
974,35250855,0.27,1107,4057.9,558,458
975,35250857,0.24,584,2485.1,218,214
976,35250859,0.13,877,6900.1,282,282
977,35250860,0.65,2301,3547.1,605,605
978,35250861,0.12,503,4244.7,135,134
979,35250862,17.32,553,31.9,199,194
980,35250863,13.03,433,33.2,121,116
981,35250864,0.73,527,723.1,201,199
982,35250865,12.29,597,48.6,234,230
983,35250866,6.56,572,87.3,193,187
984,35250867,4.68,534,114.2,175,172
985,35250868,4.81,433,90.1,151,145
986,35250869,0.53,523,983.3,175,173
987,35250870,1.24,784,632.3,270,266
988,35250871,5.41,530,98.0,193,189
989,35250872,8.93,711,79.6,228,226
990,35250873,4.95,660,133.3,229,223
991,35250874,14.76,709,48.0,256,251
992,35250875,8.02,770,96.0,265,263
993,35250876,11.25,468,41.6,146,144
994,35250877,3.37,620,183.9,172,171
995,35250878,0.25,513,2071.1,178,178
996,35250879,0.44,719,1643.1,292,288
997,35250880,0.21,529,2563.0,248,246
998,35250881,0.17,621,3554.7,293,291
999,35250882,0.21,854,4080.3,329,327
1000,35250883,0.15,599,3909.9,202,202
1001,35250884,0.14,583,4264.8,176,176
1002,35250885,0.11,549,4959.3,162,162
1003,35250886,0.12,539,4499.2,168,168
1004,35250887,0.19,722,3871.3,225,225
1005,35250888,0.20,523,2605.9,168,168
1006,35250889,0.60,560,938.3,191,189
1007,35250890,0.73,445,611.0,140,140
1008,35250891,0.10,505,4931.6,147,147
1009,35250892,5.11,2783,544.7,983,977
1010,35250893,11.85,585,49.4,205,191
1011,35250894,9.14,476,52.1,178,174
1012,35250895,19.96,592,29.7,212,207
1013,35250896,17.79,486,27.3,175,167
1014,35250897,21.97,595,27.1,212,208
1015,35250898,14.43,498,34.5,177,171
1016,35250899,16.05,494,30.8,188,178
1017,35250900,10.14,427,42.1,143,137
1018,35250901,13.75,548,39.8,185,181
1019,35250902,6.67,480,72.0,174,170
1020,35250903,22.90,628,27.4,216,210
1021,35250904,14.87,618,41.6,203,199
1022,35250905,21.26,581,27.3,232,219
1023,35250906,19.06,603,31.6,217,203
1024,35250907,25.28,499,19.7,164,161
1025,35250908,12.61,550,43.6,173,167
1026,35250909,0.43,1846,4281.1,570,559
1027,35250910,0.38,1367,3602.1,407,404
1028,35250911,0.14,714,4989.5,199,199
1029,35250912,0.17,709,4217.7,206,206
1030,35250913,0.26,670,2621.3,255,254
1031,35250914,0.13,458,3592.2,190,188
1032,35250918,1.19,1902,1597.6,1107,1105
1033,35250919,2.04,684,335.6,226,226
1034,35250920,4.06,1326,326.4,443,428
1035,35250921,11.75,763,64.9,291,283
1036,35250922,17.11,721,42.1,233,231
1037,35250923,7.38,463,62.7,161,156
1038,35250924,11.62,406,34.9,158,142
1039,35250925,12.26,593,48.4,216,214
1040,35250928,24.19,496,20.5,172,165
1041,35250929,21.41,651,30.4,226,221
1042,35250930,32.12,657,20.5,222,222
1043,35250931,22.03,641,29.1,222,219
1044,35250932,15.21,450,29.6,212,208
1045,35250933,27.82,489,17.6,170,170
1046,35250934,23.03,453,19.7,165,157
1047,35250935,4.96,1050,211.5,550,545
1048,35250936,30.07,469,15.6,177,172
1049,35250937,4.39,960,218.8,368,359
1050,35250938,6.50,714,109.9,271,261
1051,35250939,0.66,581,886.9,214,212
1052,35250940,5.57,471,84.6,178,175
1053,35250941,8.50,781,91.9,277,268
1054,35250942,12.34,486,39.4,178,175
1055,35250943,1.56,923,590.2,347,344
1056,35250944,0.22,529,2447.9,175,175
1057,35250945,0.17,650,3866.7,229,226
1058,35250946,0.29,449,1566.6,203,198
1059,35250947,0.79,705,893.4,263,257
1060,35250948,3.21,1340,418.0,427,418
1061,35250949,0.20,446,2275.5,154,154
1062,35250950,0.09,461,5379.2,151,149
1063,35250951,0.10,587,6002.0,173,173
1064,35250952,1.41,2064,1465.2,724,720
1065,35250953,0.05,364,6691.2,176,143
1066,35250954,0.06,440,6790.1,194,147
1067,35250955,0.05,467,9609.1,147,128
1068,35250956,0.05,676,13439.4,515,481
1069,35250957,0.09,505,5934.2,262,227
1070,35250958,0.07,470,6831.4,259,219
1071,35250959,0.06,490,8046.0,233,193
1072,35250960,0.06,471,8148.8,220,203
1073,35250961,0.06,451,7954.1,214,176
1074,35250962,0.20,656,3308.1,375,305
1075,35250963,0.33,2884,8841.2,1729,1607
1076,35250964,0.51,567,1106.6,312,270
1077,35250965,0.12,379,3034.4,217,184
1078,35250966,0.38,120,319.7,0,0
1079,35250967,0.46,506,1104.1,170,170
1080,35250968,0.17,501,2901.0,267,184
1081,35250969,0.17,514,3032.4,241,199
1082,35250970,0.09,509,5974.2,257,244
1083,35250971,9.85,434,44.1,158,152
1084,35250972,7.69,431,56.1,159,156
1085,35250973,6.49,457,70.5,167,162
1086,35250974,12.94,443,34.2,155,149
1087,35250975,17.96,432,24.1,165,157
1088,35250976,10.59,321,30.3,117,113
1089,35250978,4.04,2428,601.5,750,741
1090,35250980,9.67,335,34.7,129,122
1091,35250981,0.64,2436,3815.2,677,672
1092,35250982,0.16,336,2113.2,245,234
1093,35250983,0.16,437,2779.9,150,149
1094,35250985,0.45,1186,2664.0,368,367
1095,35250986,1.07,1447,1352.2,443,442
1096,35250987,0.58,801,1388.2,290,283
1097,35250988,0.66,1133,1713.0,353,351
1098,35250989,0.29,1106,3772.2,347,344
1099,35250990,0.15,586,4030.3,224,224
1100,35250991,0.41,690,1671.9,256,256
1101,35250992,4.87,494,101.5,156,150
1102,35250993,0.09,364,4080.7,55,55
1103,35250994,0.31,1205,3873.4,383,381
1104,35250995,0.13,1838,14404.4,881,861
1105,35250996,0.47,1256,2656.5,412,412
1106,35250997,0.58,1137,1974.6,567,567
1107,35250998,1.49,589,395.0,225,223
1108,35250999,0.74,1009,1365.0,360,354
1109,35251000,0.12,379,3140.0,106,106
1110,35251001,0.31,602,1932.6,173,173
1111,35251002,0.08,523,6792.2,177,177
1112,35251003,0.10,388,3915.2,141,141
1113,35251004,0.09,479,5569.8,195,194
1114,35251005,0.24,1048,4366.7,274,274
1115,35251006,0.82,884,1078.0,306,306
1116,35251007,0.66,905,1381.7,345,342
1117,35251008,0.20,427,2167.5,150,150
1118,35251009,0.49,925,1882.8,328,327
1119,35251010,0.31,670,2129.0,211,210
1120,35251011,1.87,778,415.3,209,205
1121,35251012,0.11,607,5488.2,168,168
1122,35251013,0.23,984,4332.9,272,268
1123,35251014,0.22,373,1734.1,118,118
1124,35251015,0.13,702,5338.4,223,223
1125,35251016,0.12,523,4221.1,152,151
1126,35251017,0.08,535,6867.8,148,147
1127,35251018,0.50,872,1746.8,265,259
1128,35251019,0.13,392,2983.3,132,131
1129,35251020,1.85,979,530.6,340,336
1130,35251021,0.41,689,1699.6,227,227
1131,35251022,0.75,1857,2481.3,578,574
1132,35251023,0.23,972,4153.8,299,297
1133,35251024,0.67,1173,1750.2,400,392
1134,35251025,0.25,874,3490.4,357,327
1135,35251026,1.27,595,468.1,239,236
1136,35260307,0.30,795,2612.6,277,274
1137,35260309,0.78,1396,1787.0,484,479
1138,35260310,0.10,427,4343.8,147,145
1139,35260311,0.51,947,1871.2,409,400
1140,35260313,0.28,550,1953.1,233,229
1141,35260314,0.17,528,3069.8,190,190
1142,35260315,0.30,458,1547.3,187,185
1143,35260316,0.49,503,1024.9,238,223
1144,35260317,0.15,430,2777.8,170,169
1145,35260318,0.18,479,2617.5,188,183
1146,35260319,0.18,368,2066.3,161,156
1147,35260320,0.34,434,1279.1,166,163
1148,35260321,0.47,630,1348.5,390,373
1149,35260322,0.24,436,1800.2,223,210
1150,35260323,0.77,514,665.5,221,220
1151,35260324,0.41,669,1644.9,297,289
1152,35260325,0.17,402,2325.0,265,256
1153,35260326,0.35,680,1963.6,202,201
1154,35260327,0.39,364,939.8,130,129
1155,35260328,0.19,335,1724.1,123,123
1156,35260330,0.18,514,2825.7,184,184
1157,35260332,5.59,420,75.1,158,152
1158,35260333,20.12,611,30.4,215,206
1159,35260334,10.16,459,45.2,168,163
1160,35260335,0.92,1733,1874.9,656,646
1161,35260336,0.47,1574,3368.3,578,575
1162,35260337,1.72,319,185.1,129,126
1163,35260338,2.81,1747,622.2,738,712
1164,35260339,0.41,579,1422.6,206,206
1165,35260340,1.63,1179,722.7,413,404
1166,35260341,3.15,576,182.8,222,221
1167,35260342,10.12,503,49.7,174,170
1168,35260734,0.99,1567,1590.5,575,570
1169,35260828,0.13,691,5179.9,232,228
1170,35260829,0.39,493,1259.6,203,202
1171,35260830,2.25,938,417.4,345,338
1172,35260831,0.11,447,4108.5,146,146
1173,35260832,0.25,868,3518.4,300,295
1174,35260833,0.75,751,998.8,238,235
