geo_code,,Secondary (high) school diploma or equivalency certificate,"College, CEGEP or other non-university certificate or diploma",University certificate or diploma below bachelor level,Bachelor's degree,"Degree in medicine, dentistry, veterinary medicine or optometry",Master's degree,Earned doctorate
35240317,female,135,120,10,90,0,20,0
35240317,male,80,95,0,70,0,10,0
35240318,female,90,80,0,90,0,10,10
35240318,male,65,75,10,55,0,15,0
35240319,female,40,50,0,45,0,10,0
35240319,male,25,30,0,75,0,15,0
35240320,female,80,110,0,40,0,20,0
35240320,male,60,45,0,45,0,15,0
35240321,female,75,80,0,85,0,20,0
35240321,male,80,70,0,75,0,15,10
35240322,female,75,40,0,50,0,10,0
35240322,male,75,30,0,60,0,10,0
35240323,female,65,70,10,45,0,10,10
35240323,male,105,60,0,45,10,10,0
35240324,female,80,115,0,70,0,10,0
35240324,male,95,80,0,45,0,0,0
35240325,female,75,60,10,50,10,0,0
35240325,male,45,40,0,40,0,10,10
35240326,female,70,70,15,15,0,0,0
35240326,male,70,50,0,25,0,10,0
35240327,female,45,65,10,50,0,0,0
35240327,male,60,35,10,35,0,15,10
35240328,female,95,40,0,20,0,10,0
35240328,male,65,40,0,25,0,10,0
35240329,female,90,90,10,25,0,10,0
35240329,male,85,75,0,40,0,0,0
35240330,female,90,70,0,40,0,10,0
35240330,male,90,45,10,20,0,15,0
35240331,female,100,135,10,65,0,15,0
35240331,male,105,80,0,50,0,15,0
35240332,female,65,50,0,15,0,0,0
35240332,male,80,20,0,10,0,0,0
35240333,female,35,70,0,30,0,10,0
35240333,male,55,20,0,15,0,0,0
35240334,female,65,60,0,15,0,0,0
35240334,male,75,45,0,10,0,0,0
35240335,female,55,40,10,20,0,0,0
35240335,male,45,50,0,20,0,0,0
35240336,female,70,50,10,25,0,0,0
35240336,male,60,20,0,25,0,15,0
35240337,female,60,70,10,15,0,0,0
35240337,male,85,40,0,10,0,15,0
35240338,female,110,70,0,45,0,20,0
35240338,male,120,65,10,35,0,0,0
35240339,female,215,170,15,70,0,20,0
35240339,male,130,90,10,55,0,25,10
35240340,female,50,55,0,35,0,0,0
35240340,male,50,40,0,35,0,0,0
35240341,female,130,115,10,60,0,15,0
35240341,male,100,75,0,45,0,15,0
35240342,female,115,70,10,55,0,10,0
35240342,male,75,65,0,80,0,15,10
35240343,female,25,50,0,30,0,10,0
35240343,male,10,55,0,35,0,0,0
35240344,female,50,40,10,55,0,20,0
35240344,male,35,45,0,50,0,10,0
35240345,female,50,70,10,40,0,0,0
35240345,male,60,70,10,15,0,0,0
35240346,female,65,90,10,50,0,0,0
35240346,male,60,55,10,35,0,15,0
35240347,female,50,55,0,45,0,0,0
35240347,male,35,15,10,50,0,0,10
35240348,female,35,55,10,45,0,10,0
35240348,male,65,65,10,20,0,0,0
35240349,female,60,85,10,45,0,20,0
35240349,male,50,55,10,50,0,0,10
35240350,female,75,105,0,70,0,10,0
35240350,male,125,85,10,45,0,0,0
35240351,female,65,40,10,45,0,30,0
35240351,male,80,40,0,35,0,10,0
35240352,female,35,45,0,30,0,10,0
35240352,male,60,20,0,15,0,0,0
35240353,female,90,90,0,40,0,10,0
35240353,male,85,35,10,30,0,0,0
35240354,female,35,40,10,45,0,10,0
35240354,male,25,25,0,30,0,10,0
35240355,female,55,30,10,30,0,0,0
35240355,male,60,10,0,20,0,15,10
35240356,female,55,50,10,80,0,20,0
35240356,male,25,50,10,60,0,25,0
35240357,female,35,25,0,50,0,15,0
35240357,male,50,50,0,45,0,25,0
35240358,female,50,45,15,100,0,30,0
35240358,male,85,70,10,85,0,25,0
35240359,female,45,70,0,35,0,10,0
35240359,male,60,45,0,60,10,20,0
35240363,female,65,55,0,70,0,15,0
35240363,male,65,50,0,40,0,15,0
35240364,female,50,60,0,55,0,10,0
35240364,male,40,50,0,55,0,0,0
35240365,female,20,25,0,35,0,10,0
35240365,male,45,25,0,50,0,0,0
35240366,female,70,40,10,80,0,15,0
35240366,male,50,45,10,105,0,10,0
35240367,female,55,60,0,65,0,20,0
35240367,male,75,55,0,40,0,20,0
35240368,female,70,75,0,50,0,10,10
35240368,male,70,55,10,30,0,10,10
35240369,female,65,65,15,90,0,10,0
35240369,male,120,70,0,40,0,15,0
35240370,female,80,80,10,55,0,0,0
35240370,male,65,70,0,45,0,0,0
35240371,female,45,45,0,35,0,0,0
35240371,male,40,55,0,15,0,15,0
35240372,female,50,65,10,15,0,0,0
35240372,male,50,50,10,15,0,10,0
35240373,female,45,40,0,20,0,10,0
35240373,male,40,50,0,10,0,0,0
35240374,female,40,40,20,50,10,0,0
35240374,male,45,60,15,30,0,10,0
35240375,female,75,115,0,45,0,0,0
35240375,male,65,70,0,35,0,0,0
35240376,female,65,85,0,20,0,15,0
35240376,male,65,60,0,0,0,0,0
35240377,female,30,45,0,20,10,0,0
35240377,male,40,50,15,20,0,10,0
35240378,female,80,40,10,55,0,15,0
35240378,male,60,35,15,35,0,10,10
35240379,female,25,60,0,10,0,0,0
35240379,male,45,15,0,10,0,0,0
35240380,female,60,40,0,25,0,10,0
35240380,male,60,30,0,15,0,10,0
35240381,female,120,165,10,180,40,70,0
35240381,male,80,75,15,190,20,70,10
35240382,female,30,65,10,35,15,15,0
35240382,male,40,35,0,45,25,15,0
35240383,female,50,60,0,55,0,15,0
35240383,male,55,50,0,50,0,15,0
35240384,female,50,75,10,75,0,10,10
35240384,male,45,50,0,80,10,15,0
35240385,female,40,60,0,50,10,20,10
35240385,male,40,30,0,70,15,15,0
35240386,female,15,25,0,30,0,0,0
35240386,male,25,0,0,45,0,0,10
35240387,female,75,70,10,55,0,15,0
35240387,male,65,35,15,75,0,20,10
35240388,female,130,60,0,95,10,35,0
35240388,male,100,50,10,95,10,15,20
35240391,female,70,65,10,20,0,10,0
35240391,male,50,30,0,10,0,10,0
35240392,female,50,100,0,55,10,0,10
35240392,male,65,90,10,35,0,0,10
35240393,female,55,90,10,70,10,25,10
35240393,male,45,55,10,50,10,20,0
35240394,female,25,25,10,70,0,30,0
35240394,male,40,45,0,55,10,25,10
35240395,female,75,75,0,15,0,25,0
35240395,male,85,55,0,30,10,10,0
35240396,female,40,30,0,55,0,15,0
35240396,male,25,35,10,55,0,10,0
35240397,female,410,340,20,265,20,50,0
35240397,male,300,195,45,200,20,80,0
35240398,female,105,65,20,70,0,10,0
35240398,male,65,45,10,70,0,30,10
35240399,female,50,65,0,50,0,10,0
35240399,male,55,35,0,75,10,10,0
35240400,female,175,170,0,145,10,25,15
35240400,male,115,135,15,110,0,40,10
35240401,female,70,150,10,65,0,30,0
35240401,male,80,100,0,45,10,15,0
35240402,female,25,65,15,25,0,0,0
35240402,male,30,25,0,40,0,10,10
35240403,female,45,45,10,10,0,10,0
35240403,male,25,20,10,30,0,10,0
35240404,female,60,80,0,75,15,15,0
35240404,male,70,35,10,85,10,30,10
35240405,female,80,115,0,60,0,10,0
35240405,male,90,75,10,55,0,20,0
35240406,female,50,60,0,15,0,0,0
35240406,male,30,70,0,0,0,0,0
35240409,female,75,70,10,15,0,10,0
35240409,male,75,45,0,25,0,0,0
35240410,female,45,40,10,25,0,0,10
35240410,male,35,15,0,10,0,0,0
35240411,female,65,90,10,40,0,10,0
35240411,male,85,60,0,35,0,15,0
35240412,female,35,45,0,35,0,0,0
35240412,male,45,35,0,40,0,0,0
35240413,female,70,25,15,45,0,10,0
35240413,male,15,50,10,55,0,10,0
35240414,female,60,50,10,55,0,0,0
35240414,male,55,35,0,40,0,0,0
35240417,female,85,90,10,35,0,20,0
35240417,male,95,30,10,25,10,15,0
35240420,female,55,55,10,25,0,10,0
35240420,male,55,75,0,30,10,15,0
35240421,female,65,40,10,30,0,20,0
35240421,male,45,0,0,45,0,20,10
35240422,female,85,90,10,45,10,15,10
35240422,male,50,65,10,35,10,15,10
35240423,female,120,75,0,40,0,20,0
35240423,male,45,55,10,35,0,0,0
35240425,female,55,20,0,70,0,20,0
35240425,male,20,15,0,45,10,20,10
35240427,female,140,170,0,115,10,35,10
35240427,male,120,75,10,100,15,45,10
35240428,female,80,45,15,30,0,10,0
35240428,male,55,35,10,35,0,0,0
35240429,female,75,80,10,45,10,10,10
35240429,male,45,45,0,25,0,0,0
35240431,female,20,35,0,50,0,10,0
35240431,male,60,25,0,25,0,35,10
35240432,female,65,65,0,35,0,20,0
35240432,male,25,50,10,35,0,10,0
35240433,female,80,40,0,50,0,20,0
35240433,male,60,25,0,65,0,30,0
35240436,female,35,40,0,20,0,10,0
35240436,male,30,35,0,10,0,10,0
35240437,female,55,70,0,50,0,0,0
35240437,male,45,45,0,50,0,15,0
35240438,female,45,80,0,65,0,15,0
35240438,male,75,60,10,30,0,10,0
35240439,female,50,60,0,60,0,10,0
35240439,male,80,65,0,25,0,10,10
35240440,female,65,40,10,20,0,25,0
35240440,male,50,40,0,35,0,10,10
35240441,female,85,85,15,70,10,0,0
35240441,male,75,95,0,70,0,20,10
35240442,female,45,65,0,40,0,25,0
35240442,male,60,30,0,30,0,20,10
35240443,female,95,60,10,100,0,10,0
35240443,male,65,35,0,60,0,20,0
35240444,female,30,50,20,40,0,10,0
35240444,male,45,30,0,40,0,15,0
35240445,female,105,40,10,40,0,20,0
35240445,male,90,60,10,35,0,10,0
35240446,female,95,60,0,20,0,20,0
35240446,male,90,50,0,25,0,0,0
35240447,female,85,110,0,60,0,10,0
35240447,male,60,75,10,30,0,30,0
35240448,female,65,60,10,65,0,10,10
35240448,male,55,50,0,75,0,10,0
35240449,female,25,40,0,30,0,0,0
35240449,male,20,30,0,30,0,0,0
35240450,female,60,85,0,35,10,10,0
35240450,male,85,35,10,40,0,10,0
35240451,female,55,95,0,65,0,15,0
35240451,male,50,45,0,35,10,20,0
35240452,female,45,35,10,30,0,10,0
35240452,male,35,35,10,20,0,0,0
35240453,female,75,45,10,45,0,0,0
35240453,male,75,75,0,10,0,20,0
35240455,female,110,110,10,30,0,0,0
35240455,male,75,65,10,10,0,0,0
35240459,female,35,25,0,30,0,15,0
35240459,male,35,40,0,45,0,10,0
35240460,female,50,50,15,15,0,30,0
35240460,male,60,50,0,20,0,15,0
35240461,female,45,45,0,40,0,25,0
35240461,male,50,50,0,35,0,15,0
35240462,female,75,40,10,45,0,25,0
35240462,male,25,10,15,45,10,15,15
35240463,female,75,120,0,50,0,0,0
35240463,male,70,90,0,70,0,15,10
35240464,female,40,35,10,35,0,15,0
35240464,male,25,20,0,30,0,0,10
35240465,female,130,135,20,60,0,15,0
35240465,male,100,60,10,45,0,10,0
35240466,female,95,115,0,65,0,10,10
35240466,male,70,55,10,50,0,10,0
35240467,female,75,65,0,80,0,25,0
35240467,male,55,40,0,65,0,10,0
35240468,female,40,25,15,70,10,25,10
35240468,male,65,30,0,55,10,30,0
35240469,female,60,95,10,50,0,10,0
35240469,male,35,35,0,20,0,15,0
35240470,female,15,65,10,70,10,20,10
35240470,male,30,15,10,75,15,40,10
35240471,female,50,15,10,55,0,10,0
35240471,male,30,20,0,95,15,10,0
35240472,female,105,70,10,110,0,30,0
35240472,male,50,20,25,125,0,15,0
35240473,female,50,40,0,80,10,10,0
35240473,male,15,45,0,50,0,25,0
35240474,female,60,50,0,80,0,30,0
35240474,male,70,55,0,55,10,30,10
35240475,female,40,85,15,65,0,10,0
35240475,male,50,45,10,85,10,15,0
35240476,female,45,65,10,70,10,10,10
35240476,male,55,40,0,55,10,25,0
35240477,female,55,65,0,75,10,20,0
35240477,male,30,45,15,40,15,45,10
35240478,female,35,70,10,30,0,10,0
35240478,male,35,35,10,25,0,10,0
35240479,female,70,50,0,20,0,10,0
35240479,male,35,15,0,25,0,15,0
35240480,female,110,90,10,65,0,0,0
35240480,male,115,45,10,40,0,15,0
35240481,female,80,55,10,30,0,0,0
35240481,male,70,20,10,40,0,10,0
35240482,female,115,120,10,70,0,10,10
35240482,male,60,90,15,45,0,20,0
35240483,female,45,60,0,55,0,20,0
35240483,male,90,40,0,30,0,15,0
35240484,female,115,105,10,150,0,15,0
35240484,male,80,95,0,100,10,40,0
35240485,female,55,45,15,45,0,0,0
35240485,male,30,40,10,25,0,0,0
35240486,female,50,75,20,75,10,20,0
35240486,male,60,80,0,65,0,20,0
35240487,female,30,20,10,15,0,10,0
35240487,male,45,25,0,10,0,0,0
35240488,female,110,140,25,115,0,35,10
35240488,male,165,135,10,55,0,25,10
35240489,female,65,65,0,40,0,20,0
35240489,male,40,45,0,55,0,0,0
35240490,female,35,30,0,25,0,10,0
35240490,male,25,40,0,10,0,0,0
35240491,female,60,65,0,55,0,10,0
35240491,male,45,75,10,80,0,10,0
35240492,female,90,85,10,70,0,0,0
35240492,male,60,60,0,45,0,10,0
35240493,female,165,90,0,40,0,0,0
35240493,male,55,55,10,55,0,10,0
35240494,female,95,40,10,45,0,10,0
35240494,male,75,55,0,40,0,10,0
35240495,female,85,80,0,50,0,0,0
35240495,male,85,70,20,45,0,0,0
35240496,female,70,75,0,10,0,15,0
35240496,male,45,30,0,30,0,0,0
35240497,female,85,50,10,40,0,10,10
35240497,male,70,35,10,40,0,10,10
35240498,female,50,40,10,30,0,20,0
35240498,male,70,25,0,10,0,0,10
35240499,female,50,35,0,35,0,10,0
35240499,male,40,30,0,15,0,0,0
35240501,female,35,40,0,20,0,10,0
35240501,male,10,35,0,25,0,0,0
35240503,female,70,45,10,35,0,0,0
35240503,male,60,65,0,30,0,0,0
35240504,female,55,45,0,35,0,10,0
35240504,male,45,35,0,35,0,15,0
35240505,female,60,55,15,55,0,15,0
35240505,male,60,30,10,30,0,15,0
35240506,female,65,50,0,30,0,0,0
35240506,male,60,55,10,25,0,10,0
35240507,female,60,75,10,50,0,0,0
35240507,male,55,50,0,30,0,10,0
35240508,female,55,60,10,80,0,15,0
35240508,male,85,60,10,45,0,10,10
35240509,female,90,90,0,30,0,0,0
35240509,male,55,30,0,25,10,10,0
35240512,female,45,25,0,55,0,10,0
35240512,male,35,20,0,35,0,10,0
35240513,female,60,50,25,25,0,10,0
35240513,male,65,15,10,20,0,15,0
35240516,female,65,50,20,90,10,0,10
35240516,male,60,40,15,55,10,50,0
35240517,female,65,65,10,45,0,0,0
35240517,male,55,50,0,20,0,20,10
35240518,female,90,60,10,75,0,25,0
35240518,male,80,45,0,80,0,20,0
35240519,female,55,30,10,35,0,10,0
35240519,male,35,50,10,20,0,10,0
35240520,female,85,100,10,70,0,25,0
35240520,male,50,85,0,55,0,25,0
35240521,female,70,45,0,90,0,0,0
35240521,male,65,30,10,55,0,10,0
35240522,female,30,15,0,70,10,0,0
35240522,male,50,20,0,55,0,10,10
35240523,female,50,25,0,65,15,25,0
35240523,male,55,30,0,40,0,20,0
35240524,female,55,55,0,70,10,25,0
35240524,male,50,35,10,80,10,20,0
35240525,female,50,65,10,85,10,15,0
35240525,male,40,50,10,50,0,30,10
35240526,female,20,30,0,55,0,0,0
35240526,male,30,35,0,15,0,0,0
35240528,female,40,55,0,30,0,0,0
35240528,male,35,30,10,35,0,15,0
35240529,female,60,55,10,20,0,20,0
35240529,male,45,45,10,30,0,0,0
35240530,female,75,40,0,55,0,0,0
35240530,male,50,60,10,40,0,10,0
35240531,female,55,60,15,30,0,15,10
35240531,male,45,70,0,25,0,10,10
35240532,female,125,195,10,90,0,30,0
35240532,male,145,130,10,75,0,35,10
35240533,female,55,30,10,30,0,10,0
35240533,male,40,30,0,25,0,15,0
35240534,female,60,60,10,25,0,0,0
35240534,male,70,60,15,10,0,10,0
35240535,female,40,60,0,35,0,10,0
35240535,male,75,60,10,25,0,0,0
35240536,female,95,60,0,90,0,30,10
35240536,male,115,45,10,50,0,30,10
35240537,female,55,65,10,75,15,25,10
35240537,male,75,35,0,55,0,15,0
35240538,female,175,150,0,70,0,10,0
35240538,male,115,105,0,40,0,10,0
35240539,female,110,115,10,55,0,15,0
35240539,male,85,75,20,75,0,15,0
35240540,female,40,30,15,50,0,10,10
35240540,male,45,45,10,45,0,0,0
35240541,female,65,20,0,50,0,10,0
35240541,male,55,30,10,45,10,10,10
35240542,female,75,85,10,40,0,10,0
35240542,male,55,35,10,40,0,10,0
35240543,female,45,60,10,65,0,20,10
35240543,male,80,50,10,45,10,0,10
35240544,female,50,60,0,35,0,30,10
35240544,male,35,40,10,40,0,0,0
35240545,female,70,130,15,105,0,15,0
35240545,male,80,100,0,90,0,10,10
35240546,female,60,95,15,40,0,20,0
35240546,male,75,75,20,15,0,0,0
35240590,female,105,145,10,115,0,50,10
35240590,male,90,85,0,85,0,30,15
35240591,female,115,120,25,95,0,15,0
35240591,male,140,90,25,35,10,15,0
35240592,female,285,230,15,95,10,30,0
35240592,male,220,185,0,95,0,35,0
35240593,female,150,145,0,105,0,25,0
35240593,male,170,145,15,100,0,20,10
35240594,female,95,100,0,35,0,15,0
35240594,male,135,70,10,20,0,0,0
35240595,female,145,110,25,70,0,20,0
35240595,male,120,115,0,45,0,10,0
35240596,female,265,185,15,115,15,35,0
35240596,male,180,100,15,55,15,25,10
35240598,female,345,280,35,190,15,65,15
35240598,male,195,180,10,140,10,110,15
35240641,female,45,30,10,45,10,20,10
35240641,male,65,40,10,25,15,15,0
35240642,female,55,55,0,50,0,15,0
35240642,male,25,55,0,55,10,15,0
35240643,female,65,50,10,50,0,20,0
35240643,male,85,30,20,55,0,15,0
35240644,female,75,65,0,60,15,0,0
35240644,male,70,50,0,15,10,25,0
35240645,female,60,25,10,35,0,0,0
35240645,male,55,35,10,35,0,10,0
35240647,female,80,90,10,45,10,10,0
35240647,male,50,60,10,60,10,15,0
35240648,female,85,130,0,60,0,20,0
35240648,male,90,70,15,30,0,0,0
35240649,female,95,90,15,45,0,25,0
35240649,male,60,70,10,50,0,10,0
35240650,female,95,75,0,70,0,40,0
35240650,male,75,85,10,95,0,25,20
35240651,female,40,50,0,70,0,15,0
35240651,male,40,50,0,35,0,25,0
35240654,female,70,40,0,75,10,10,0
35240654,male,90,45,0,55,0,20,0
35240655,female,155,145,35,120,0,45,0
35240655,male,110,105,25,175,15,50,0
35240656,female,25,25,0,65,0,10,0
35240656,male,40,20,0,45,0,15,0
35240659,female,135,80,10,85,0,25,0
35240659,male,65,35,0,55,0,25,0
35240660,female,50,85,0,65,10,20,0
35240660,male,60,55,10,40,0,15,0
35240661,female,35,50,0,65,0,15,0
35240661,male,55,60,0,50,0,25,0
35240662,female,220,290,15,190,10,35,10
35240662,male,185,145,15,210,10,65,10
35240663,female,60,35,10,90,0,20,0
35240663,male,45,40,15,75,0,10,0
35240664,female,65,50,0,75,0,10,10
35240664,male,55,35,10,60,0,30,0
35240665,female,60,50,0,50,10,20,10
35240665,male,45,30,0,80,0,10,10
35240666,female,110,160,0,95,0,20,0
35240666,male,105,70,10,65,0,15,10
35240667,female,60,50,10,90,0,25,0
35240667,male,50,45,0,75,0,10,0
35240668,female,40,45,0,55,0,25,0
35240668,male,70,40,0,35,0,15,10
35240669,female,60,90,10,115,0,40,0
35240669,male,110,85,10,70,10,15,15
35240670,female,30,60,0,95,10,20,0
35240670,male,65,35,0,95,0,25,0
35240671,female,25,55,0,90,10,10,0
35240671,male,50,35,15,60,0,10,10
35240672,female,80,95,10,60,0,30,0
35240672,male,45,75,20,80,0,15,0
35240673,female,20,40,0,70,0,10,0
35240673,male,35,25,0,35,0,10,10
35240674,female,55,60,0,85,0,25,0
35240674,male,45,30,10,90,0,15,0
35240675,female,75,75,10,155,0,40,10
35240675,male,100,90,0,115,0,45,10
35240676,female,70,100,0,100,10,40,15
35240676,male,45,75,15,105,10,30,10
35240677,female,20,35,10,55,0,10,0
35240677,male,50,30,10,60,0,10,10
35240678,female,190,180,10,155,0,50,10
35240678,male,130,115,0,110,10,55,0
35240679,female,50,50,10,85,0,15,10
35240679,male,75,60,0,65,0,25,0
35240680,female,110,100,10,155,10,30,0
35240680,male,135,105,10,90,0,30,0
35240681,female,70,70,0,50,0,30,0
35240681,male,55,55,0,40,0,20,0
35240682,female,85,70,10,60,0,15,0
35240682,male,80,40,10,65,0,10,0
35240683,female,60,95,0,60,0,15,10
35240683,male,60,65,20,35,0,15,0
35240684,female,80,80,0,80,0,25,0
35240684,male,55,70,0,35,0,25,0
35240685,female,80,100,10,145,0,50,0
35240685,male,100,75,15,115,10,40,10
35240686,female,95,70,0,130,0,55,0
35240686,male,75,80,0,115,10,65,10
35240756,female,60,55,0,90,10,20,0
35240756,male,60,45,10,70,0,30,0
35240757,female,30,55,0,80,0,20,0
35240757,male,40,50,10,65,0,0,0
35240758,female,140,65,20,120,0,35,0
35240758,male,85,70,15,105,10,40,0
35240759,female,80,85,10,45,0,10,0
35240759,male,75,50,20,65,0,15,0
35240780,female,90,100,10,150,0,30,0
35240780,male,115,60,0,80,0,35,15
35240782,female,70,65,10,90,0,15,0
35240782,male,75,65,0,80,0,20,0
35240783,female,30,35,10,45,0,10,10
35240783,male,25,45,0,35,0,20,0
35240785,female,75,65,0,100,10,30,10
35240785,male,65,55,10,120,10,35,0
35240807,female,115,130,15,60,0,20,10
35240807,male,80,75,10,50,10,15,0
35240808,female,155,150,10,75,10,20,0
35240808,male,65,90,10,50,0,35,15
35240809,female,10,20,0,0,0,0,0
35240809,male,10,20,0,0,0,0,0
35240898,female,225,275,0,350,0,70,15
35240898,male,260,295,25,245,0,55,10
35240903,female,x,x,x,x,x,x,x
35240903,male,x,x,x,x,x,x,x
35240904,female,155,135,0,130,10,55,10
35240904,male,165,130,15,110,0,70,10
35250030,female,55,30,0,40,0,10,0
35250030,male,40,60,0,20,0,0,10
35250031,female,30,65,0,25,0,20,10
35250031,male,45,40,0,15,0,10,15
35250032,female,75,45,0,55,10,25,10
35250032,male,75,60,0,40,15,35,0
35250033,female,45,35,10,65,10,15,10
35250033,male,45,50,0,45,15,25,10
35250034,female,90,95,0,35,0,20,10
35250034,male,75,45,0,45,0,10,0
35250035,female,25,45,0,50,0,35,0
35250035,male,65,25,0,15,0,15,0
35250036,female,35,45,20,55,0,25,10
35250036,male,50,40,0,35,10,0,20
35250037,female,40,45,0,50,10,10,10
35250037,male,45,40,0,35,10,15,20
35250038,female,125,80,0,50,20,15,10
35250038,male,70,50,0,40,10,10,0
35250039,female,75,60,20,30,0,0,0
35250039,male,40,20,0,10,0,0,0
35250040,female,70,55,10,25,0,15,10
35250040,male,35,10,20,30,10,15,0
35250041,female,60,80,0,25,0,15,0
35250041,male,50,70,0,10,0,10,0
35250042,female,20,35,0,0,0,0,0
35250042,male,25,20,0,0,0,0,0
35250043,female,100,55,10,60,0,25,0
35250043,male,85,45,0,25,10,15,0
35250044,female,40,50,0,15,0,35,0
35250044,male,35,40,10,50,0,10,10
35250045,female,45,50,15,15,0,30,10
35250045,male,35,50,0,35,0,15,0
35250046,female,50,40,0,50,0,25,0
35250046,male,45,30,0,60,0,10,15
35250047,female,70,40,0,70,0,65,10
35250047,male,50,40,10,45,10,15,25
35250048,female,15,30,0,35,0,20,0
35250048,male,20,10,0,55,0,0,15
35250049,female,60,20,10,35,0,10,10
35250049,male,55,25,0,15,0,15,0
35250050,female,40,90,0,50,0,0,0
35250050,male,35,20,0,45,0,10,0
35250051,female,145,130,30,160,0,55,20
35250051,male,115,90,10,130,15,50,25
35250052,female,35,35,0,30,0,15,0
35250052,male,20,25,0,35,0,15,0
35250053,female,60,50,10,70,10,40,0
35250053,male,45,35,0,70,15,45,20
35250054,female,35,70,0,25,0,20,0
35250054,male,45,15,0,15,0,30,10
35250055,female,55,60,10,105,10,30,15
35250055,male,70,50,15,65,0,10,10
35250056,female,25,20,0,15,0,15,0
35250056,male,30,30,0,20,0,10,0
35250059,female,135,70,15,145,0,25,10
35250059,male,105,80,15,85,10,45,15
35250060,female,55,55,0,80,15,50,0
35250060,male,65,35,15,55,0,30,0
35250061,female,55,45,0,55,10,10,0
35250061,male,30,30,0,50,0,20,15
35250062,female,50,60,0,70,10,15,0
35250062,male,65,30,0,60,0,35,0
35250064,female,70,65,10,90,10,30,15
35250064,male,90,50,20,80,10,15,10
35250065,female,40,30,0,90,10,30,10
35250065,male,35,45,10,60,15,35,10
35250066,female,55,25,10,55,0,20,10
35250066,male,40,15,10,30,0,35,0
35250067,female,65,75,10,60,0,25,10
35250067,male,40,75,10,60,0,20,10
35250070,female,60,45,0,40,0,15,0
35250070,male,50,40,0,25,0,20,0
35250073,female,40,80,10,40,0,0,0
35250073,male,40,40,0,20,0,10,0
35250074,female,25,30,0,35,0,0,10
35250074,male,40,25,0,25,0,0,10
35250075,female,55,60,10,20,10,10,0
35250075,male,70,55,0,10,0,10,0
35250077,female,125,50,10,40,0,15,0
35250077,male,60,30,0,25,0,10,0
35250078,female,55,40,10,10,0,25,10
35250078,male,35,35,0,20,0,20,0
35250079,female,30,25,10,0,0,0,0
35250079,male,30,35,10,0,0,0,0
35250080,female,90,45,10,45,0,10,0
35250080,male,65,50,10,15,0,20,0
35250081,female,135,120,10,50,10,10,0
35250081,male,135,60,10,45,0,0,10
35250082,female,20,30,10,15,0,10,0
35250082,male,10,25,10,10,0,10,0
35250083,female,55,65,20,50,0,15,0
35250083,male,50,30,10,55,0,10,0
35250084,female,45,25,0,15,0,0,0
35250084,male,45,25,10,0,0,10,0
35250085,female,40,40,0,20,10,0,0
35250085,male,30,25,0,10,0,0,0
35250086,female,60,55,10,30,0,10,0
35250086,male,40,25,0,20,0,0,0
35250087,female,55,60,20,45,0,0,0
35250087,male,65,30,10,30,0,20,10
35250088,female,50,55,0,30,0,10,0
35250088,male,35,30,0,60,0,15,0
35250089,female,100,80,10,20,0,0,0
35250089,male,50,45,10,20,0,0,0
35250093,female,75,70,10,10,0,10,0
35250093,male,75,60,0,10,0,15,0
35250094,female,55,65,0,20,0,0,0
35250094,male,30,50,10,10,0,0,0
35250095,female,40,40,15,50,0,10,0
35250095,male,55,70,10,30,0,10,10
35250096,female,75,80,0,40,0,0,0
35250096,male,65,60,10,25,0,0,0
35250097,female,30,55,0,35,0,0,0
35250097,male,25,20,0,55,0,10,0
35250098,female,30,10,10,35,0,10,0
35250098,male,35,15,0,35,0,15,0
35250099,female,60,120,10,60,10,25,0
35250099,male,95,80,10,65,0,20,10
35250100,female,55,75,0,55,0,10,0
35250100,male,50,60,10,20,0,0,10
35250101,female,45,45,10,50,0,25,0
35250101,male,55,35,0,30,0,15,0
35250102,female,20,25,0,15,0,15,0
35250102,male,25,15,10,30,0,10,10
35250105,female,60,40,15,35,0,35,0
35250105,male,65,75,10,30,10,0,0
35250106,female,55,65,10,35,10,0,0
35250106,male,35,50,0,15,0,10,0
35250107,female,65,50,0,45,0,20,0
35250107,male,55,55,0,30,0,10,0
35250108,female,55,45,20,20,0,15,0
35250108,male,50,60,10,15,0,15,10
35250109,female,60,70,15,65,0,25,10
35250109,male,65,65,0,45,10,20,0
35250110,female,55,70,0,45,0,15,0
35250110,male,70,60,0,20,0,0,10
35250111,female,115,75,0,30,0,0,10
35250111,male,55,15,0,20,0,15,0
35250112,female,55,60,0,0,0,0,0
35250112,male,30,45,10,10,0,0,0
35250113,female,40,25,0,25,0,0,0
35250113,male,40,30,15,15,0,10,0
35250114,female,15,35,0,30,0,10,0
35250114,male,40,45,0,15,0,10,0
35250115,female,195,200,20,90,0,20,0
35250115,male,150,135,0,70,0,10,0
35250116,female,130,90,10,35,0,0,0
35250116,male,100,70,0,25,0,0,0
35250117,female,20,30,0,10,0,0,0
35250117,male,25,15,0,10,0,0,0
35250118,female,65,50,0,25,0,0,0
35250118,male,40,45,0,0,0,0,0
35250119,female,75,70,0,20,0,0,0
35250119,male,80,35,0,30,10,10,10
35250120,female,35,80,10,30,0,10,0
35250120,male,40,50,0,40,0,0,0
35250121,female,110,50,10,25,0,0,0
35250121,male,55,25,10,0,0,0,0
35250122,female,20,45,10,25,0,0,0
35250122,male,30,35,0,15,10,0,0
35250123,female,30,45,10,25,0,10,0
35250123,male,55,30,0,10,0,15,0
35250124,female,60,55,0,10,0,0,0
35250124,male,55,45,10,0,0,0,0
35250125,female,60,45,0,25,0,0,0
35250125,male,50,20,0,15,0,0,10
35250126,female,80,65,10,15,0,0,0
35250126,male,90,50,15,15,0,10,0
35250127,female,160,130,0,185,0,40,0
35250127,male,205,130,15,95,10,35,0
35250128,female,55,45,10,35,0,10,0
35250128,male,55,50,0,30,0,15,0
35250129,female,60,35,10,25,0,0,0
35250129,male,40,30,0,25,0,0,0
35250130,female,45,45,0,35,0,15,0
35250130,male,25,40,0,10,10,20,10
35250133,female,50,40,10,10,0,10,0
35250133,male,0,20,0,10,0,0,10
35250134,female,100,90,10,40,0,25,0
35250134,male,55,55,20,35,0,15,0
35250135,female,215,160,20,145,10,45,0
35250135,male,200,165,20,95,20,15,0
35250136,female,55,20,0,35,0,10,0
35250136,male,45,45,0,30,10,0,0
35250137,female,30,45,0,35,0,0,0
35250137,male,50,35,0,15,0,0,0
35250144,female,150,155,25,140,15,35,10
35250144,male,190,120,10,115,15,25,15
35250145,female,30,60,10,75,0,0,0
35250145,male,20,55,0,50,0,10,0
35250146,female,75,85,10,90,0,15,0
35250146,male,85,65,0,110,30,10,0
35250147,female,20,40,10,70,0,0,0
35250147,male,45,50,0,40,0,10,0
35250148,female,75,25,0,75,0,0,0
35250148,male,50,70,0,35,0,10,0
35250149,female,35,65,0,65,0,20,0
35250149,male,40,35,0,65,0,15,10
35250150,female,85,70,10,25,0,25,0
35250150,male,50,55,10,25,0,10,0
35250151,female,25,35,10,75,0,0,0
35250151,male,25,40,10,30,10,25,10
35250152,female,155,125,10,175,15,45,0
35250152,male,110,105,0,145,10,45,10
35250153,female,55,55,10,80,0,10,10
35250153,male,35,60,0,55,0,25,0
35250156,female,40,55,0,30,0,0,10
35250156,male,15,20,10,30,0,15,0
35250158,female,25,15,10,65,20,25,10
35250158,male,50,30,10,35,25,35,0
35250159,female,40,55,0,45,10,15,0
35250159,male,30,20,10,45,10,20,10
35250160,female,45,45,10,45,0,0,10
35250160,male,35,30,0,20,10,0,0
35250161,female,50,45,10,85,20,20,0
35250161,male,50,50,0,85,15,30,10
35250162,female,30,40,10,50,0,20,0
35250162,male,25,40,0,65,0,15,0
35250163,female,70,55,10,65,10,15,10
35250163,male,45,25,0,70,25,15,0
35250164,female,60,60,15,45,0,10,0
35250164,male,40,35,0,50,0,10,0
35250172,female,65,65,10,15,0,10,0
35250172,male,55,45,0,15,10,10,0
35250173,female,135,195,0,40,0,10,0
35250173,male,135,105,0,35,0,0,0
35250175,female,195,180,10,80,10,15,0
35250175,male,195,105,10,45,0,10,0
35250176,female,90,100,10,35,0,10,0
35250176,male,90,80,0,20,0,10,0
35250177,female,85,90,10,70,0,10,0
35250177,male,65,45,10,50,10,10,0
35250178,female,85,60,15,30,0,10,0
35250178,male,60,60,0,10,0,0,10
35250179,female,95,80,0,25,0,10,0
35250179,male,105,70,10,35,0,15,0
35250180,female,125,190,0,90,0,30,0
35250180,male,120,160,15,55,0,25,0
35250181,female,75,50,10,20,0,10,0
35250181,male,60,55,0,10,0,0,0
35250183,female,40,40,0,0,0,0,0
35250183,male,40,20,0,10,0,10,0
35250184,female,50,70,10,10,0,10,0
35250184,male,45,45,0,0,0,0,0
35250185,female,55,45,0,20,0,0,0
35250185,male,60,30,0,10,0,0,0
35250186,female,45,40,0,0,0,0,0
35250186,male,50,20,0,0,0,0,0
35250188,female,85,70,10,80,0,20,0
35250188,male,80,50,0,55,0,10,0
35250189,female,50,95,0,30,0,20,0
35250189,male,90,55,10,35,0,0,0
35250190,female,70,55,0,15,0,10,0
35250190,male,40,45,10,0,0,0,0
35250191,female,90,90,10,25,0,0,0
35250191,male,100,55,10,0,0,10,0
35250192,female,175,145,15,140,0,10,0
35250192,male,125,145,25,110,0,0,0
35250193,female,30,45,0,35,0,10,0
35250193,male,35,45,0,10,0,10,0
35250194,female,45,55,0,25,0,10,0
35250194,male,50,65,10,15,0,10,0
35250196,female,55,55,10,30,0,0,0
35250196,male,45,45,15,20,0,0,0
35250197,female,80,65,0,30,0,0,0
35250197,male,45,55,10,15,0,15,0
35250199,female,305,320,35,245,15,45,15
35250199,male,335,175,30,140,10,60,10
35250200,female,75,85,0,75,0,0,0
35250200,male,65,105,10,35,0,0,10
35250201,female,50,10,0,10,0,0,0
35250201,male,30,20,0,15,0,0,0
35250202,female,145,110,0,45,0,10,10
35250202,male,170,95,0,40,0,10,0
35250203,female,170,95,10,15,0,10,10
35250203,male,155,70,10,30,0,10,0
35250204,female,180,75,15,20,0,10,0
35250204,male,130,60,10,25,0,0,0
35250205,female,45,20,10,10,0,10,0
35250205,male,55,15,0,10,0,0,0
35250206,female,60,70,0,45,0,15,0
35250206,male,90,65,0,20,0,0,0
35250207,female,35,25,10,35,0,0,0
35250207,male,20,35,10,15,0,10,0
35250208,female,70,45,0,20,0,10,0
35250208,male,45,30,0,30,0,10,0
35250209,female,55,55,0,15,0,15,0
35250209,male,25,20,0,30,0,10,0
35250210,female,70,40,0,45,0,10,0
35250210,male,55,55,0,20,0,15,0
35250211,female,60,30,10,20,0,10,0
35250211,male,35,20,10,15,0,0,0
35250212,female,60,65,0,10,0,0,0
35250212,male,50,35,0,35,0,10,0
35250213,female,60,50,0,10,0,0,0
35250213,male,50,30,10,15,0,0,0
35250216,female,65,45,0,10,0,0,0
35250216,male,55,25,10,20,0,0,0
35250217,female,100,50,10,25,0,10,0
35250217,male,40,45,0,15,0,10,0
35250218,female,70,60,10,25,0,0,0
35250218,male,65,45,0,15,0,10,0
35250221,female,75,75,0,0,0,0,0
35250221,male,80,70,0,15,0,0,0
35250222,female,80,45,10,20,0,0,0
35250222,male,75,25,10,20,0,0,0
35250223,female,90,15,0,25,0,0,0
35250223,male,80,50,0,10,0,10,0
35250224,female,55,15,0,10,0,0,0
35250224,male,20,20,10,10,0,10,0
35250225,female,75,40,0,10,0,0,0
35250225,male,75,30,0,0,0,10,0
35250226,female,85,65,10,35,0,0,0
35250226,male,65,50,0,0,0,0,0
35250227,female,70,55,10,15,0,15,0
35250227,male,65,50,0,15,0,0,0
35250230,female,55,25,10,30,0,0,0
35250230,male,65,35,10,15,0,10,0
35250231,female,110,30,0,25,0,0,0
35250231,male,75,25,0,20,0,10,0
35250232,female,115,80,0,10,0,10,0
35250232,male,70,25,0,10,0,0,0
35250233,female,45,35,10,35,0,10,0
35250233,male,55,45,0,20,0,10,0
35250234,female,50,25,0,15,0,0,0
35250234,male,30,15,0,10,0,0,0
35250238,female,90,70,0,25,0,0,0
35250238,male,130,30,10,25,0,10,0
35250239,female,35,45,0,15,0,0,0
35250239,male,35,15,0,35,0,0,0
35250240,female,65,35,0,10,0,0,0
35250240,male,70,40,0,10,0,0,0
35250241,female,40,20,0,15,0,10,0
35250241,male,30,15,0,20,0,0,0
35250242,female,x,x,x,x,x,x,x
35250242,male,x,x,x,x,x,x,x
35250243,female,185,75,0,40,10,15,0
35250243,male,160,55,10,25,0,10,0
35250248,female,90,135,0,35,0,15,0
35250248,male,125,65,15,20,0,10,0
35250249,female,90,35,0,15,0,15,0
35250249,male,50,25,10,10,0,0,10
35250250,female,65,55,0,25,0,0,0
35250250,male,45,60,10,15,0,0,0
35250251,female,60,45,0,20,0,0,0
35250251,male,50,30,0,15,0,10,0
35250254,female,120,80,10,30,0,10,0
35250254,male,115,60,0,15,0,0,0
35250255,female,55,45,0,25,0,10,0
35250255,male,65,45,0,15,0,0,10
35250256,female,95,70,10,40,10,10,0
35250256,male,80,55,0,25,0,0,0
35250257,female,100,65,0,45,0,0,0
35250257,male,65,70,10,30,0,15,0
35250258,female,90,90,15,45,0,10,0
35250258,male,85,50,10,20,0,0,0
35250259,female,80,40,10,25,0,10,0
35250259,male,70,50,0,30,0,0,0
35250260,female,115,60,0,15,0,0,0
35250260,male,75,10,0,25,0,10,0
35250261,female,70,50,10,10,0,0,0
35250261,male,75,35,0,0,0,0,0
35250262,female,120,45,0,40,0,0,0
35250262,male,55,45,0,35,0,10,0
35250263,female,115,70,10,40,0,10,0
35250263,male,105,70,0,65,0,0,0
35250264,female,45,40,10,25,0,10,0
35250264,male,50,25,10,30,0,10,0
35250265,female,55,40,0,35,0,20,0
35250265,male,45,35,0,20,0,0,0
35250266,female,25,50,0,10,0,0,0
35250266,male,45,30,0,10,0,0,0
35250267,female,60,60,0,30,0,0,0
35250267,male,85,40,0,25,0,10,0
35250269,female,20,10,0,15,0,0,0
35250269,male,20,30,0,10,0,15,0
35250270,female,50,30,0,25,0,10,0
35250270,male,35,20,0,25,0,0,0
35250271,female,60,20,0,10,0,10,0
35250271,male,80,40,0,25,0,10,0
35250272,female,50,25,10,15,0,20,0
35250272,male,40,35,10,10,0,10,0
35250273,female,55,35,0,20,0,10,0
35250273,male,55,20,0,20,0,10,0
35250274,female,135,150,0,45,0,0,0
35250274,male,130,90,0,15,0,15,0
35250275,female,60,35,15,15,0,0,0
35250275,male,85,55,0,0,0,0,0
35250276,female,95,55,0,35,0,10,0
35250276,male,85,50,10,20,0,10,0
35250277,female,60,65,0,25,0,0,0
35250277,male,25,35,0,10,0,0,0
35250278,female,75,35,0,20,0,0,0
35250278,male,70,30,0,0,0,0,0
35250279,female,90,65,0,35,0,0,0
35250279,male,105,30,0,20,0,0,0
35250280,female,60,20,0,15,0,0,0
35250280,male,50,40,0,10,0,0,0
35250281,female,70,70,10,10,10,10,0
35250281,male,55,50,10,10,0,0,0
35250282,female,110,30,10,25,10,0,0
35250282,male,80,50,0,25,0,0,0
35250283,female,80,60,0,25,0,10,0
35250283,male,60,45,10,30,0,0,0
35250284,female,75,25,0,15,0,0,0
35250284,male,80,30,0,25,0,0,0
35250285,female,80,50,10,65,0,25,0
35250285,male,90,80,0,25,0,10,0
35250286,female,15,50,0,30,0,0,0
35250286,male,30,20,0,10,0,0,0
35250287,female,90,100,0,45,0,0,0
35250287,male,105,65,0,40,0,10,0
35250288,female,45,45,15,20,0,10,0
35250288,male,45,50,0,0,0,0,0
35250289,female,55,65,10,40,0,0,0
35250289,male,55,70,10,40,0,10,10
35250290,female,85,70,10,15,0,10,0
35250290,male,75,70,0,10,0,0,0
35250291,female,100,110,15,85,0,20,0
35250291,male,130,85,0,65,0,10,0
35250293,female,135,75,0,35,0,20,0
35250293,male,120,105,10,50,0,0,0
35250294,female,55,50,10,30,0,0,0
35250294,male,75,45,0,10,10,0,0
35250295,female,60,40,10,20,0,10,0
35250295,male,40,35,0,30,0,10,0
35250296,female,65,60,0,50,0,10,0
35250296,male,40,30,15,0,0,0,0
35250297,female,100,40,10,45,0,0,0
35250297,male,65,55,10,25,0,10,0
35250298,female,40,55,10,50,0,15,0
35250298,male,50,50,0,30,0,20,0
35250299,female,95,45,15,40,10,10,0
35250299,male,90,45,10,55,0,10,0
35250300,female,110,80,0,55,0,0,0
35250300,male,95,60,15,45,0,15,0
35250302,female,35,25,0,45,0,0,0
35250302,male,45,50,0,20,0,10,0
35250303,female,65,30,0,15,0,10,0
35250303,male,40,20,0,20,0,10,0
35250304,female,110,50,0,15,0,10,0
35250304,male,85,35,0,35,0,10,0
35250305,female,110,50,0,15,0,10,0
35250305,male,70,55,10,10,0,0,10
35250306,female,40,60,0,0,0,15,0
35250306,male,35,40,0,20,0,10,0
35250307,female,70,30,0,10,0,10,0
35250307,male,55,40,10,15,0,0,0
35250308,female,95,120,0,80,0,30,0
35250308,male,80,70,0,50,10,10,0
35250309,female,55,40,0,35,0,0,0
35250309,male,60,35,0,20,0,0,0
35250310,female,45,30,10,20,0,10,0
35250310,male,50,40,0,15,0,15,0
35250311,female,100,65,15,45,0,0,0
35250311,male,55,35,0,25,0,10,0
35250312,female,65,30,0,30,0,0,0
35250312,male,40,35,10,35,0,10,0
35250313,female,95,60,10,35,0,15,0
35250313,male,60,80,10,60,0,0,10
35250315,female,130,120,10,50,0,10,0
35250315,male,80,75,10,35,0,0,0
35250316,female,85,90,0,55,0,15,0
35250316,male,45,55,0,20,10,30,0
35250317,female,55,55,10,50,0,10,10
35250317,male,35,85,0,15,0,20,0
35250318,female,0,10,0,10,0,0,0
35250318,male,20,10,0,0,0,0,0
35250319,female,70,35,0,20,0,10,0
35250319,male,35,50,0,10,0,0,0
35250320,female,60,45,0,15,0,10,0
35250320,male,75,30,10,20,0,10,0
35250321,female,35,30,0,0,0,0,0
35250321,male,35,35,0,10,0,10,0
35250322,female,60,50,0,0,0,0,0
35250322,male,65,15,0,0,0,0,0
35250323,female,70,35,0,10,0,0,0
35250323,male,60,25,0,10,0,0,0
35250324,female,125,75,0,0,0,0,0
35250324,male,60,15,0,0,0,0,0
35250326,female,50,55,0,20,0,0,0
35250326,male,50,35,0,10,0,0,0
35250327,female,130,55,0,10,0,0,0
35250327,male,105,35,0,15,0,0,0
35250328,female,65,40,0,15,0,0,0
35250328,male,45,30,0,10,0,0,0
35250329,female,65,35,0,30,0,0,0
35250329,male,100,45,0,0,0,10,0
35250330,female,50,35,0,0,0,0,0
35250330,male,30,20,10,10,0,0,0
35250331,female,35,55,0,10,0,0,0
35250331,male,40,25,0,0,0,0,0
35250332,female,70,60,10,20,0,0,0
35250332,male,55,55,0,0,0,0,0
35250333,female,75,75,0,25,0,15,0
35250333,male,75,70,10,10,0,0,0
35250334,female,70,80,0,35,0,0,0
35250334,male,105,50,0,20,0,0,0
35250335,female,80,35,0,0,0,0,0
35250335,male,50,35,0,15,0,0,0
35250336,female,55,50,10,25,0,10,0
35250336,male,30,45,0,15,0,0,0
35250337,female,135,95,10,35,0,0,0
35250337,male,80,55,10,25,0,15,0
35250338,female,105,75,10,10,0,10,0
35250338,male,105,55,0,15,0,0,0
35250339,female,60,60,15,25,0,10,0
35250339,male,60,70,20,10,0,0,0
35250340,female,60,30,0,15,0,0,0
35250340,male,60,25,0,10,0,0,0
35250341,female,105,65,0,0,0,0,0
35250341,male,95,20,0,30,0,0,0
35250342,female,60,55,0,15,0,0,0
35250342,male,65,40,0,10,0,0,0
35250343,female,75,60,0,25,0,10,0
35250343,male,55,45,0,30,0,0,0
35250344,female,80,60,0,10,10,10,0
35250344,male,60,55,10,15,0,0,0
35250345,female,25,70,0,35,0,0,0
35250345,male,50,45,10,30,0,0,0
35250346,female,65,55,10,20,0,10,0
35250346,male,60,35,0,10,0,0,0
35250347,female,60,45,10,15,0,0,0
35250347,male,50,55,0,0,0,10,0
35250348,female,75,70,0,65,0,20,0
35250348,male,100,45,0,65,0,10,0
35250349,female,45,65,10,25,0,10,0
35250349,male,45,60,0,20,0,0,0
35250350,female,105,55,0,35,0,0,0
35250350,male,100,60,0,25,0,10,0
35250351,female,90,55,0,0,0,10,0
35250351,male,35,30,0,0,0,0,0
35250352,female,80,105,0,10,0,0,0
35250352,male,65,55,0,10,0,10,0
35250353,female,60,80,0,20,0,10,0
35250353,male,80,40,0,10,0,0,0
35250354,female,70,65,0,50,0,15,10
35250354,male,25,70,0,25,0,20,0
35250355,female,60,60,0,30,0,10,10
35250355,male,65,75,0,10,0,0,0
35250356,female,95,70,0,35,0,0,0
35250356,male,75,60,0,20,0,10,0
35250357,female,65,75,0,40,0,10,0
35250357,male,85,25,0,40,0,10,0
35250358,female,75,80,10,35,0,0,0
35250358,male,95,50,10,15,0,0,0
35250359,female,45,65,10,30,0,0,0
35250359,male,60,40,0,15,0,0,0
35250360,female,95,50,0,30,0,0,0
35250360,male,50,45,0,10,0,10,0
35250361,female,50,50,10,35,0,0,0
35250361,male,50,40,0,20,0,10,0
35250362,female,60,75,0,15,0,10,0
35250362,male,60,75,0,10,0,0,0
35250363,female,35,40,0,20,0,15,0
35250363,male,60,50,0,15,0,0,0
35250364,female,55,25,10,20,0,0,0
35250364,male,35,25,10,10,0,0,0
35250365,female,200,140,0,30,0,0,0
35250365,male,135,85,0,25,0,0,0
35250366,female,70,65,15,40,0,0,0
35250366,male,75,60,20,15,0,0,10
35250367,female,75,60,0,20,0,0,0
35250367,male,55,65,0,10,0,0,0
35250368,female,95,70,0,35,0,10,0
35250368,male,100,25,0,20,10,0,0
35250369,female,85,50,0,10,0,0,0
35250369,male,75,35,0,0,0,0,0
35250370,female,45,60,15,15,0,0,0
35250370,male,65,25,10,20,0,0,10
35250371,female,80,60,0,35,0,0,0
35250371,male,75,35,0,10,0,10,0
35250372,female,60,70,0,20,0,10,0
35250372,male,45,55,0,10,0,0,0
35250373,female,45,20,0,20,0,10,0
35250373,male,35,25,10,10,0,0,10
35250374,female,85,45,0,45,0,0,0
35250374,male,85,55,10,20,0,0,0
35250375,female,80,80,0,25,0,0,0
35250375,male,85,55,0,20,0,0,0
35250376,female,90,70,15,10,0,0,0
35250376,male,65,45,0,20,0,0,0
35250377,female,45,95,10,20,0,15,0
35250377,male,55,85,0,35,0,0,0
35250378,female,90,70,10,15,0,10,0
35250378,male,65,40,10,30,0,10,0
35250379,female,65,60,10,20,0,10,0
35250379,male,35,15,0,10,0,0,0
35250380,female,40,50,10,40,10,10,0
35250380,male,45,50,0,45,10,10,0
35250381,female,70,75,10,25,0,15,0
35250381,male,65,30,0,30,0,0,0
35250382,female,75,70,0,40,0,0,0
35250382,male,70,70,0,40,0,10,0
35250383,female,100,50,0,15,0,10,0
35250383,male,100,75,0,10,0,15,0
35250384,female,35,60,10,15,0,10,0
35250384,male,145,40,0,15,0,20,0
35250385,female,80,35,10,45,0,10,0
35250385,male,50,40,0,40,10,0,0
35250387,female,40,25,0,35,0,35,10
35250387,male,20,25,10,45,0,30,15
35250388,female,35,50,0,70,0,40,10
35250388,male,25,30,0,55,10,25,10
35250389,female,15,20,0,65,10,30,15
35250389,male,20,30,0,45,15,25,0
35250390,female,35,45,0,90,0,25,0
35250390,male,45,50,0,20,0,15,10
35250391,female,40,55,0,50,0,30,10
35250391,male,40,65,10,50,10,30,10
35250392,female,30,40,0,90,0,35,25
35250392,male,40,15,0,50,0,35,10
35250393,female,60,55,0,50,0,20,15
35250393,male,45,40,10,60,10,0,10
35250394,female,75,105,0,80,0,10,0
35250394,male,150,45,15,45,0,25,15
35250395,female,85,70,10,50,0,20,0
35250395,male,125,60,0,25,10,15,10
35250396,female,75,70,15,40,0,20,0
35250396,male,90,35,10,45,0,25,0
35250397,female,55,95,10,35,15,10,0
35250397,male,55,65,10,45,0,15,0
35250398,female,25,10,0,10,0,0,0
35250398,male,65,20,0,15,0,0,0
35250399,female,140,50,10,15,0,0,0
35250399,male,135,75,10,30,0,10,10
35250400,female,75,75,10,60,0,35,15
35250400,male,50,45,0,65,0,15,15
35250401,female,55,60,10,90,0,15,0
35250401,male,80,40,0,70,0,20,15
35250402,female,45,35,0,55,0,20,0
35250402,male,40,45,10,60,0,15,10
35250403,female,60,70,0,75,0,25,15
35250403,male,75,70,0,60,0,20,25
35250404,female,25,20,10,65,0,25,15
35250404,male,25,30,0,30,0,20,10
35250405,female,30,45,0,45,0,25,0
35250405,male,40,15,0,25,0,10,0
35250406,female,65,65,10,75,0,40,10
35250406,male,75,35,0,45,0,10,0
35250407,female,60,30,10,45,0,0,0
35250407,male,100,20,0,35,0,0,0
35250408,female,70,30,10,40,0,15,0
35250408,male,80,55,10,30,0,15,0
35250409,female,50,25,0,35,0,10,0
35250409,male,50,20,0,15,0,15,10
35250410,female,35,60,15,50,0,0,0
35250410,male,45,15,10,45,0,0,0
35250411,female,55,75,15,35,0,10,0
35250411,male,60,55,0,35,0,0,0
35250412,female,65,40,10,40,0,10,10
35250412,male,50,40,10,15,0,0,10
35250413,female,65,25,10,70,0,30,0
35250413,male,80,30,0,35,0,20,10
35250416,female,45,35,0,20,0,10,10
35250416,male,70,35,10,30,0,0,10
35250417,female,25,75,0,25,0,0,10
35250417,male,35,25,0,20,0,20,0
35250418,female,50,45,10,85,0,10,10
35250418,male,60,30,10,40,10,20,10
35250419,female,35,35,15,30,0,10,10
35250419,male,70,55,10,40,0,15,15
35250420,female,45,65,15,105,25,65,15
35250420,male,70,55,10,95,35,55,35
35250421,female,65,65,0,80,0,15,0
35250421,male,75,30,0,55,0,25,0
35250422,female,55,65,25,40,0,10,0
35250422,male,140,55,20,55,0,10,10
35250423,female,90,80,15,65,0,15,0
35250423,male,65,55,0,40,10,35,10
35250424,female,70,55,10,65,0,20,0
35250424,male,70,45,0,70,0,20,10
35250425,female,100,105,20,55,25,35,0
35250425,male,100,70,25,70,0,20,15
35250426,female,40,25,10,85,0,35,10
35250426,male,30,20,0,65,0,20,10
35250427,female,20,35,0,75,0,25,0
35250427,male,20,30,0,10,10,15,0
35250428,female,70,65,0,35,0,15,0
35250428,male,50,50,0,25,0,25,0
35250429,female,25,40,0,20,0,0,0
35250429,male,80,30,10,15,0,25,0
35250430,female,70,45,0,30,0,20,10
35250430,male,55,40,0,35,0,10,0
35250431,female,15,65,10,45,0,25,0
35250431,male,95,45,10,20,0,10,0
35250434,female,155,115,0,120,25,30,0
35250434,male,165,100,10,130,20,55,0
35250435,female,35,30,15,25,0,0,0
35250435,male,75,60,10,40,0,10,0
35250436,female,75,40,20,20,0,0,0
35250436,male,80,35,0,0,0,0,0
35250437,female,40,50,0,20,0,20,0
35250437,male,90,20,0,45,0,15,0
35250438,female,45,20,10,10,0,0,0
35250438,male,55,25,0,25,0,0,0
35250439,female,95,65,0,20,0,15,0
35250439,male,120,40,0,15,0,10,0
35250440,female,50,95,0,35,10,10,0
35250440,male,95,70,15,60,0,20,0
35250441,female,45,85,0,50,0,0,0
35250441,male,70,45,0,25,10,0,0
35250442,female,80,75,0,40,0,10,10
35250442,male,60,90,10,45,10,10,0
35250443,female,55,70,0,20,0,0,0
35250443,male,100,25,0,25,0,0,0
35250444,female,50,75,0,35,0,10,0
35250444,male,55,30,10,20,0,0,0
35250445,female,45,90,0,20,0,0,0
35250445,male,50,45,0,15,0,0,0
35250446,female,55,65,0,25,0,15,10
35250446,male,70,60,0,35,0,0,10
35250447,female,25,35,0,10,0,0,0
35250447,male,55,25,0,0,0,10,0
35250448,female,95,80,15,25,0,15,0
35250448,male,95,50,10,25,0,10,10
35250449,female,35,50,0,30,0,15,0
35250449,male,65,25,10,20,0,10,0
35250450,female,55,50,0,20,10,10,15
35250450,male,40,35,0,10,0,10,10
35250451,female,20,30,0,10,0,0,0
35250451,male,35,10,0,0,0,0,0
35250452,female,40,25,0,35,10,10,0
35250452,male,25,20,0,35,0,10,0
35250453,female,40,50,0,20,0,10,0
35250453,male,55,35,0,10,0,10,0
35250454,female,65,115,0,20,0,10,0
35250454,male,100,55,0,25,0,15,0
35250455,female,50,45,10,30,0,15,0
35250455,male,75,50,10,20,0,10,0
35250456,female,65,55,10,0,0,10,0
35250456,male,80,40,0,15,0,0,0
35250457,female,x,x,x,x,x,x,x
35250457,male,x,x,x,x,x,x,x
35250458,female,40,55,0,30,0,0,0
35250458,male,55,15,0,15,0,0,0
35250459,female,65,80,10,10,0,0,0
35250459,male,90,65,10,30,0,0,0
35250460,female,40,25,0,15,0,0,0
35250460,male,30,35,0,0,0,0,0
35250461,female,60,55,0,30,0,0,0
35250461,male,75,15,0,10,0,0,0
35250462,female,65,35,10,15,0,0,0
35250462,male,30,25,10,10,0,0,0
35250463,female,25,45,0,15,0,10,0
35250463,male,50,30,0,0,0,10,0
35250464,female,60,10,0,15,0,0,0
35250464,male,35,15,0,15,0,10,0
35250465,female,70,45,10,15,0,10,0
35250465,male,100,40,0,75,0,0,0
35250466,female,55,15,10,25,0,0,10
35250466,male,20,20,0,15,0,0,0
35250467,female,140,25,0,20,0,0,0
35250467,male,95,55,0,20,10,15,10
35250468,female,40,25,0,25,0,10,0
35250468,male,60,45,0,30,10,20,0
35250471,female,30,35,0,10,0,0,0
35250471,male,50,15,0,10,0,10,0
35250472,female,55,50,0,20,0,0,10
35250472,male,40,20,0,20,0,0,0
35250473,female,35,35,0,0,0,10,0
35250473,male,30,20,0,0,0,0,0
35250474,female,70,35,0,25,0,10,0
35250474,male,90,60,0,20,0,10,0
35250475,female,30,45,10,15,0,0,0
35250475,male,70,45,0,20,0,10,0
35250476,female,55,25,10,0,0,10,0
35250476,male,50,25,0,10,0,0,0
35250477,female,50,55,0,15,0,0,0
35250477,male,55,35,0,0,0,10,0
35250478,female,30,40,0,20,0,0,0
35250478,male,50,20,0,25,0,10,0
35250479,female,40,50,0,15,0,0,0
35250479,male,60,35,0,15,0,10,0
35250480,female,75,45,0,10,10,10,0
35250480,male,50,15,0,15,0,0,0
35250481,female,45,10,0,10,0,0,0
35250481,male,60,0,0,0,0,0,0
35250482,female,65,25,0,0,0,0,0
35250482,male,60,30,0,10,0,0,0
35250483,female,45,40,0,10,0,0,0
35250483,male,55,35,10,0,0,0,0
35250484,female,45,25,0,0,0,0,0
35250484,male,55,20,0,15,0,0,0
35250485,female,55,40,0,15,0,0,0
35250485,male,40,20,0,0,0,0,0
35250486,female,115,50,10,30,0,10,0
35250486,male,85,60,10,15,0,0,0
35250487,female,25,45,0,25,0,0,0
35250487,male,30,15,0,15,0,0,0
35250488,female,55,55,0,0,0,0,0
35250488,male,75,35,0,10,0,0,0
35250489,female,30,15,0,20,10,15,0
35250489,male,60,25,0,10,0,10,0
35250490,female,50,35,0,20,0,20,10
35250490,male,100,10,10,0,0,0,0
35250491,female,35,45,0,0,0,0,0
35250491,male,20,15,0,10,0,10,0
35250492,female,50,25,0,10,0,10,0
35250492,male,25,35,10,10,0,10,0
35250493,female,35,20,10,30,0,10,0
35250493,male,20,40,0,20,0,0,0
35250494,female,40,50,0,10,0,10,0
35250494,male,60,15,0,0,0,10,0
35250495,female,35,45,0,25,0,10,0
35250495,male,55,25,0,10,0,10,0
35250496,female,35,15,10,0,10,0,0
35250496,male,10,15,10,10,0,0,0
35250497,female,55,40,0,55,0,25,10
35250497,male,65,35,0,50,0,20,10
35250498,female,65,45,0,35,0,10,10
35250498,male,85,35,0,35,0,0,0
35250499,female,35,25,0,40,0,15,0
35250499,male,55,25,10,40,0,15,15
35250501,female,30,30,0,80,0,35,25
35250501,male,45,10,10,65,0,30,0
35250502,female,45,20,0,50,0,35,10
35250502,male,55,40,0,45,0,10,35
35250503,female,50,35,0,45,0,25,10
35250503,male,30,60,0,75,0,15,20
35250504,female,60,50,0,105,10,20,10
35250504,male,105,25,0,35,0,20,10
35250506,female,30,70,0,20,10,20,15
35250506,male,60,30,0,15,0,15,15
35250507,female,50,50,0,55,0,30,10
35250507,male,40,50,10,30,0,0,10
35250508,female,40,35,0,40,10,45,15
35250508,male,30,30,10,45,15,25,15
35250509,female,65,40,10,65,10,20,25
35250509,male,40,40,0,60,10,25,15
35250510,female,35,25,0,100,10,35,10
35250510,male,35,30,0,60,0,15,10
35250511,female,70,50,0,100,0,40,0
35250511,male,45,60,0,45,0,25,10
35250512,female,35,65,0,30,0,25,0
35250512,male,40,40,0,30,0,10,10
35250513,female,45,40,0,60,0,30,0
35250513,male,75,35,0,45,10,10,10
35250514,female,25,65,15,120,25,55,20
35250514,male,65,25,0,110,55,35,30
35250515,female,15,50,0,35,0,15,10
35250515,male,20,35,0,55,10,0,0
35250516,female,100,85,10,75,10,15,10
35250516,male,105,70,0,30,10,25,0
35250517,female,30,50,10,40,0,10,0
35250517,male,30,35,10,15,0,0,0
35250518,female,25,40,0,15,0,15,0
35250518,male,35,25,0,25,0,10,0
35250519,female,85,65,10,20,10,10,0
35250519,male,105,65,0,25,0,0,0
35250520,female,60,85,0,50,0,10,0
35250520,male,90,55,0,30,0,0,10
35250521,female,65,40,0,30,0,15,0
35250521,male,50,75,0,30,0,15,0
35250522,female,20,15,0,35,0,0,0
35250522,male,35,20,0,15,0,10,0
35250523,female,55,40,0,30,0,15,0
35250523,male,65,30,10,15,0,10,0
35250524,female,60,40,0,25,0,0,0
35250524,male,50,25,10,15,0,0,0
35250525,female,60,45,0,40,0,0,0
35250525,male,35,30,0,10,0,15,10
35250526,female,195,145,10,55,0,20,0
35250526,male,125,60,0,30,0,10,10
35250527,female,40,55,0,40,10,10,0
35250527,male,60,25,0,10,0,0,0
35250528,female,40,50,0,20,0,0,0
35250528,male,35,45,0,20,0,0,0
35250529,female,65,50,0,10,10,0,0
35250529,male,50,25,10,10,0,10,0
35250530,female,55,60,0,15,0,10,0
35250530,male,45,45,15,10,0,0,0
35250531,female,75,55,0,20,0,0,0
35250531,male,70,50,10,10,0,0,0
35250532,female,70,45,10,15,0,0,0
35250532,male,70,30,0,10,0,10,0
35250533,female,140,80,10,10,0,0,0
35250533,male,70,45,0,20,10,0,0
35250534,female,75,70,10,25,0,10,0
35250534,male,70,50,0,0,0,0,0
35250535,female,60,80,0,15,0,0,10
35250535,male,40,35,0,20,0,15,0
35250536,female,65,50,0,15,0,0,0
35250536,male,65,35,0,25,0,0,0
35250537,female,130,50,10,25,0,0,0
35250537,male,115,70,0,20,0,0,0
35250538,female,80,75,0,25,0,0,0
35250538,male,75,75,10,25,0,10,0
35250539,female,65,100,40,35,0,0,10
35250539,male,45,100,0,15,0,0,0
35250540,female,80,75,10,25,0,0,0
35250540,male,80,60,0,35,0,0,0
35250541,female,60,45,10,20,0,10,0
35250541,male,55,25,0,25,0,10,0
35250542,female,50,65,10,30,0,0,0
35250542,male,50,30,0,45,10,10,0
35250545,female,45,40,10,25,0,0,0
35250545,male,50,30,0,10,0,10,0
35250546,female,55,60,0,10,0,0,0
35250546,male,90,30,0,15,0,0,0
35250547,female,55,50,0,20,0,10,0
35250547,male,55,25,0,30,0,0,0
35250548,female,90,70,10,20,0,0,0
35250548,male,75,60,10,10,0,0,0
35250549,female,75,70,0,20,0,0,0
35250549,male,60,35,0,10,0,0,0
35250550,female,60,65,10,10,0,0,0
35250550,male,65,15,10,20,0,0,0
35250551,female,70,65,0,30,0,0,0
35250551,male,70,40,0,20,0,10,0
35250552,female,70,35,10,15,0,10,0
35250552,male,70,15,0,0,0,0,0
35250553,female,70,70,0,30,0,10,0
35250553,male,70,35,0,15,0,0,0
35250554,female,80,65,0,25,0,0,0
35250554,male,75,40,10,0,0,0,0
35250555,female,85,75,0,20,0,0,0
35250555,male,80,25,0,10,0,0,0
35250556,female,60,75,15,20,0,10,0
35250556,male,80,75,0,0,0,0,0
35250557,female,70,105,10,10,0,10,0
35250557,male,90,45,0,10,0,0,0
35250558,female,40,70,0,10,0,10,0
35250558,male,55,50,0,10,0,0,0
35250559,female,70,45,0,35,0,0,0
35250559,male,70,35,0,15,0,0,0
35250560,female,85,75,0,20,0,0,0
35250560,male,75,50,0,10,0,10,0
35250561,female,55,30,15,25,0,10,0
35250561,male,30,35,0,20,0,0,0
35250562,female,30,85,0,20,0,10,0
35250562,male,85,40,0,10,0,0,0
35250563,female,90,95,0,20,0,0,0
35250563,male,85,20,10,0,0,10,0
35250564,female,70,65,0,25,0,0,0
35250564,male,75,45,0,35,0,0,0
35250565,female,85,125,0,40,0,0,0
35250565,male,125,105,10,15,0,0,0
35250566,female,75,55,0,25,0,0,0
35250566,male,50,35,15,20,0,0,0
35250567,female,80,50,0,20,0,10,0
35250567,male,75,50,10,20,0,10,0
35250568,female,110,80,10,15,0,0,0
35250568,male,80,40,0,15,0,0,0
35250569,female,60,40,10,25,0,0,0
35250569,male,65,10,10,10,0,15,0
35250570,female,70,65,0,10,0,10,0
35250570,male,25,40,0,15,0,0,0
35250571,female,75,45,0,25,0,0,0
35250571,male,30,45,0,10,0,0,0
35250572,female,55,55,0,20,0,0,10
35250572,male,85,60,10,15,0,0,0
35250573,female,115,140,10,70,0,30,0
35250573,male,145,120,10,50,10,15,10
35250574,female,40,40,0,40,0,15,0
35250574,male,60,45,0,10,0,0,0
35250578,female,110,115,0,20,0,0,0
35250578,male,70,70,10,15,0,0,0
35250579,female,60,45,10,30,10,0,0
35250579,male,65,40,10,25,10,10,10
35250580,female,25,35,10,0,0,10,0
35250580,male,10,10,0,20,0,0,0
35250581,female,90,105,10,40,0,10,0
35250581,male,95,65,0,30,0,10,0
35250582,female,65,80,10,35,0,0,10
35250582,male,85,40,10,30,0,15,10
35250583,female,80,80,0,55,10,0,0
35250583,male,70,65,10,40,0,10,0
35250585,female,90,60,10,30,0,10,0
35250585,male,90,70,0,30,0,15,0
35250586,female,140,135,10,115,0,30,0
35250586,male,130,140,10,70,10,30,10
35250587,female,50,30,0,35,0,0,0
35250587,male,45,25,0,20,0,0,0
35250588,female,65,45,15,10,0,15,0
35250588,male,55,35,0,10,0,0,0
35250589,female,75,95,0,40,0,0,0
35250589,male,85,95,0,15,0,10,0
35250590,female,65,35,0,45,0,15,0
35250590,male,30,55,0,15,0,10,0
35250591,female,95,95,0,60,0,0,0
35250591,male,95,65,0,35,0,15,0
35250592,female,75,80,0,55,0,0,0
35250592,male,65,45,10,25,0,0,0
35250593,female,45,55,0,10,10,0,0
35250593,male,60,20,0,10,0,0,0
35250594,female,70,75,0,15,0,0,0
35250594,male,60,35,0,20,10,0,0
35250595,female,85,45,10,10,0,15,0
35250595,male,75,40,0,35,0,10,0
35250596,female,100,75,0,30,0,10,0
35250596,male,65,50,0,15,10,10,0
35250597,female,50,65,10,20,0,0,0
35250597,male,80,30,10,15,0,0,0
35250598,female,55,65,0,15,0,10,0
35250598,male,45,45,0,15,0,0,0
35250599,female,85,65,0,0,0,0,0
35250599,male,60,25,0,0,0,0,0
35250600,female,35,35,0,10,0,10,0
35250600,male,45,25,10,10,0,10,0
35250601,female,95,50,10,25,0,0,0
35250601,male,40,20,0,0,0,0,0
35250602,female,95,30,0,0,0,0,0
35250602,male,60,30,10,10,0,0,0
35250603,female,90,85,0,30,0,0,0
35250603,male,105,85,0,10,0,0,10
35250604,female,55,55,0,15,0,0,0
35250604,male,55,50,0,25,0,0,0
35250605,female,70,40,0,0,0,0,0
35250605,male,25,35,0,10,0,10,0
35250606,female,65,45,10,25,0,10,0
35250606,male,80,35,0,15,0,0,0
35250607,female,95,65,0,10,0,0,0
35250607,male,50,45,0,15,0,0,0
35250608,female,50,45,10,10,0,0,0
35250608,male,70,30,0,0,0,0,0
35250609,female,80,70,0,15,0,10,0
35250609,male,70,45,0,10,0,0,0
35250610,female,90,60,0,15,0,15,0
35250610,male,80,50,0,15,0,0,0
35250611,female,60,45,10,15,0,10,0
35250611,male,80,20,0,10,0,0,0
35250612,female,75,95,0,25,10,0,0
35250612,male,60,50,0,15,0,10,0
35250613,female,150,125,15,10,0,0,0
35250613,male,125,90,10,30,0,0,0
35250614,female,30,20,0,25,0,0,0
35250614,male,40,20,0,10,0,0,0
35250615,female,55,60,10,20,0,0,0
35250615,male,35,45,10,20,0,0,0
35250616,female,40,10,0,15,0,0,0
35250616,male,45,20,0,0,0,0,0
35250617,female,80,65,0,20,0,0,0
35250617,male,45,40,10,20,0,0,0
35250618,female,35,40,0,15,0,0,0
35250618,male,80,15,0,0,0,0,0
35250619,female,75,45,0,25,0,10,0
35250619,male,90,55,0,10,0,0,0
35250620,female,25,40,0,35,0,10,0
35250620,male,45,35,0,25,0,10,0
35250621,female,105,130,10,55,0,15,0
35250621,male,100,90,0,45,0,0,0
35250622,female,55,35,0,20,0,0,0
35250622,male,55,35,0,15,0,10,0
35250623,female,40,75,0,10,0,10,0
35250623,male,35,50,0,0,0,0,0
35250624,female,60,50,0,30,0,0,0
35250624,male,50,25,10,10,0,0,0
35250625,female,65,40,0,15,0,0,0
35250625,male,75,10,0,0,0,0,0
35250626,female,65,65,10,20,10,0,0
35250626,male,60,50,0,20,0,0,0
35250627,female,75,60,0,25,0,0,0
35250627,male,85,40,0,25,0,0,10
35250628,female,65,55,0,25,0,0,0
35250628,male,50,40,0,15,0,10,10
35250629,female,150,90,15,30,0,0,0
35250629,male,125,60,0,25,0,20,0
35250630,female,80,80,0,10,0,10,0
35250630,male,90,25,0,15,0,0,0
35250631,female,65,60,0,30,10,0,0
35250631,male,55,50,10,10,0,0,0
35250632,female,105,70,0,0,0,10,0
35250632,male,105,35,0,0,0,0,0
35250633,female,30,35,0,20,0,10,0
35250633,male,20,30,0,10,0,0,0
35250634,female,90,90,0,10,0,0,0
35250634,male,60,45,0,15,0,10,0
35250635,female,40,50,0,30,0,0,0
35250635,male,50,35,0,15,0,10,0
35250636,female,100,110,10,80,0,0,0
35250636,male,105,75,10,45,10,10,0
35250637,female,150,150,10,55,0,15,0
35250637,male,135,85,10,50,0,10,0
35250638,female,35,45,10,0,0,15,0
35250638,male,10,25,0,10,0,10,0
35250639,female,95,90,10,60,0,0,0
35250639,male,80,55,0,45,0,10,0
35250640,female,90,60,10,50,0,0,0
35250640,male,65,20,0,25,0,0,0
35250641,female,65,55,0,25,0,0,0
35250641,male,50,35,10,10,0,10,0
35250642,female,90,65,25,15,0,15,0
35250642,male,50,60,20,30,0,0,0
35250643,female,45,50,0,45,0,0,0
35250643,male,100,60,0,25,0,0,0
35250644,female,45,25,0,45,0,10,0
35250644,male,45,35,0,20,10,0,0
35250645,female,70,75,10,35,0,0,0
35250645,male,75,80,10,35,0,0,0
35250646,female,105,115,10,35,0,0,0
35250646,male,125,80,10,20,0,15,0
35250647,female,110,105,0,80,0,20,0
35250647,male,100,55,10,50,0,0,0
35250648,female,125,120,10,40,0,10,0
35250648,male,100,75,0,30,0,10,10
35250649,female,90,110,0,30,0,10,0
35250649,male,70,70,10,25,0,15,0
35250650,female,55,65,10,15,0,10,0
35250650,male,60,20,0,15,0,20,0
35250651,female,20,50,0,15,0,15,0
35250651,male,35,45,0,25,0,15,0
35250652,female,55,90,10,65,0,10,0
35250652,male,85,80,0,25,10,10,0
35250655,female,125,190,10,160,0,15,0
35250655,male,155,160,25,115,0,15,15
35250656,female,95,50,0,45,0,0,0
35250656,male,50,25,0,20,10,10,0
35250657,female,55,90,15,70,0,10,0
35250657,male,100,80,0,40,0,0,0
35250658,female,20,55,0,10,0,10,0
35250658,male,40,20,0,10,0,0,0
35250659,female,90,95,10,20,0,0,0
35250659,male,50,75,10,35,0,0,0
35250661,female,130,130,10,95,0,30,0
35250661,male,170,70,10,75,10,15,10
35250662,female,130,235,20,140,0,35,10
35250662,male,175,190,0,135,10,35,0
35250663,female,60,85,10,65,0,15,10
35250663,male,75,55,15,35,0,10,0
35250664,female,45,70,10,20,0,10,0
35250664,male,55,40,0,20,0,0,0
35250665,female,50,75,0,35,0,25,0
35250665,male,75,35,10,30,10,15,0
35250666,female,70,45,0,25,0,0,0
35250666,male,60,40,10,10,0,0,0
35250667,female,40,25,0,10,0,0,0
35250667,male,10,15,0,10,0,0,0
35250668,female,70,25,0,25,0,10,10
35250668,male,45,40,10,35,0,20,10
35250669,female,65,10,10,0,0,15,10
35250669,male,95,10,0,10,0,0,10
35250670,female,15,15,0,35,0,15,10
35250670,male,40,10,0,45,0,10,25
35250671,female,45,20,0,20,0,10,10
35250671,male,50,0,0,25,0,10,15
35250672,female,10,15,10,70,0,0,15
35250672,male,75,0,10,45,0,10,20
35250675,female,60,15,0,45,0,50,0
35250675,male,90,25,0,60,0,20,10
35250676,female,25,10,0,55,15,20,15
35250676,male,105,20,0,15,0,10,30
35250677,female,15,15,0,95,0,40,15
35250677,male,30,30,10,60,0,25,20
35250678,female,45,25,0,90,20,25,15
35250678,male,30,10,0,45,30,30,30
35250679,female,105,20,0,60,0,50,0
35250679,male,65,15,10,55,20,35,20
35250680,female,55,45,0,60,0,25,15
35250680,male,50,35,10,45,0,40,10
35250681,female,155,70,15,55,0,10,0
35250681,male,110,55,0,75,10,15,10
35250692,female,70,25,0,10,0,0,0
35250692,male,60,15,0,10,0,0,0
35250693,female,15,25,10,20,0,0,0
35250693,male,35,35,0,0,0,0,10
35250694,female,45,35,0,10,0,0,0
35250694,male,40,15,0,10,0,0,0
35250695,female,25,10,0,10,0,0,0
35250695,male,60,30,10,10,0,0,0
35250696,female,60,10,0,10,0,0,0
35250696,male,40,30,0,10,0,0,0
35250700,female,65,40,0,10,0,10,0
35250700,male,35,35,0,20,0,0,0
35250701,female,65,85,0,0,0,0,0
35250701,male,35,20,0,15,0,0,0
35250702,female,65,85,0,25,10,0,0
35250702,male,75,35,0,0,0,0,0
35250703,female,60,40,0,10,0,0,0
35250703,male,65,30,0,20,0,0,0
35250704,female,55,70,0,20,0,0,0
35250704,male,80,30,0,0,0,0,0
35250705,female,60,65,10,20,0,10,0
35250705,male,100,55,10,20,0,0,0
35250706,female,60,55,0,15,0,0,0
35250706,male,135,15,10,0,0,0,0
35250707,female,70,40,0,10,0,10,0
35250707,male,50,10,0,15,0,15,0
35250708,female,75,65,10,10,0,0,0
35250708,male,115,20,0,10,0,0,0
35250709,female,70,30,10,10,0,10,0
35250709,male,40,20,0,0,0,0,0
35250710,female,70,40,10,15,0,0,0
35250710,male,100,20,0,10,0,0,0
35250711,female,70,20,0,10,0,10,0
35250711,male,40,35,10,10,0,0,0
35250712,female,40,45,0,10,0,10,0
35250712,male,45,45,0,10,0,0,0
35250713,female,40,35,0,20,0,10,0
35250713,male,35,40,0,10,0,0,0
35250714,female,40,50,10,15,0,10,0
35250714,male,70,15,0,10,0,0,0
35250715,female,60,55,10,10,0,0,0
35250715,male,55,75,10,0,0,10,0
35250716,female,55,45,10,20,0,0,10
35250716,male,100,50,0,20,0,10,0
35250717,female,95,35,10,30,0,10,0
35250717,male,80,35,0,20,0,10,0
35250718,female,35,70,0,40,0,0,0
35250718,male,60,45,0,15,0,15,0
35250719,female,60,30,0,10,0,10,0
35250719,male,55,45,0,15,0,0,0
35250720,female,70,65,0,50,0,0,0
35250720,male,65,50,10,30,0,20,0
35250721,female,80,55,0,15,0,0,0
35250721,male,95,25,0,10,0,0,0
35250724,female,45,45,0,30,0,10,0
35250724,male,70,35,10,35,0,10,0
35250725,female,40,40,0,35,0,10,10
35250725,male,60,25,10,35,0,10,0
35250726,female,50,75,0,20,0,10,0
35250726,male,65,55,0,10,0,10,0
35250727,female,15,10,0,25,0,0,0
35250727,male,25,25,0,10,0,0,0
35250728,female,35,50,10,35,0,10,0
35250728,male,70,60,0,20,0,0,0
35250729,female,60,50,0,30,0,0,0
35250729,male,70,55,15,15,0,0,0
35250730,female,90,45,0,15,0,0,0
35250730,male,65,50,0,10,0,10,0
35250731,female,90,85,0,30,0,0,0
35250731,male,80,45,10,15,0,0,0
35250732,female,40,50,0,40,0,0,0
35250732,male,40,45,0,25,0,0,0
35250733,female,70,90,10,55,0,10,0
35250733,male,80,55,0,60,0,10,0
35250734,female,105,70,0,15,0,0,0
35250734,male,90,20,10,15,0,0,0
35250735,female,30,65,10,35,0,20,0
35250735,male,45,45,10,30,0,15,0
35250736,female,70,75,0,30,0,10,0
35250736,male,85,55,10,10,0,0,0
35250737,female,70,60,0,40,0,10,0
35250737,male,50,15,10,20,0,0,0
35250738,female,70,50,0,35,0,15,0
35250738,male,65,35,0,10,0,25,0
35250739,female,85,70,10,10,0,0,0
35250739,male,70,45,0,20,0,0,0
35250740,female,100,60,10,25,0,0,0
35250740,male,95,75,0,15,0,0,0
35250741,female,75,65,0,20,0,0,0
35250741,male,80,50,10,25,0,10,0
35250742,female,85,60,10,15,0,10,0
35250742,male,70,50,10,25,0,0,0
35250743,female,60,50,10,15,0,10,0
35250743,male,65,55,0,15,0,0,0
35250744,female,95,100,0,45,0,0,0
35250744,male,135,50,0,10,0,0,0
35250745,female,40,60,0,20,0,0,0
35250745,male,40,50,10,10,0,0,0
35250746,female,55,50,0,15,0,0,0
35250746,male,45,30,0,0,0,0,0
35250747,female,65,45,0,0,0,10,0
35250747,male,75,25,0,0,0,0,0
35250748,female,60,40,10,0,0,0,0
35250748,male,65,40,0,0,0,0,0
35250749,female,50,55,10,15,0,0,0
35250749,male,95,25,0,10,0,0,0
35250750,female,70,55,0,10,0,0,0
35250750,male,70,35,10,0,0,0,0
35250753,female,100,25,0,20,0,0,0
35250753,male,65,30,0,15,0,0,0
35250754,female,40,55,0,0,0,0,0
35250754,male,40,50,0,15,0,0,0
35250755,female,60,35,0,10,0,0,0
35250755,male,80,35,0,10,0,0,0
35250756,female,110,55,0,0,0,0,0
35250756,male,95,55,0,0,0,0,0
35250757,female,50,50,0,15,0,0,0
35250757,male,70,25,0,10,0,0,0
35250758,female,55,55,10,0,0,0,0
35250758,male,40,35,0,0,0,0,0
35250759,female,55,40,10,10,0,0,0
35250759,male,45,25,0,10,0,0,0
35250760,female,60,60,10,10,0,0,0
35250760,male,70,25,0,0,0,0,0
35250761,female,60,65,0,10,0,0,0
35250761,male,90,30,0,0,0,0,0
35250762,female,95,40,0,10,0,0,0
35250762,male,90,20,10,0,0,0,0
35250763,female,125,40,10,10,0,0,0
35250763,male,125,30,10,0,0,0,0
35250764,female,80,55,0,20,0,0,0
35250764,male,45,20,0,10,0,0,0
35250765,female,80,40,0,10,0,0,0
35250765,male,90,25,0,0,0,0,0
35250766,female,70,60,0,10,0,0,0
35250766,male,65,35,0,0,0,0,0
35250767,female,50,30,0,0,0,0,0
35250767,male,40,40,0,10,0,0,0
35250768,female,45,45,0,15,0,0,0
35250768,male,65,30,0,10,0,0,0
35250769,female,85,35,0,10,0,0,0
35250769,male,60,35,10,0,0,10,0
35250770,female,55,70,0,0,0,0,0
35250770,male,70,25,0,10,0,0,0
35250771,female,80,60,0,10,0,0,0
35250771,male,100,45,0,0,0,0,0
35250772,female,45,45,0,0,0,0,0
35250772,male,80,25,0,10,0,0,0
35250773,female,105,45,0,10,0,0,0
35250773,male,55,30,0,10,0,0,0
35250774,female,55,40,0,10,0,10,0
35250774,male,55,15,0,0,0,0,0
35250775,female,20,55,0,0,0,0,0
35250775,male,95,15,10,0,0,10,0
35250776,female,35,40,0,10,0,0,0
35250776,male,30,35,0,0,0,0,0
35250777,female,50,55,0,25,0,0,0
35250777,male,50,35,10,0,0,10,0
35250778,female,60,60,0,10,0,0,0
35250778,male,40,20,0,10,0,0,0
35250779,female,50,25,0,15,0,0,0
35250779,male,65,10,0,0,10,0,0
35250780,female,50,50,0,15,0,0,0
35250780,male,70,25,0,0,0,0,0
35250781,female,70,45,10,10,0,0,0
35250781,male,75,40,10,0,0,10,0
35250782,female,30,55,0,10,0,10,0
35250782,male,35,45,0,0,0,0,0
35250783,female,90,55,0,10,0,10,0
35250783,male,75,20,0,10,0,0,0
35250784,female,90,40,10,20,0,0,0
35250784,male,60,30,10,10,0,0,0
35250785,female,80,85,0,20,0,10,0
35250785,male,85,25,0,15,0,0,0
35250786,female,60,60,10,25,0,0,0
35250786,male,80,25,0,0,0,0,0
35250787,female,70,110,10,50,0,0,0
35250787,male,105,50,10,35,0,0,0
35250788,female,75,60,0,25,0,10,10
35250788,male,65,45,20,15,0,10,0
35250789,female,75,70,0,35,10,10,0
35250789,male,50,35,10,25,0,10,0
35250790,female,85,70,0,35,0,0,0
35250790,male,90,30,0,35,0,15,0
35250791,female,45,60,0,40,10,0,0
35250791,male,70,25,0,25,0,10,0
35250792,female,75,50,0,25,0,10,0
35250792,male,60,75,0,10,0,10,0
35250793,female,70,40,0,25,0,0,0
35250793,male,75,25,0,10,0,10,0
35250798,female,30,10,0,10,0,0,0
35250798,male,45,20,0,10,0,0,0
35250799,female,60,40,0,15,0,10,0
35250799,male,40,15,10,15,0,0,0
35250800,female,50,60,0,15,0,0,0
35250800,male,80,25,0,10,0,0,0
35250801,female,70,135,15,80,0,35,10
35250801,male,105,70,10,50,0,20,0
35250802,female,25,35,0,50,0,20,0
35250802,male,55,30,0,25,0,15,0
35250803,female,50,35,0,35,0,10,0
35250803,male,50,40,10,25,0,0,0
35250804,female,285,255,20,165,10,90,0
35250804,male,275,180,25,145,25,55,10
35250805,female,95,140,20,90,0,15,0
35250805,male,140,110,20,55,10,15,0
35250806,female,35,55,10,25,10,15,0
35250806,male,80,50,0,20,0,0,0
35250807,female,110,80,20,80,0,20,0
35250807,male,155,75,10,45,0,10,0
35250810,female,130,85,0,60,0,0,0
35250810,male,115,65,10,25,0,25,10
35250812,female,55,40,10,15,0,0,0
35250812,male,45,60,0,20,0,10,0
35250813,female,60,95,10,25,0,10,0
35250813,male,60,75,0,25,0,0,10
35250814,female,50,85,0,25,0,0,0
35250814,male,55,60,0,15,0,0,0
35250815,female,205,165,15,115,0,15,0
35250815,male,185,140,15,60,10,0,0
35250826,female,25,95,10,110,10,50,10
35250826,male,55,45,0,100,10,20,25
35250827,female,40,55,0,15,10,10,0
35250827,male,50,30,0,20,0,0,10
35250828,female,20,15,0,30,10,15,10
35250828,male,35,15,0,35,0,10,0
35250829,female,55,55,10,30,10,20,0
35250829,male,70,55,10,15,0,10,10
35250830,female,80,60,10,15,0,25,10
35250830,male,60,25,10,25,0,10,10
35250831,female,170,150,35,80,10,10,10
35250831,male,110,65,10,50,0,45,10
35250832,female,55,45,0,15,0,0,0
35250832,male,20,20,0,15,0,10,0
35250833,female,35,45,0,30,0,20,0
35250833,male,40,25,0,25,0,10,15
35250834,female,45,35,10,60,0,10,10
35250834,male,40,35,0,20,10,0,10
35250835,female,40,50,0,25,0,25,0
35250835,male,40,45,0,25,0,10,10
35250836,female,90,20,0,35,0,20,0
35250836,male,40,40,10,30,0,10,0
35250843,female,140,145,10,75,0,15,10
35250843,male,115,80,10,50,15,20,10
35250845,female,230,135,10,20,10,0,0
35250845,male,250,100,15,35,0,0,0
35250846,female,185,80,10,10,0,0,0
35250846,male,105,60,15,0,0,0,0
35250847,female,100,40,0,10,0,10,0
35250847,male,120,55,0,20,0,0,0
35250848,female,75,50,15,105,10,65,15
35250848,male,60,65,0,90,10,65,15
35250849,female,110,140,10,70,0,10,0
35250849,male,115,125,30,75,0,20,0
35250850,female,130,150,0,60,0,0,0
35250850,male,130,100,0,45,0,10,0
35250851,female,335,165,15,95,15,25,10
35250851,male,300,120,15,70,10,50,0
35250852,female,285,205,35,85,10,10,0
35250852,male,290,100,10,70,10,25,0
35250853,female,85,60,0,40,0,20,15
35250853,male,125,50,0,40,0,10,10
35250854,female,135,95,10,95,0,30,0
35250854,male,160,85,15,95,0,30,0
35250855,female,85,50,0,140,20,50,15
35250855,male,115,50,15,100,10,70,30
35250857,female,85,70,0,25,0,0,0
35250857,male,105,45,0,20,0,10,0
35250859,female,120,75,0,45,0,10,0
35250859,male,70,50,0,25,0,15,0
35250860,female,225,210,15,135,10,15,10
35250860,male,250,135,10,125,0,25,15
35250861,female,65,65,0,45,0,0,0
35250861,male,65,50,0,40,10,0,0
35250862,female,70,55,10,55,0,20,0
35250862,male,65,35,0,35,10,15,10
35250863,female,65,25,0,20,0,0,0
35250863,male,50,35,0,20,0,10,0
35250864,female,75,35,15,20,0,10,0
35250864,male,90,40,0,20,0,10,0
35250865,female,65,40,0,45,0,15,0
35250865,male,65,60,15,20,10,0,0
35250866,female,70,80,0,0,0,10,0
35250866,male,105,55,0,35,0,10,0
35250867,female,65,65,10,45,0,0,0
35250867,male,70,45,10,30,10,10,0
35250868,female,55,35,0,15,10,15,0
35250868,male,25,25,0,15,10,10,0
35250869,female,65,45,0,50,0,0,0
35250869,male,50,35,0,50,0,10,0
35250870,female,75,90,10,70,10,10,0
35250870,male,100,50,25,35,10,25,0
35250871,female,70,70,10,35,10,0,10
35250871,male,50,45,10,30,10,15,0
35250872,female,100,65,10,70,0,25,0
35250872,male,75,45,10,75,0,40,0
35250873,female,95,60,15,50,0,10,0
35250873,male,85,50,10,50,0,10,0
35250874,female,95,50,15,55,0,0,0
35250874,male,80,70,10,45,0,10,0
35250875,female,80,105,0,40,0,15,0
35250875,male,95,65,10,55,0,10,0
35250876,female,35,50,0,25,15,10,10
35250876,male,50,35,0,15,10,10,0
35250877,female,70,55,0,35,0,0,10
35250877,male,40,40,0,45,0,10,0
35250878,female,60,60,10,30,0,10,0
35250878,male,45,75,0,25,0,15,10
35250879,female,95,60,10,50,0,15,0
35250879,male,85,50,0,35,0,10,0
35250880,female,90,85,0,20,0,0,0
35250880,male,55,35,0,35,0,10,0
35250881,female,60,105,10,35,10,0,0
35250881,male,75,40,10,15,0,10,0
35250882,female,120,85,10,60,0,15,0
35250882,male,100,90,0,50,0,10,0
35250883,female,70,45,0,80,0,20,0
35250883,male,40,55,10,40,0,10,0
35250884,female,50,65,0,70,0,15,0
35250884,male,65,45,10,65,10,0,0
35250885,female,65,55,0,50,0,15,0
35250885,male,55,40,0,45,0,25,0
35250886,female,45,60,10,60,0,20,0
35250886,male,90,60,0,40,0,10,0
35250887,female,75,65,0,85,10,0,0
35250887,male,50,50,10,50,0,20,0
35250888,female,70,65,0,45,10,10,0
35250888,male,65,45,0,25,0,15,0
35250889,female,40,90,10,40,0,15,0
35250889,male,55,50,0,40,0,10,0
35250890,female,55,50,10,55,0,10,0
35250890,male,40,45,0,35,10,10,10
35250891,female,50,55,0,35,0,10,0
35250891,male,25,65,10,20,0,20,0
35250892,female,260,295,25,215,10,60,10
35250892,male,235,265,20,165,0,45,15
35250893,female,65,80,0,45,0,0,0
35250893,male,60,40,0,30,0,0,10
35250894,female,55,90,0,20,10,0,0
35250894,male,55,45,0,20,0,0,0
35250895,female,70,80,15,40,0,10,10
35250895,male,65,75,10,30,0,0,10
35250896,female,45,75,0,50,0,0,0
35250896,male,75,30,10,0,0,0,0
35250897,female,70,70,10,30,10,10,0
35250897,male,40,40,0,30,0,0,10
35250898,female,75,40,10,10,0,10,10
35250898,male,65,30,0,25,0,10,0
35250899,female,55,35,10,15,0,0,0
35250899,male,75,40,0,10,0,0,0
35250900,female,40,20,0,15,10,10,0
35250900,male,30,20,0,20,0,0,0
35250901,female,40,70,10,30,0,10,10
35250901,male,55,60,0,35,0,0,0
35250902,female,40,100,0,30,0,15,0
35250902,male,65,60,0,15,0,0,0
35250903,female,90,80,0,25,0,10,0
35250903,male,105,45,10,45,10,0,0
35250904,female,55,100,10,55,0,10,0
35250904,male,70,55,0,40,0,0,0
35250905,female,70,65,15,35,0,0,0
35250905,male,90,55,10,20,0,10,0
35250906,female,50,35,0,45,0,20,10
35250906,male,40,50,0,25,0,10,0
35250907,female,40,45,0,40,0,0,0
35250907,male,45,40,0,20,0,0,0
35250908,female,50,30,25,40,0,0,0
35250908,male,60,25,0,40,0,10,15
35250909,female,155,140,25,180,0,60,10
35250909,male,150,165,15,145,15,50,40
35250910,female,140,135,30,150,10,25,15
35250910,male,165,100,10,125,0,35,20
35250911,female,60,45,10,90,0,20,0
35250911,male,45,45,0,75,10,30,0
35250912,female,80,50,15,50,10,25,0
35250912,male,50,70,10,60,15,20,0
35250913,female,70,80,20,70,15,20,0
35250913,male,80,45,0,45,15,20,10
35250914,female,50,40,0,45,0,0,0
35250914,male,60,30,10,40,0,20,0
35250918,female,300,305,55,110,0,15,0
35250918,male,150,170,15,95,0,40,15
35250919,female,100,65,0,35,0,0,0
35250919,male,55,55,0,30,0,10,0
35250920,female,165,175,0,105,0,15,0
35250920,male,140,120,10,80,0,20,0
35250921,female,120,65,0,50,0,0,0
35250921,male,115,70,10,20,0,10,0
35250922,female,90,90,0,25,0,10,0
35250922,male,90,70,0,25,10,10,0
35250923,female,70,70,10,15,0,10,0
35250923,male,80,55,0,25,0,0,0
35250924,female,35,70,0,25,0,10,0
35250924,male,55,45,0,10,0,0,0
35250925,female,95,85,10,20,0,0,0
35250925,male,60,65,0,15,0,10,0
35250928,female,95,25,0,25,0,0,0
35250928,male,65,40,10,20,10,10,0
35250929,female,70,80,10,30,0,0,0
35250929,male,85,40,15,45,0,0,0
35250930,female,80,65,15,30,0,10,0
35250930,male,65,45,10,25,0,0,0
35250931,female,80,75,20,30,10,0,0
35250931,male,80,50,0,25,10,0,0
35250932,female,65,75,0,15,0,0,0
35250932,male,70,30,0,10,0,0,0
35250933,female,55,70,10,15,0,0,0
35250933,male,65,70,0,0,0,10,0
35250934,female,45,50,0,20,0,10,10
35250934,male,60,50,0,20,0,0,0
35250935,female,195,130,10,40,0,10,0
35250935,male,145,100,0,25,0,0,0
35250936,female,60,55,10,30,0,0,0
35250936,male,60,45,0,25,0,10,0
35250937,female,115,130,10,40,0,10,15
35250937,male,100,100,0,55,10,30,20
35250938,female,75,100,10,75,0,20,10
35250938,male,80,65,10,35,0,10,0
35250939,female,55,70,10,45,0,10,0
35250939,male,60,45,10,50,0,20,0
35250940,female,40,60,0,55,0,10,0
35250940,male,55,45,10,15,0,25,10
35250941,female,75,80,0,80,0,0,10
35250941,male,100,85,0,50,0,10,20
35250942,female,70,55,0,30,0,0,0
35250942,male,75,25,0,30,0,0,0
35250943,female,65,115,15,95,10,35,0
35250943,male,80,100,0,55,0,45,0
35250944,female,60,55,0,45,0,10,0
35250944,male,75,45,10,35,0,10,0
35250945,female,60,80,10,50,0,15,0
35250945,male,55,65,0,60,0,10,0
35250946,female,50,65,0,40,10,10,0
35250946,male,50,50,0,65,0,15,0
35250947,female,65,115,10,55,10,15,0
35250947,male,60,65,15,40,0,25,0
35250948,female,155,125,10,135,0,50,0
35250948,male,150,125,10,110,0,30,0
35250949,female,45,55,0,30,0,10,0
35250949,male,65,40,10,35,0,10,0
35250950,female,50,40,0,60,0,10,0
35250950,male,55,70,0,20,0,0,0
35250951,female,45,80,10,70,0,30,0
35250951,male,65,55,10,35,0,10,10
35250952,female,150,230,15,230,0,50,10
35250952,male,235,200,0,175,0,55,10
35250953,female,65,25,15,15,0,0,0
35250953,male,60,20,0,0,0,10,10
35250954,female,45,40,0,15,0,10,0
35250954,male,60,25,0,25,0,0,0
35250955,female,20,35,0,0,10,0,0
35250955,male,25,0,0,0,0,0,0
35250956,female,115,50,10,10,0,0,0
35250956,male,80,30,0,30,0,15,0
35250957,female,65,55,0,30,0,0,0
35250957,male,60,30,0,15,0,0,0
35250958,female,40,65,0,10,0,0,0
35250958,male,55,25,0,30,0,0,0
35250959,female,50,50,0,35,0,20,0
35250959,male,90,30,0,20,0,0,0
35250960,female,40,45,0,15,0,0,0
35250960,male,40,15,0,10,0,0,0
35250961,female,70,55,10,15,0,0,0
35250961,male,75,20,0,15,10,0,0
35250962,female,55,70,0,45,0,20,0
35250962,male,70,60,0,70,0,15,10
35250963,female,345,330,45,240,10,100,20
35250963,male,300,200,10,180,10,95,45
35250964,female,95,70,10,65,0,20,0
35250964,male,55,65,0,45,10,25,10
35250965,female,35,35,0,30,0,15,0
35250965,male,30,25,0,25,0,15,0
35250966,female,x,x,x,x,x,x,x
35250966,male,x,x,x,x,x,x,x
35250967,female,35,40,10,65,0,20,0
35250967,male,35,35,0,45,0,15,10
35250968,female,150,25,0,25,0,10,0
35250968,male,85,40,10,50,0,0,0
35250969,female,105,60,0,15,0,10,0
35250969,male,130,40,0,20,0,0,0
35250970,female,70,30,10,45,0,0,10
35250970,male,70,10,10,35,0,0,0
35250971,female,55,40,0,30,0,0,0
35250971,male,60,40,0,30,0,0,0
35250972,female,50,60,0,0,0,10,0
35250972,male,40,15,10,10,0,0,0
35250973,female,45,30,0,20,0,0,0
35250973,male,40,35,10,10,0,10,0
35250974,female,45,50,10,35,0,0,0
35250974,male,55,60,0,10,0,0,0
35250975,female,55,35,10,25,0,10,0
35250975,male,35,35,0,30,0,0,0
35250976,female,40,40,0,15,0,0,0
35250976,male,35,30,0,10,0,0,0
35250978,female,260,300,20,125,10,35,0
35250978,male,240,245,0,80,10,30,0
35250980,female,35,45,10,30,0,0,0
35250980,male,55,40,0,10,0,0,10
35250981,female,265,185,20,235,0,40,10
35250981,male,215,165,30,210,0,45,10
35250982,female,30,60,0,15,0,10,0
35250982,male,20,0,0,10,0,10,0
35250983,female,50,75,0,25,0,0,0
35250983,male,40,55,0,15,0,10,0
35250985,female,130,120,10,95,10,20,0
35250985,male,135,135,0,65,10,15,0
35250986,female,140,140,25,145,10,35,15
35250986,male,110,105,10,135,40,70,40
35250987,female,70,100,0,45,0,15,0
35250987,male,100,95,0,45,0,0,0
35250988,female,85,115,20,50,0,20,10
35250988,male,90,55,0,45,15,10,10
35250989,female,100,155,10,60,0,30,0
35250989,male,115,130,10,30,10,0,0
35250990,female,60,80,0,30,0,10,0
35250990,male,60,35,0,15,0,0,0
35250991,female,85,65,0,35,10,10,0
35250991,male,105,50,0,30,10,15,0
35250992,female,50,45,10,35,0,10,0
35250992,male,80,30,0,35,0,10,0
35250993,female,30,10,0,0,0,0,0
35250993,male,10,20,0,10,0,0,0
35250994,female,75,120,0,85,15,60,0
35250994,male,75,75,10,85,10,30,0
35250995,female,310,215,25,85,0,15,0
35250995,male,225,100,10,70,0,15,10
35250996,female,100,135,15,110,0,35,10
35250996,male,105,110,15,75,0,20,10
35250997,female,185,145,0,45,0,15,0
35250997,male,110,95,10,30,10,15,0
35250998,female,55,35,0,60,0,20,10
35250998,male,65,60,15,55,0,15,0
35250999,female,110,105,10,105,15,50,10
35250999,male,130,55,10,90,40,35,15
35251000,female,25,40,10,40,0,0,0
35251000,male,35,20,0,40,0,10,0
35251001,female,30,65,10,25,0,10,0
35251001,male,50,80,0,10,10,10,0
35251002,female,60,65,20,35,0,30,0
35251002,male,95,40,10,65,0,20,0
35251003,female,35,30,0,50,0,10,0
35251003,male,0,25,0,45,0,15,10
35251004,female,80,55,10,70,0,10,0
35251004,male,35,70,0,30,0,10,0
35251005,female,90,70,15,70,10,45,0
35251005,male,105,60,0,115,0,20,10
35251006,female,75,95,10,60,0,30,10
35251006,male,115,65,0,80,0,25,15
35251007,female,55,100,0,125,0,30,10
35251007,male,90,75,0,85,0,20,10
35251008,female,55,65,0,55,0,15,10
35251008,male,55,40,0,30,0,10,0
35251009,female,110,80,20,85,10,20,0
35251009,male,105,90,10,65,0,10,10
35251010,female,30,55,10,85,10,15,10
35251010,male,75,55,10,50,0,15,0
35251011,female,55,80,0,65,10,10,0
35251011,male,85,65,0,25,0,20,0
35251012,female,70,65,0,45,0,0,0
35251012,male,65,45,0,35,0,10,0
35251013,female,80,105,15,60,0,25,0
35251013,male,110,105,15,20,0,10,0
35251014,female,35,35,0,30,0,15,0
35251014,male,20,30,0,20,0,0,0
35251015,female,110,55,10,45,0,10,0
35251015,male,90,70,0,35,0,0,0
35251016,female,65,65,0,55,0,0,0
35251016,male,85,35,0,20,0,0,0
35251017,female,60,55,0,25,0,10,0
35251017,male,50,45,0,20,0,0,0
35251018,female,90,85,0,45,0,0,0
35251018,male,80,55,0,30,10,0,0
35251019,female,65,25,0,40,0,15,10
35251019,male,45,25,0,25,0,0,0
35251020,female,100,90,10,95,0,10,0
35251020,male,100,75,0,80,10,15,0
35251021,female,60,115,0,45,0,10,10
35251021,male,50,95,10,45,0,15,0
35251022,female,180,170,15,160,0,75,0
35251022,male,185,85,10,165,10,45,0
35251023,female,70,90,10,105,10,25,0
35251023,male,90,85,10,120,0,0,0
35251024,female,80,110,0,115,0,35,0
35251024,male,100,105,10,90,10,10,15
35251025,female,80,70,0,10,0,0,0
35251025,male,65,25,15,10,0,0,0
35251026,female,75,95,0,40,0,0,0
35251026,male,65,45,10,25,0,10,0
35260307,female,70,105,15,75,0,30,0
35260307,male,90,70,0,60,10,15,0
35260309,female,150,205,0,100,0,25,0
35260309,male,155,170,0,90,0,15,0
35260310,female,65,55,0,25,0,0,0
35260310,male,70,45,0,10,0,0,0
35260311,female,125,115,0,75,10,30,0
35260311,male,100,85,10,35,10,30,10
35260313,female,60,80,15,40,0,0,0
35260313,male,70,70,0,10,0,0,0
35260314,female,95,45,0,65,0,10,0
35260314,male,55,55,0,50,0,0,0
35260315,female,70,35,0,25,0,0,0
35260315,male,45,40,0,40,10,10,0
35260316,female,55,60,0,15,0,0,0
35260316,male,75,65,0,20,0,0,0
35260317,female,80,65,0,20,0,0,0
35260317,male,30,45,0,10,0,0,0
35260318,female,85,65,0,15,0,0,0
35260318,male,70,35,10,20,0,0,0
35260319,female,60,55,0,25,0,0,0
35260319,male,35,50,10,30,0,0,0
35260320,female,75,70,0,10,0,0,0
35260320,male,85,40,0,10,0,0,0
35260321,female,120,45,0,30,0,0,0
35260321,male,90,35,0,20,0,0,0
35260322,female,60,75,0,35,0,10,0
35260322,male,40,55,0,30,0,10,0
35260323,female,75,40,10,45,0,10,0
35260323,male,30,40,10,35,0,25,0
35260324,female,90,65,10,65,10,20,0
35260324,male,50,60,0,50,10,0,10
35260325,female,55,55,0,20,0,10,0
35260325,male,40,40,0,10,0,0,0
35260326,female,65,90,10,20,10,10,0
35260326,male,85,50,0,35,0,0,0
35260327,female,40,10,10,40,0,25,0
35260327,male,40,15,0,30,10,10,0
35260328,female,35,35,0,30,0,20,10
35260328,male,20,35,0,30,0,10,0
35260330,female,60,80,0,45,0,0,0
35260330,male,45,40,0,45,0,0,0
35260332,female,55,55,0,45,0,15,0
35260332,male,60,30,10,20,10,10,0
35260333,female,110,75,0,20,0,10,0
35260333,male,75,75,0,15,0,10,0
35260334,female,60,50,10,30,0,10,10
35260334,male,50,35,10,15,10,10,0
35260335,female,125,175,15,185,0,50,0
35260335,male,170,170,10,140,0,20,10
35260336,female,155,180,20,130,10,25,0
35260336,male,140,175,25,90,10,20,10
35260337,female,50,60,0,25,0,0,0
35260337,male,30,30,0,10,0,0,0
35260338,female,190,195,15,155,10,60,10
35260338,male,185,160,0,150,10,35,0
35260339,female,85,65,0,50,0,0,0
35260339,male,65,45,0,40,0,10,0
35260340,female,115,105,10,100,0,30,0
35260340,male,120,100,0,25,0,20,0
35260341,female,75,60,0,50,0,10,0
35260341,male,70,40,0,15,0,0,0
35260342,female,55,85,0,25,0,10,0
35260342,male,60,35,0,20,0,0,10
35260734,female,160,165,15,110,0,20,10
35260734,male,150,160,10,80,0,10,0
35260828,female,90,40,0,20,0,15,0
35260828,male,55,45,0,20,10,0,0
35260829,female,80,45,0,35,0,10,0
35260829,male,65,50,0,30,0,0,0
35260830,female,120,110,0,65,10,20,0
35260830,male,115,80,0,55,10,30,0
35260831,female,75,40,10,30,0,0,0
35260831,male,35,70,15,35,0,0,0
35260832,female,60,95,10,60,0,25,10
35260832,male,95,70,0,60,0,15,10
35260833,female,65,70,0,80,0,30,0
35260833,male,55,80,10,70,15,15,0
