geo_code,,in labour force,not in labour force,employed,unemployed
35240317,female,215,205,210,10
35240317,male,200,125,195,0
35240318,female,215,125,210,10
35240318,male,195,65,180,15
35240319,female,135,25,135,0
35240319,male,145,35,145,0
35240320,female,235,70,220,15
35240320,male,160,25,155,0
35240321,female,225,85,220,10
35240321,male,220,45,220,0
35240322,female,145,55,140,10
35240322,male,160,50,150,15
35240323,female,155,60,140,15
35240323,male,215,40,200,15
35240324,female,260,65,245,10
35240324,male,250,50,235,20
35240325,female,145,85,140,0
35240325,male,155,55,140,10
35240326,female,115,90,105,10
35240326,male,140,60,130,10
35240327,female,115,95,115,0
35240327,male,160,55,155,10
35240328,female,125,100,120,10
35240328,male,125,75,125,10
35240329,female,190,55,175,20
35240329,male,195,50,185,10
35240330,female,175,110,165,10
35240330,male,165,65,150,15
35240331,female,250,130,235,15
35240331,male,265,75,240,30
35240332,female,125,75,115,10
35240332,male,140,65,125,15
35240333,female,105,55,105,0
35240333,male,105,35,105,10
35240334,female,110,70,105,0
35240334,male,135,55,110,20
35240335,female,110,50,110,0
35240335,male,120,30,115,10
35240336,female,130,45,120,10
35240336,male,120,40,110,15
35240337,female,135,35,135,10
35240337,male,165,25,150,15
35240338,female,265,65,260,10
35240338,male,250,65,230,25
35240339,female,285,380,285,10
35240339,male,265,210,250,15
35240340,female,105,75,100,0
35240340,male,120,45,105,10
35240341,female,270,105,235,30
35240341,male,265,80,255,10
35240342,female,150,205,150,0
35240342,male,140,155,130,10
35240343,female,90,40,85,0
35240343,male,85,45,90,0
35240344,female,110,70,115,0
35240344,male,135,40,130,0
35240345,female,120,95,110,10
35240345,male,140,85,140,0
35240346,female,155,70,140,15
35240346,male,150,70,145,10
35240347,female,120,85,115,0
35240347,male,135,35,135,0
35240348,female,150,55,125,20
35240348,male,150,45,145,10
35240349,female,215,50,205,10
35240349,male,195,40,190,10
35240350,female,230,115,215,15
35240350,male,270,65,260,15
35240351,female,190,70,185,0
35240351,male,165,55,165,0
35240352,female,105,25,100,0
35240352,male,110,10,110,0
35240353,female,210,100,190,15
35240353,male,145,85,140,10
35240354,female,130,20,120,10
35240354,male,105,0,105,0
35240355,female,130,25,115,20
35240355,male,110,35,100,10
35240356,female,180,80,170,10
35240356,male,155,60,150,10
35240357,female,125,35,115,10
35240357,male,170,50,155,20
35240358,female,200,60,195,0
35240358,male,265,60,240,20
35240359,female,180,50,165,15
35240359,male,185,35,175,10
35240363,female,150,95,150,0
35240363,male,170,45,165,10
35240364,female,155,35,150,10
35240364,male,145,30,145,0
35240365,female,70,40,65,10
35240365,male,105,30,95,10
35240366,female,180,75,170,15
35240366,male,185,90,175,10
35240367,female,160,85,155,0
35240367,male,170,85,165,10
35240368,female,160,75,160,0
35240368,male,140,85,145,0
35240369,female,245,60,235,15
35240369,male,240,40,235,10
35240370,female,185,95,170,20
35240370,male,185,65,165,20
35240371,female,105,60,95,10
35240371,male,110,65,115,0
35240372,female,105,80,105,0
35240372,male,125,65,125,0
35240373,female,95,55,85,10
35240373,male,95,55,90,0
35240374,female,135,55,135,0
35240374,male,165,45,165,0
35240375,female,180,80,175,10
35240375,male,165,70,160,10
35240376,female,160,50,160,0
35240376,male,155,25,150,0
35240377,female,105,30,95,10
35240377,male,120,30,120,0
35240378,female,140,85,140,0
35240378,male,150,55,145,10
35240379,female,85,40,85,0
35240379,male,85,35,85,0
35240380,female,100,50,95,10
35240380,male,120,15,125,0
35240381,female,365,255,360,0
35240381,male,330,185,310,15
35240382,female,120,80,115,0
35240382,male,130,55,120,10
35240383,female,115,95,110,0
35240383,male,150,50,145,10
35240384,female,155,105,140,10
35240384,male,175,55,165,10
35240385,female,105,80,95,10
35240385,male,140,55,125,15
35240386,female,60,40,55,10
35240386,male,65,45,55,10
35240387,female,140,115,125,20
35240387,male,195,70,185,10
35240388,female,205,205,190,15
35240388,male,200,185,195,0
35240391,female,80,125,75,0
35240391,male,55,70,55,0
35240392,female,160,110,155,10
35240392,male,195,75,175,15
35240393,female,200,75,160,40
35240393,male,185,55,165,20
35240394,female,105,65,105,0
35240394,male,140,65,125,15
35240395,female,140,100,125,15
35240395,male,180,45,175,10
35240396,female,100,70,100,0
35240396,male,110,50,95,15
35240397,female,615,780,600,15
35240397,male,515,555,465,55
35240398,female,135,200,130,10
35240398,male,130,155,135,0
35240399,female,125,105,120,0
35240399,male,160,65,145,15
35240400,female,395,215,375,15
35240400,male,395,145,380,20
35240401,female,255,120,240,15
35240401,male,275,65,260,20
35240402,female,120,55,105,15
35240402,male,140,50,140,0
35240403,female,85,60,70,15
35240403,male,105,25,100,10
35240404,female,155,125,150,10
35240404,male,200,75,195,10
35240405,female,170,160,160,10
35240405,male,185,105,180,0
35240406,female,110,60,105,0
35240406,male,110,35,100,10
35240409,female,160,75,140,20
35240409,male,165,35,165,0
35240410,female,90,40,80,0
35240410,male,80,15,80,0
35240411,female,140,110,140,0
35240411,male,210,80,190,20
35240412,female,105,55,100,10
35240412,male,115,60,110,0
35240413,female,135,75,125,15
35240413,male,120,50,105,15
35240414,female,115,95,100,15
35240414,male,120,60,110,10
35240417,female,170,115,150,25
35240417,male,175,65,160,15
35240420,female,145,65,120,25
35240420,male,180,70,180,0
35240421,female,120,70,110,10
35240421,male,85,40,70,15
35240422,female,125,170,130,0
35240422,male,135,105,120,15
35240423,female,170,130,160,10
35240423,male,145,35,140,0
35240425,female,125,75,125,0
35240425,male,125,45,115,10
35240427,female,260,315,240,15
35240427,male,275,180,265,15
35240428,female,165,80,140,25
35240428,male,150,50,140,0
35240429,female,150,100,135,10
35240429,male,130,50,125,10
35240431,female,100,55,90,0
35240431,male,125,40,125,0
35240432,female,80,125,80,0
35240432,male,105,50,100,10
35240433,female,140,90,130,10
35240433,male,180,70,170,10
35240436,female,90,55,85,0
35240436,male,75,25,70,0
35240437,female,105,155,100,0
35240437,male,125,90,115,10
35240438,female,180,75,170,10
35240438,male,155,90,150,0
35240439,female,155,90,135,15
35240439,male,185,55,180,10
35240440,female,130,80,130,0
35240440,male,145,70,140,10
35240441,female,180,130,175,10
35240441,male,240,65,225,15
35240442,female,115,90,115,10
35240442,male,155,30,135,20
35240443,female,205,90,185,25
35240443,male,190,45,185,10
35240444,female,130,65,110,25
35240444,male,145,30,135,15
35240445,female,195,80,180,20
35240445,male,225,65,210,10
35240446,female,115,160,105,10
35240446,male,120,145,115,0
35240447,female,235,80,225,15
35240447,male,190,70,185,10
35240448,female,170,75,155,10
35240448,male,190,50,190,0
35240449,female,90,20,90,0
35240449,male,105,10,95,10
35240450,female,155,80,140,15
35240450,male,190,75,170,20
35240451,female,220,50,200,15
35240451,male,170,50,170,0
35240452,female,120,55,110,10
35240452,male,125,20,125,0
35240453,female,130,85,120,0
35240453,male,170,35,165,0
35240455,female,130,270,115,15
35240455,male,105,155,95,10
35240459,female,70,80,65,0
35240459,male,110,40,105,10
35240460,female,105,85,100,10
35240460,male,135,60,125,10
35240461,female,130,60,125,0
35240461,male,115,60,110,10
35240462,female,80,125,80,10
35240462,male,75,70,70,10
35240463,female,155,140,150,10
35240463,male,185,90,170,15
35240464,female,85,65,80,0
35240464,male,80,25,80,0
35240465,female,240,180,235,10
35240465,male,190,90,180,10
35240466,female,215,120,215,0
35240466,male,225,70,205,15
35240467,female,130,175,130,0
35240467,male,135,115,120,10
35240468,female,170,50,160,10
35240468,male,180,55,175,0
35240469,female,180,95,180,0
35240469,male,125,45,120,0
35240470,female,140,85,140,0
35240470,male,165,70,165,0
35240471,female,120,65,110,0
35240471,male,130,65,130,0
35240472,female,205,150,200,0
35240472,male,180,85,175,10
35240473,female,140,65,125,10
35240473,male,130,50,115,15
35240474,female,155,115,150,0
35240474,male,160,100,160,0
35240475,female,190,75,190,10
35240475,male,225,70,215,10
35240476,female,145,85,140,10
35240476,male,170,70,160,10
35240477,female,160,115,155,0
35240477,male,170,65,165,0
35240478,female,115,45,105,10
35240478,male,115,30,105,0
35240479,female,80,120,75,0
35240479,male,60,70,55,10
35240480,female,195,165,190,10
35240480,male,170,135,160,10
35240481,female,100,110,100,0
35240481,male,125,50,115,10
35240482,female,210,135,205,10
35240482,male,215,80,195,20
35240483,female,160,90,155,0
35240483,male,155,55,145,10
35240484,female,355,110,330,25
35240484,male,340,85,320,20
35240485,female,95,80,80,10
35240485,male,95,60,85,10
35240486,female,170,85,150,20
35240486,male,195,65,190,0
35240487,female,55,40,55,0
35240487,male,70,35,65,10
35240488,female,445,85,430,15
35240488,male,460,75,440,25
35240489,female,135,85,120,15
35240489,male,130,80,120,10
35240490,female,65,50,55,10
35240490,male,80,35,70,15
35240491,female,160,75,140,20
35240491,male,190,65,180,10
35240492,female,180,95,175,10
35240492,male,175,45,170,10
35240493,female,115,265,115,0
35240493,male,105,175,100,0
35240494,female,145,65,130,10
35240494,male,165,50,150,20
35240495,female,145,135,130,15
35240495,male,155,125,150,10
35240496,female,100,95,95,10
35240496,male,135,60,120,20
35240497,female,150,75,145,10
35240497,male,160,60,145,10
35240498,female,85,100,85,0
35240498,male,85,50,80,0
35240499,female,105,35,95,10
35240499,male,65,40,65,0
35240501,female,80,35,80,0
35240501,male,70,15,75,0
35240503,female,130,80,120,10
35240503,male,170,50,155,10
35240504,female,140,65,135,0
35240504,male,130,55,130,0
35240505,female,160,90,150,10
35240505,male,140,70,125,15
35240506,female,115,65,105,10
35240506,male,145,65,130,15
35240507,female,140,80,135,0
35240507,male,145,95,120,25
35240508,female,175,95,160,20
35240508,male,205,70,210,0
35240509,female,180,80,170,15
35240509,male,135,55,135,0
35240512,female,90,75,90,0
35240512,male,80,55,70,10
35240513,female,135,80,130,0
35240513,male,125,55,120,0
35240516,female,165,110,155,10
35240516,male,190,80,180,20
35240517,female,125,80,115,0
35240517,male,170,45,165,10
35240518,female,195,95,200,0
35240518,male,215,70,200,15
35240519,female,100,55,100,0
35240519,male,120,40,115,10
35240520,female,220,125,210,10
35240520,male,205,95,195,10
35240521,female,155,105,145,10
35240521,male,170,85,145,15
35240522,female,95,70,90,0
35240522,male,110,70,100,15
35240523,female,105,115,105,0
35240523,male,120,65,110,10
35240524,female,135,120,135,0
35240524,male,110,120,105,0
35240525,female,185,80,170,15
35240525,male,160,70,155,0
35240526,female,65,55,70,0
35240526,male,85,30,75,10
35240528,female,120,30,115,0
35240528,male,145,35,145,0
35240529,female,140,40,140,10
35240529,male,155,40,125,25
35240530,female,155,60,140,10
35240530,male,175,30,165,10
35240531,female,155,40,150,10
35240531,male,135,50,130,0
35240532,female,410,115,385,25
35240532,male,365,105,345,30
35240533,female,125,20,110,20
35240533,male,135,30,135,0
35240534,female,135,35,115,15
35240534,male,190,35,160,20
35240535,female,115,45,115,0
35240535,male,160,80,155,0
35240536,female,205,140,200,10
35240536,male,235,85,220,10
35240537,female,225,45,225,0
35240537,male,170,55,170,0
35240538,female,370,120,340,30
35240538,male,315,95,290,30
35240539,female,275,120,250,25
35240539,male,305,60,280,25
35240540,female,140,70,130,10
35240540,male,120,50,110,10
35240541,female,120,50,105,15
35240541,male,125,35,125,0
35240542,female,145,125,140,0
35240542,male,110,80,100,0
35240543,female,150,90,150,0
35240543,male,195,65,180,10
35240544,female,145,90,135,10
35240544,male,115,65,105,0
35240545,female,275,100,260,15
35240545,male,280,75,265,15
35240546,female,205,80,180,20
35240546,male,235,60,210,25
35240590,female,310,235,295,15
35240590,male,290,115,255,30
35240591,female,340,145,300,40
35240591,male,330,135,290,40
35240592,female,500,365,440,60
35240592,male,600,180,570,20
35240593,female,325,165,315,15
35240593,male,385,175,375,10
35240594,female,235,95,215,20
35240594,male,275,95,260,15
35240595,female,265,255,255,10
35240595,male,240,165,225,15
35240596,female,220,520,210,15
35240596,male,250,295,245,0
35240598,female,570,590,525,40
35240598,male,530,350,500,30
35240641,female,135,75,120,10
35240641,male,175,35,160,10
35240642,female,130,80,130,0
35240642,male,155,80,145,10
35240643,female,160,95,160,0
35240643,male,215,50,210,10
35240644,female,155,105,150,10
35240644,male,160,80,150,15
35240645,female,90,65,85,0
35240645,male,120,65,115,10
35240647,female,165,100,160,10
35240647,male,180,85,165,15
35240648,female,280,65,265,15
35240648,male,200,70,185,0
35240649,female,235,70,220,10
35240649,male,210,30,200,10
35240650,female,230,110,225,10
35240650,male,265,80,250,15
35240651,female,150,65,150,0
35240651,male,150,30,145,0
35240654,female,160,90,155,0
35240654,male,195,50,185,0
35240655,female,260,325,250,15
35240655,male,300,260,255,40
35240656,female,100,50,90,10
35240656,male,115,30,110,10
35240659,female,270,130,255,20
35240659,male,215,50,200,15
35240660,female,190,70,180,15
35240660,male,170,50,145,25
35240661,female,135,55,130,10
35240661,male,195,50,180,15
35240662,female,515,360,495,15
35240662,male,455,295,445,10
35240663,female,170,65,160,10
35240663,male,170,40,155,15
35240664,female,135,160,125,10
35240664,male,170,80,140,25
35240665,female,135,95,120,10
35240665,male,140,50,135,10
35240666,female,300,155,275,20
35240666,male,235,85,230,0
35240667,female,215,70,215,0
35240667,male,205,30,180,25
35240668,female,165,30,155,0
35240668,male,165,25,165,0
35240669,female,295,75,290,10
35240669,male,355,35,345,10
35240670,female,180,65,180,0
35240670,male,205,55,190,10
35240671,female,170,55,165,10
35240671,male,185,45,170,10
35240672,female,265,85,260,10
35240672,male,250,75,245,10
35240673,female,110,60,110,10
35240673,male,115,15,110,0
35240674,female,200,65,190,10
35240674,male,245,25,220,20
35240675,female,340,125,320,20
35240675,male,370,75,340,25
35240676,female,300,95,290,15
35240676,male,295,45,275,15
35240677,female,115,45,110,10
35240677,male,170,30,155,15
35240678,female,425,300,390,30
35240678,male,395,160,390,10
35240679,female,180,75,180,0
35240679,male,220,50,210,0
35240680,female,395,100,370,25
35240680,male,395,55,390,10
35240681,female,160,100,150,10
35240681,male,135,85,135,10
35240682,female,215,100,210,0
35240682,male,200,30,200,0
35240683,female,245,45,230,15
35240683,male,225,45,205,15
35240684,female,235,105,215,20
35240684,male,190,40,175,15
35240685,female,345,130,325,25
35240685,male,340,65,320,20
35240686,female,375,75,345,30
35240686,male,360,45,335,25
35240756,female,215,60,190,25
35240756,male,215,35,205,15
35240757,female,160,50,155,10
35240757,male,155,35,155,0
35240758,female,280,180,255,25
35240758,male,310,100,290,20
35240759,female,140,120,130,10
35240759,male,185,90,175,10
35240780,female,285,145,275,10
35240780,male,280,75,265,15
35240782,female,200,100,195,10
35240782,male,245,75,235,10
35240783,female,105,55,100,10
35240783,male,100,45,90,10
35240785,female,250,105,230,20
35240785,male,275,65,270,10
35240807,female,260,180,245,10
35240807,male,225,130,220,0
35240808,female,165,315,150,10
35240808,male,160,190,145,15
35240809,female,10,20,0,0
35240809,male,25,10,20,0
35240898,female,845,245,775,70
35240898,male,940,195,905,35
35240903,female,x,x,x,x
35240903,male,x,x,x,x
35240904,female,425,200,385,40
35240904,male,445,140,410,25
35250030,female,105,70,95,10
35250030,male,110,65,110,0
35250031,female,110,65,110,10
35250031,male,115,45,115,0
35250032,female,150,95,145,0
35250032,male,200,85,175,25
35250033,female,140,85,130,10
35250033,male,170,60,170,10
35250034,female,220,80,205,20
35250034,male,215,70,210,0
35250035,female,125,70,120,0
35250035,male,130,60,125,0
35250036,female,140,90,140,0
35250036,male,155,60,145,0
35250037,female,120,100,120,10
35250037,male,170,70,170,10
35250038,female,165,195,155,0
35250038,male,160,105,150,10
35250039,female,125,140,125,0
35250039,male,75,50,70,10
35250040,female,90,150,90,10
35250040,male,70,90,70,10
35250041,female,120,115,110,10
35250041,male,120,70,115,10
35250042,female,70,20,60,10
35250042,male,70,30,60,0
35250043,female,155,130,140,15
35250043,male,185,80,160,25
35250044,female,80,80,85,0
35250044,male,90,65,85,10
35250045,female,120,65,105,15
35250045,male,135,55,125,10
35250046,female,135,90,120,20
35250046,male,175,40,160,10
35250047,female,135,140,130,0
35250047,male,165,80,155,10
35250048,female,65,50,60,0
35250048,male,75,40,70,0
35250049,female,110,55,110,0
35250049,male,105,35,95,10
35250050,female,145,65,135,15
35250050,male,100,55,95,10
35250051,female,340,280,330,10
35250051,male,355,220,335,20
35250052,female,70,65,65,0
35250052,male,75,55,75,0
35250053,female,160,110,165,0
35250053,male,190,110,180,15
35250054,female,90,90,85,0
35250054,male,90,45,90,0
35250055,female,205,110,205,0
35250055,male,180,75,180,10
35250056,female,55,40,50,10
35250056,male,75,30,65,10
35250059,female,345,155,315,35
35250059,male,350,115,330,20
35250060,female,170,130,165,0
35250060,male,165,95,155,15
35250061,female,90,100,85,10
35250061,male,105,60,105,0
35250062,female,160,85,140,15
35250062,male,170,75,160,10
35250064,female,195,145,190,15
35250064,male,200,130,195,10
35250065,female,155,60,150,0
35250065,male,170,65,155,10
35250066,female,110,70,105,0
35250066,male,90,70,90,0
35250067,female,165,105,145,20
35250067,male,175,65,170,10
35250070,female,100,95,95,0
35250070,male,145,70,125,20
35250073,female,145,60,140,10
35250073,male,120,50,110,15
35250074,female,70,60,60,10
35250074,male,60,55,65,0
35250075,female,105,60,100,10
35250075,male,140,65,135,0
35250077,female,160,135,150,0
35250077,male,145,70,130,15
35250078,female,110,60,110,0
35250078,male,115,60,95,15
35250079,female,50,55,45,0
35250079,male,75,55,65,10
35250080,female,145,140,140,0
35250080,male,160,90,130,30
35250081,female,305,165,280,25
35250081,male,275,130,240,30
35250082,female,45,65,50,0
35250082,male,55,45,50,0
35250083,female,140,175,120,20
35250083,male,180,90,115,60
35250084,female,75,60,60,10
35250084,male,85,40,80,10
35250085,female,80,55,75,10
35250085,male,95,25,85,0
35250086,female,115,65,110,10
35250086,male,85,55,90,0
35250087,female,100,110,90,10
35250087,male,110,85,100,10
35250088,female,100,90,95,0
35250088,male,90,75,75,15
35250089,female,145,140,145,0
35250089,male,115,70,105,10
35250093,female,135,105,125,10
35250093,male,160,55,140,15
35250094,female,90,85,85,15
35250094,male,90,40,75,15
35250095,female,115,90,95,25
35250095,male,155,75,130,30
35250096,female,170,75,160,15
35250096,male,155,70,135,20
35250097,female,70,80,75,0
35250097,male,80,45,60,20
35250098,female,45,55,40,10
35250098,male,60,65,55,10
35250099,female,195,165,190,10
35250099,male,235,125,230,10
35250100,female,135,90,130,10
35250100,male,125,55,105,15
35250101,female,105,95,105,0
35250101,male,130,60,130,0
35250102,female,55,55,60,0
35250102,male,95,50,95,0
35250105,female,120,130,120,0
35250105,male,170,90,170,0
35250106,female,100,110,100,0
35250106,male,115,55,110,0
35250107,female,145,90,140,10
35250107,male,135,70,130,10
35250108,female,85,110,75,10
35250108,male,135,85,130,0
35250109,female,165,125,155,10
35250109,male,140,155,140,0
35250110,female,130,105,120,0
35250110,male,145,85,140,10
35250111,female,100,250,95,0
35250111,male,90,70,80,10
35250112,female,80,105,70,10
35250112,male,85,60,70,15
35250113,female,75,50,65,10
35250113,male,120,60,105,15
35250114,female,90,65,75,15
35250114,male,85,65,80,10
35250115,female,405,235,365,35
35250115,male,365,115,330,40
35250116,female,230,95,215,15
35250116,male,200,90,190,10
35250117,female,55,40,55,0
35250117,male,60,35,60,10
35250118,female,115,65,110,0
35250118,male,85,60,80,0
35250119,female,120,80,120,0
35250119,male,125,55,110,10
35250120,female,140,40,125,15
35250120,male,135,35,115,25
35250121,female,165,90,160,0
35250121,male,90,50,80,15
35250122,female,85,55,80,0
35250122,male,90,50,75,10
35250123,female,85,65,75,10
35250123,male,120,50,115,0
35250124,female,125,75,110,20
35250124,male,115,65,90,20
35250125,female,95,60,90,10
35250125,male,85,40,75,0
35250126,female,160,105,125,35
35250126,male,175,55,160,20
35250127,female,445,220,410,35
35250127,male,490,155,435,60
35250128,female,150,60,130,25
35250128,male,155,55,145,10
35250129,female,95,60,95,10
35250129,male,95,40,90,0
35250130,female,105,60,100,0
35250130,male,110,45,110,0
35250133,female,0,210,0,0
35250133,male,15,80,10,0
35250134,female,185,145,170,10
35250134,male,160,120,155,0
35250135,female,510,240,455,50
35250135,male,505,155,470,40
35250136,female,105,40,105,10
35250136,male,95,55,85,10
35250137,female,100,60,100,0
35250137,male,100,50,85,15
35250144,female,420,200,405,15
35250144,male,480,120,440,40
35250145,female,135,50,125,10
35250145,male,120,25,120,10
35250146,female,180,145,175,10
35250146,male,250,135,250,0
35250147,female,105,70,95,15
35250147,male,95,85,80,10
35250148,female,140,75,135,10
35250148,male,155,60,155,0
35250149,female,140,85,135,10
35250149,male,155,80,150,10
35250150,female,125,105,120,0
35250150,male,145,70,135,10
35250151,female,110,65,105,0
35250151,male,125,50,115,10
35250152,female,325,310,310,10
35250152,male,350,170,345,10
35250153,female,130,120,130,0
35250153,male,170,95,170,0
35250156,female,90,65,90,10
35250156,male,100,30,100,0
35250158,female,115,75,115,0
35250158,male,150,60,145,0
35250159,female,100,80,95,0
35250159,male,105,70,105,0
35250160,female,95,80,95,10
35250160,male,95,60,80,15
35250161,female,170,95,160,10
35250161,male,220,80,205,15
35250162,female,130,55,125,0
35250162,male,140,25,145,0
35250163,female,110,135,110,0
35250163,male,160,45,155,10
35250164,female,100,155,100,0
35250164,male,125,70,115,0
35250172,female,100,105,100,0
35250172,male,110,65,110,0
35250173,female,360,125,350,10
35250173,male,345,95,310,25
35250175,female,405,180,400,0
35250175,male,440,85,425,15
35250176,female,170,110,160,15
35250176,male,240,90,225,15
35250177,female,205,130,170,35
35250177,male,195,55,180,15
35250178,female,140,135,130,10
35250178,male,175,60,170,10
35250179,female,195,70,185,10
35250179,male,280,25,265,15
35250180,female,420,200,390,30
35250180,male,430,140,415,10
35250181,female,140,60,135,10
35250181,male,125,45,120,10
35250183,female,60,30,60,0
35250183,male,80,15,80,0
35250184,female,125,30,125,0
35250184,male,110,35,105,10
35250185,female,105,50,105,0
35250185,male,95,55,85,10
35250186,female,75,65,75,0
35250186,male,75,60,70,0
35250188,female,220,105,210,15
35250188,male,250,50,235,10
35250189,female,175,80,180,0
35250189,male,240,45,235,0
35250190,female,80,85,80,0
35250190,male,120,35,115,10
35250191,female,215,115,205,15
35250191,male,200,70,185,15
35250192,female,430,155,385,45
35250192,male,455,155,425,25
35250193,female,90,65,80,10
35250193,male,70,65,65,0
35250194,female,110,55,105,10
35250194,male,130,65,125,10
35250196,female,130,65,120,15
35250196,male,130,50,110,15
35250197,female,105,95,100,0
35250197,male,135,60,130,10
35250199,female,760,475,665,100
35250199,male,790,240,710,80
35250200,female,180,100,150,30
35250200,male,190,80,170,20
35250201,female,50,70,40,10
35250201,male,45,60,35,10
35250202,female,210,215,200,15
35250202,male,340,75,290,50
35250203,female,260,210,230,25
35250203,male,285,160,250,35
35250204,female,195,210,165,35
35250204,male,245,90,225,20
35250205,female,65,30,65,0
35250205,male,75,35,65,10
35250206,female,145,120,130,15
35250206,male,175,95,155,25
35250207,female,85,45,80,0
35250207,male,90,50,80,10
35250208,female,115,75,105,10
35250208,male,120,60,105,10
35250209,female,85,95,80,0
35250209,male,95,55,90,10
35250210,female,130,110,120,10
35250210,male,125,70,125,0
35250211,female,50,130,40,10
35250211,male,40,95,40,10
35250212,female,95,100,85,10
35250212,male,115,95,105,10
35250213,female,65,100,60,10
35250213,male,105,95,85,20
35250216,female,85,105,75,10
35250216,male,90,60,90,0
35250217,female,155,115,130,20
35250217,male,160,40,145,15
35250218,female,135,85,125,10
35250218,male,140,65,135,0
35250221,female,105,120,90,10
35250221,male,165,70,165,0
35250222,female,110,110,95,10
35250222,male,110,60,105,0
35250223,female,100,100,90,10
35250223,male,145,75,125,25
35250224,female,60,90,55,10
35250224,male,85,50,85,10
35250225,female,80,80,80,0
35250225,male,100,70,95,0
35250226,female,125,175,120,0
35250226,male,95,130,90,10
35250227,female,150,95,135,10
35250227,male,155,90,135,15
35250230,female,105,105,80,25
35250230,male,160,85,160,0
35250231,female,130,195,110,15
35250231,male,140,145,135,10
35250232,female,125,210,110,15
35250232,male,155,105,110,35
35250233,female,115,165,115,0
35250233,male,130,75,125,10
35250234,female,110,55,105,10
35250234,male,110,60,105,10
35250238,female,130,160,115,20
35250238,male,220,115,190,25
35250239,female,60,105,45,20
35250239,male,110,60,90,20
35250240,female,100,160,95,10
35250240,male,140,145,120,20
35250241,female,85,55,80,10
35250241,male,85,45,85,0
35250242,female,x,x,x,x
35250242,male,x,x,x,x
35250243,female,200,305,185,20
35250243,male,215,215,175,40
35250248,female,235,175,215,15
35250248,male,240,105,225,15
35250249,female,60,180,55,0
35250249,male,95,110,80,10
35250250,female,95,105,90,10
35250250,male,115,85,110,10
35250251,female,95,55,85,10
35250251,male,105,45,105,0
35250254,female,175,140,165,10
35250254,male,190,110,170,20
35250255,female,105,95,90,15
35250255,male,130,85,115,15
35250256,female,145,175,145,0
35250256,male,130,105,125,0
35250257,female,120,185,115,10
35250257,male,150,120,145,10
35250258,female,150,245,130,15
35250258,male,135,145,130,0
35250259,female,115,105,105,10
35250259,male,145,85,140,0
35250260,female,115,215,105,10
35250260,male,105,95,100,10
35250261,female,100,165,95,0
35250261,male,100,70,90,10
35250262,female,145,190,135,10
35250262,male,130,105,125,0
35250263,female,240,165,225,20
35250263,male,270,100,260,10
35250264,female,95,80,80,20
35250264,male,110,75,95,10
35250265,female,95,105,95,0
35250265,male,95,55,100,0
35250266,female,75,95,65,10
35250266,male,95,65,95,0
35250267,female,160,65,160,0
35250267,male,165,75,145,15
35250269,female,40,45,35,0
35250269,male,55,50,50,0
35250270,female,100,55,95,10
35250270,male,80,40,75,0
35250271,female,90,50,85,10
35250271,male,115,85,110,10
35250272,female,45,165,45,0
35250272,male,75,80,65,15
35250273,female,85,90,70,10
35250273,male,120,45,100,20
35250274,female,270,135,265,10
35250274,male,275,80,260,15
35250275,female,100,100,100,0
35250275,male,160,80,150,20
35250276,female,155,120,145,15
35250276,male,160,100,145,10
35250277,female,85,120,75,15
35250277,male,75,50,75,0
35250278,female,110,70,110,0
35250278,male,130,60,120,10
35250279,female,155,150,130,30
35250279,male,195,115,170,25
35250280,female,125,65,115,10
35250280,male,110,80,100,10
35250281,female,115,90,100,10
35250281,male,150,60,130,20
35250282,female,135,115,125,0
35250282,male,140,100,135,0
35250283,female,160,125,145,10
35250283,male,135,90,115,20
35250284,female,80,95,70,10
35250284,male,105,85,95,10
35250285,female,195,145,185,10
35250285,male,195,110,185,10
35250286,female,75,95,65,10
35250286,male,65,90,60,0
35250287,female,185,120,185,0
35250287,male,210,100,205,10
35250288,female,105,80,100,10
35250288,male,130,55,120,10
35250289,female,140,95,135,10
35250289,male,175,95,160,15
35250290,female,165,95,160,0
35250290,male,170,110,155,10
35250291,female,285,140,275,10
35250291,male,280,135,270,10
35250293,female,195,220,185,10
35250293,male,285,130,255,30
35250294,female,145,40,140,10
35250294,male,130,70,125,10
35250295,female,100,80,100,0
35250295,male,125,45,115,10
35250296,female,150,90,140,10
35250296,male,100,75,95,0
35250297,female,130,140,125,10
35250297,male,130,120,120,10
35250298,female,135,65,140,0
35250298,male,145,85,140,0
35250299,female,120,135,105,10
35250299,male,180,85,165,15
35250300,female,210,135,205,10
35250300,male,255,115,255,0
35250302,female,85,95,85,0
35250302,male,85,95,75,10
35250303,female,95,125,90,10
35250303,male,95,115,85,0
35250304,female,130,145,130,0
35250304,male,180,90,170,10
35250305,female,130,115,115,15
35250305,male,145,90,135,15
35250306,female,100,65,90,20
35250306,male,110,35,105,0
35250307,female,115,85,110,0
35250307,male,140,60,125,20
35250308,female,300,120,280,20
35250308,male,235,90,235,0
35250309,female,110,55,95,15
35250309,male,95,65,95,0
35250310,female,110,65,100,10
35250310,male,120,70,120,0
35250311,female,185,75,175,10
35250311,male,175,60,160,15
35250312,female,125,50,115,10
35250312,male,130,45,125,10
35250313,female,185,115,170,15
35250313,male,195,135,180,15
35250315,female,170,245,155,15
35250315,male,105,175,105,0
35250316,female,215,80,200,0
35250316,male,145,70,140,10
35250317,female,145,70,140,0
35250317,male,170,65,160,15
35250318,female,15,20,15,0
35250318,male,35,15,35,0
35250319,female,150,60,135,15
35250319,male,120,25,120,0
35250320,female,115,95,110,0
35250320,male,125,70,115,10
35250321,female,70,65,60,0
35250321,male,75,70,75,0
35250322,female,105,50,105,10
35250322,male,100,75,85,15
35250323,female,115,110,105,10
35250323,male,130,85,125,10
35250324,female,120,240,110,10
35250324,male,75,110,60,10
35250326,female,100,65,85,15
35250326,male,120,40,110,15
35250327,female,165,175,130,35
35250327,male,180,105,170,10
35250328,female,125,80,110,15
35250328,male,95,70,85,10
35250329,female,110,80,110,0
35250329,male,160,65,160,0
35250330,female,95,95,90,0
35250330,male,70,55,60,10
35250331,female,80,100,80,0
35250331,male,75,70,75,10
35250332,female,140,90,130,0
35250332,male,170,55,160,0
35250333,female,170,95,165,10
35250333,male,170,65,160,10
35250334,female,165,75,170,0
35250334,male,155,100,140,10
35250335,female,85,115,75,15
35250335,male,110,65,90,20
35250336,female,100,100,100,0
35250336,male,110,65,100,10
35250337,female,225,175,205,20
35250337,male,190,120,190,10
35250338,female,175,165,155,20
35250338,male,205,105,185,20
35250339,female,135,85,130,10
35250339,male,175,65,165,10
35250340,female,90,30,85,0
35250340,male,105,35,85,20
35250341,female,165,125,130,30
35250341,male,110,110,105,10
35250342,female,140,75,125,20
35250342,male,145,60,130,20
35250343,female,120,95,120,0
35250343,male,110,100,105,10
35250344,female,120,105,105,15
35250344,male,125,95,115,10
35250345,female,135,40,130,10
35250345,male,130,35,125,10
35250346,female,140,70,130,10
35250346,male,115,80,105,10
35250347,female,110,70,115,0
35250347,male,150,50,140,10
35250348,female,160,100,160,0
35250348,male,200,75,180,20
35250349,female,150,50,140,10
35250349,male,120,40,115,0
35250350,female,180,115,165,15
35250350,male,200,90,185,15
35250351,female,80,120,75,10
35250351,male,70,55,55,15
35250352,female,160,105,155,10
35250352,male,165,65,150,15
35250353,female,140,135,115,20
35250353,male,150,80,130,20
35250354,female,150,80,150,0
35250354,male,155,60,150,10
35250355,female,115,120,105,10
35250355,male,135,75,130,10
35250356,female,165,95,155,10
35250356,male,185,60,165,20
35250357,female,170,60,170,0
35250357,male,195,45,185,15
35250358,female,120,125,115,10
35250358,male,145,105,140,10
35250359,female,130,90,125,10
35250359,male,130,55,115,10
35250360,female,145,75,140,0
35250360,male,150,40,140,15
35250361,female,105,95,95,10
35250361,male,145,70,125,20
35250362,female,145,75,140,0
35250362,male,155,80,145,10
35250363,female,95,85,90,0
35250363,male,115,65,100,10
35250364,female,80,45,80,0
35250364,male,65,30,50,15
35250365,female,275,220,265,15
35250365,male,260,115,240,15
35250366,female,140,175,125,15
35250366,male,175,130,155,15
35250367,female,130,85,115,10
35250367,male,135,85,120,15
35250368,female,170,85,150,20
35250368,male,150,60,140,10
35250369,female,135,85,135,0
35250369,male,140,70,130,10
35250370,female,145,25,135,15
35250370,male,115,45,105,10
35250371,female,140,95,135,0
35250371,male,115,80,110,10
35250372,female,135,85,135,0
35250372,male,120,50,115,0
35250373,female,90,55,95,0
35250373,male,100,45,85,15
35250374,female,135,75,125,10
35250374,male,145,50,145,10
35250375,female,140,85,120,20
35250375,male,170,60,165,10
35250376,female,130,70,130,10
35250376,male,150,45,145,10
35250377,female,135,115,140,0
35250377,male,160,100,155,10
35250378,female,160,70,155,10
35250378,male,165,55,160,10
35250379,female,85,100,85,0
35250379,male,70,50,65,0
35250380,female,135,70,125,10
35250380,male,160,40,160,0
35250381,female,120,95,115,10
35250381,male,90,85,75,20
35250382,female,140,60,135,0
35250382,male,160,70,150,15
35250383,female,90,160,75,15
35250383,male,175,100,150,25
35250384,female,80,80,75,0
35250384,male,185,90,175,10
35250385,female,135,55,125,10
35250385,male,140,30,120,20
35250387,female,140,40,135,0
35250387,male,140,50,140,10
35250388,female,140,80,135,0
35250388,male,140,30,135,10
35250389,female,130,35,130,0
35250389,male,140,25,140,0
35250390,female,185,55,185,0
35250390,male,135,20,125,10
35250391,female,170,50,165,10
35250391,male,180,65,175,10
35250392,female,210,45,205,10
35250392,male,140,40,125,10
35250393,female,150,70,140,10
35250393,male,130,90,120,10
35250394,female,195,125,175,25
35250394,male,230,120,205,30
35250395,female,135,170,120,15
35250395,male,200,110,180,20
35250396,female,170,110,165,0
35250396,male,180,80,160,20
35250397,female,215,55,190,25
35250397,male,160,55,150,10
35250398,female,20,45,15,0
35250398,male,60,120,55,0
35250399,female,30,300,20,10
35250399,male,85,330,55,30
35250400,female,220,100,190,30
35250400,male,175,105,155,20
35250401,female,210,65,205,0
35250401,male,205,115,180,25
35250402,female,125,65,110,10
35250402,male,140,55,135,10
35250403,female,180,140,170,15
35250403,male,225,95,200,20
35250404,female,140,35,125,10
35250404,male,125,25,110,15
35250405,female,130,60,120,10
35250405,male,125,40,120,10
35250406,female,210,105,200,10
35250406,male,175,70,165,10
35250407,female,140,95,140,0
35250407,male,125,80,110,15
35250408,female,115,70,105,10
35250408,male,140,95,115,25
35250409,female,95,70,95,0
35250409,male,105,70,100,10
35250410,female,110,85,105,0
35250410,male,120,55,100,15
35250411,female,155,75,145,10
35250411,male,145,65,135,10
35250412,female,85,245,75,10
35250412,male,55,145,55,0
35250413,female,175,85,155,20
35250413,male,180,70,175,0
35250416,female,145,50,140,10
35250416,male,160,85,140,20
35250417,female,130,65,105,25
35250417,male,80,60,75,10
35250418,female,165,85,150,15
35250418,male,170,40,160,15
35250419,female,125,95,105,15
35250419,male,195,95,175,20
35250420,female,230,155,215,15
35250420,male,300,145,280,15
35250421,female,185,115,180,0
35250421,male,185,105,175,15
35250422,female,80,220,70,15
35250422,male,175,265,150,30
35250423,female,190,145,180,10
35250423,male,175,75,165,15
35250424,female,160,120,145,20
35250424,male,150,120,130,15
35250425,female,235,185,215,20
35250425,male,235,170,215,15
35250426,female,150,70,140,10
35250426,male,140,60,135,10
35250427,female,150,25,145,10
35250427,male,115,10,105,0
35250428,female,145,75,115,30
35250428,male,115,70,100,20
35250429,female,75,45,70,10
35250429,male,140,65,120,20
35250430,female,140,50,125,10
35250430,male,140,55,130,10
35250431,female,155,65,145,15
35250431,male,145,75,125,20
35250434,female,340,275,310,35
35250434,male,365,225,340,25
35250435,female,75,80,80,0
35250435,male,145,115,135,10
35250436,female,105,110,90,20
35250436,male,125,110,105,25
35250437,female,115,80,115,0
35250437,male,175,50,150,25
35250438,female,95,45,60,35
35250438,male,105,60,75,25
35250439,female,180,85,175,10
35250439,male,180,70,160,15
35250440,female,140,105,145,0
35250440,male,215,115,205,10
35250441,female,220,30,210,10
35250441,male,170,70,140,30
35250442,female,175,85,155,20
35250442,male,220,70,195,30
35250443,female,125,70,120,10
35250443,male,160,60,155,0
35250444,female,130,135,115,15
35250444,male,105,90,100,0
35250445,female,90,95,85,10
35250445,male,110,55,110,0
35250446,female,130,80,125,0
35250446,male,145,90,135,10
35250447,female,75,35,80,0
35250447,male,115,20,100,15
35250448,female,225,80,195,30
35250448,male,210,130,185,30
35250449,female,110,55,90,15
35250449,male,135,35,115,15
35250450,female,130,75,105,25
35250450,male,110,60,100,10
35250451,female,35,70,35,0
35250451,male,65,35,55,10
35250452,female,95,55,85,0
35250452,male,90,30,90,0
35250453,female,100,65,100,0
35250453,male,130,35,130,0
35250454,female,175,130,150,25
35250454,male,195,95,165,30
35250455,female,105,105,90,15
35250455,male,130,120,105,20
35250456,female,85,170,90,0
35250456,male,110,125,65,50
35250457,female,x,x,x,x
35250457,male,x,x,x,x
35250458,female,70,135,60,10
35250458,male,70,100,50,20
35250459,female,140,135,135,10
35250459,male,205,110,170,30
35250460,female,65,65,60,10
35250460,male,90,80,85,10
35250461,female,130,70,105,25
35250461,male,105,80,95,10
35250462,female,95,70,80,20
35250462,male,70,50,60,15
35250463,female,90,70,85,10
35250463,male,95,75,85,10
35250464,female,85,50,75,10
35250464,male,75,30,70,10
35250465,female,100,105,90,15
35250465,male,215,60,200,15
35250466,female,105,65,90,10
35250466,male,75,55,70,0
35250467,female,95,265,75,25
35250467,male,150,185,125,20
35250468,female,80,30,75,10
35250468,male,155,85,135,20
35250471,female,65,50,50,10
35250471,male,70,75,65,0
35250472,female,120,85,115,10
35250472,male,105,85,95,10
35250473,female,110,55,100,10
35250473,male,60,55,40,20
35250474,female,95,155,75,20
35250474,male,165,145,150,20
35250475,female,85,70,90,0
35250475,male,105,105,100,10
35250476,female,80,80,60,15
35250476,male,100,50,80,20
35250477,female,100,100,95,10
35250477,male,150,80,135,10
35250478,female,90,75,85,10
35250478,male,80,70,80,0
35250479,female,120,135,105,10
35250479,male,155,95,145,10
35250480,female,140,75,125,15
35250480,male,130,90,110,20
35250481,female,55,80,55,0
35250481,male,85,60,70,15
35250482,female,85,70,75,10
35250482,male,100,70,95,10
35250483,female,85,55,70,10
35250483,male,105,90,95,10
35250484,female,50,95,45,0
35250484,male,100,55,75,20
35250485,female,95,90,90,10
35250485,male,115,85,110,10
35250486,female,125,155,120,0
35250486,male,160,100,145,20
35250487,female,80,95,75,10
35250487,male,75,55,80,0
35250488,female,110,75,95,10
35250488,male,145,65,130,10
35250489,female,80,60,80,0
35250489,male,100,55,95,10
35250490,female,110,75,105,10
35250490,male,150,45,145,10
35250491,female,50,95,45,0
35250491,male,45,45,40,0
35250492,female,95,75,95,0
35250492,male,95,35,85,10
35250493,female,105,65,105,0
35250493,male,115,45,95,20
35250494,female,85,50,75,10
35250494,male,115,55,110,0
35250495,female,125,90,105,15
35250495,male,115,85,105,10
35250496,female,40,60,45,0
35250496,male,65,70,60,10
35250497,female,170,90,165,10
35250497,male,190,55,160,35
35250498,female,155,100,130,20
35250498,male,170,100,150,15
35250499,female,120,90,115,10
35250499,male,160,60,150,10
35250501,female,140,85,135,0
35250501,male,135,70,120,10
35250502,female,145,55,140,10
35250502,male,165,55,150,10
35250503,female,130,65,120,10
35250503,male,185,45,170,10
35250504,female,135,155,125,10
35250504,male,125,125,115,0
35250506,female,165,60,160,10
35250506,male,135,35,115,20
35250507,female,150,70,140,0
35250507,male,130,45,120,10
35250508,female,150,70,140,15
35250508,male,150,45,150,0
35250509,female,205,55,205,0
35250509,male,190,60,175,15
35250510,female,165,65,160,10
35250510,male,155,25,150,10
35250511,female,170,120,170,0
35250511,male,180,80,180,0
35250512,female,160,50,150,10
35250512,male,90,50,90,10
35250513,female,170,50,160,10
35250513,male,170,75,165,0
35250514,female,265,120,255,10
35250514,male,275,90,255,20
35250515,female,90,85,85,0
35250515,male,100,50,100,10
35250516,female,220,155,210,15
35250516,male,235,95,225,15
35250517,female,105,65,105,0
35250517,male,90,45,85,10
35250518,female,65,60,55,10
35250518,male,85,55,80,10
35250519,female,145,105,145,0
35250519,male,180,125,155,30
35250520,female,170,115,165,0
35250520,male,220,70,205,15
35250521,female,120,90,120,0
35250521,male,175,105,170,10
35250522,female,65,40,60,0
35250522,male,60,40,50,0
35250523,female,95,105,95,0
35250523,male,120,80,110,10
35250524,female,80,80,85,0
35250524,male,80,60,70,10
35250525,female,115,80,105,10
35250525,male,95,55,90,0
35250526,female,255,355,210,50
35250526,male,225,185,185,40
35250527,female,110,110,85,25
35250527,male,135,55,120,15
35250528,female,65,115,65,0
35250528,male,85,90,85,0
35250529,female,95,110,95,10
35250529,male,110,50,70,40
35250530,female,95,100,75,15
35250530,male,120,65,115,10
35250531,female,125,105,110,15
35250531,male,145,60,135,10
35250532,female,120,85,115,10
35250532,male,115,55,110,0
35250533,female,190,190,185,10
35250533,male,190,130,180,0
35250534,female,115,110,110,0
35250534,male,135,70,125,0
35250535,female,120,100,110,15
35250535,male,110,90,105,10
35250536,female,115,70,100,15
35250536,male,140,65,125,10
35250537,female,165,90,165,0
35250537,male,195,95,180,15
35250538,female,130,105,130,0
35250538,male,160,125,140,20
35250539,female,210,115,190,15
35250539,male,200,65,170,25
35250540,female,135,135,130,0
35250540,male,155,130,145,10
35250541,female,115,100,105,10
35250541,male,125,75,115,10
35250542,female,100,85,100,10
35250542,male,125,80,120,10
35250545,female,100,75,100,10
35250545,male,85,70,85,0
35250546,female,105,75,80,25
35250546,male,115,70,100,15
35250547,female,105,100,90,10
35250547,male,130,60,120,10
35250548,female,160,155,145,15
35250548,male,140,130,130,15
35250549,female,105,115,105,0
35250549,male,120,60,115,0
35250550,female,120,70,115,0
35250550,male,110,55,105,0
35250551,female,115,110,115,0
35250551,male,120,75,120,0
35250552,female,110,85,105,0
35250552,male,90,45,85,10
35250553,female,175,105,150,20
35250553,male,140,95,125,20
35250554,female,140,95,125,15
35250554,male,140,45,130,10
35250555,female,155,65,150,0
35250555,male,125,55,100,20
35250556,female,130,90,120,10
35250556,male,210,65,185,20
35250557,female,185,120,175,15
35250557,male,175,65,145,30
35250558,female,110,60,105,0
35250558,male,150,45,145,10
35250559,female,130,75,130,0
35250559,male,115,85,105,10
35250560,female,110,175,115,0
35250560,male,130,95,110,20
35250561,female,85,80,90,0
35250561,male,100,55,85,10
35250562,female,135,90,140,0
35250562,male,155,70,135,15
35250563,female,175,130,150,20
35250563,male,155,65,145,10
35250564,female,100,115,100,0
35250564,male,135,110,115,25
35250565,female,205,120,180,25
35250565,male,270,90,270,0
35250566,female,115,50,105,10
35250566,male,125,60,115,10
35250567,female,115,130,115,0
35250567,male,155,80,150,10
35250568,female,210,105,195,15
35250568,male,180,60,160,20
35250569,female,85,115,75,0
35250569,male,85,85,85,10
35250570,female,115,110,105,10
35250570,male,80,100,70,10
35250571,female,85,160,85,10
35250571,male,40,110,35,0
35250572,female,135,70,125,10
35250572,male,150,85,135,10
35250573,female,315,190,295,20
35250573,male,295,195,270,30
35250574,female,125,55,120,0
35250574,male,120,40,105,15
35250578,female,210,125,185,25
35250578,male,195,65,195,0
35250579,female,120,60,110,10
35250579,male,160,30,155,10
35250580,female,75,35,75,10
35250580,male,45,25,40,0
35250581,female,215,85,210,10
35250581,male,205,65,205,10
35250582,female,170,80,165,10
35250582,male,160,90,145,20
35250583,female,205,70,195,10
35250583,male,180,45,165,15
35250585,female,160,95,155,0
35250585,male,190,100,180,15
35250586,female,355,190,330,25
35250586,male,385,140,370,20
35250587,female,125,35,125,0
35250587,male,90,50,85,10
35250588,female,120,75,105,15
35250588,male,110,80,100,10
35250589,female,175,115,170,10
35250589,male,205,70,195,15
35250590,female,115,60,100,10
35250590,male,100,60,90,10
35250591,female,220,85,210,10
35250591,male,215,90,200,15
35250592,female,170,80,165,10
35250592,male,155,55,140,15
35250593,female,95,85,95,0
35250593,male,85,60,80,0
35250594,female,125,110,130,0
35250594,male,130,80,120,10
35250595,female,155,75,150,0
35250595,male,125,85,115,10
35250596,female,190,95,185,10
35250596,male,180,45,165,10
35250597,female,70,95,60,10
35250597,male,135,50,105,35
35250598,female,135,90,125,0
35250598,male,120,55,115,0
35250599,female,85,165,90,0
35250599,male,75,110,65,10
35250600,female,80,60,80,0
35250600,male,130,30,110,20
35250601,female,90,280,75,15
35250601,male,75,95,80,0
35250602,female,65,170,65,0
35250602,male,70,125,65,10
35250603,female,210,105,210,10
35250603,male,200,125,170,30
35250604,female,85,85,90,0
35250604,male,130,85,110,15
35250605,female,90,95,85,10
35250605,male,80,80,75,10
35250606,female,130,115,125,10
35250606,male,110,100,100,10
35250607,female,150,75,140,10
35250607,male,140,55,145,0
35250608,female,85,80,75,0
35250608,male,100,55,90,15
35250609,female,175,50,155,15
35250609,male,130,60,120,10
35250610,female,135,90,120,10
35250610,male,155,45,140,10
35250611,female,90,110,85,15
35250611,male,105,70,90,20
35250612,female,180,85,165,10
35250612,male,160,50,145,25
35250613,female,330,165,320,10
35250613,male,260,115,255,10
35250614,female,55,60,55,0
35250614,male,75,30,70,0
35250615,female,85,100,85,0
35250615,male,70,105,65,0
35250616,female,40,50,35,10
35250616,male,45,45,45,0
35250617,female,115,100,110,10
35250617,male,105,70,100,0
35250618,female,50,50,50,0
35250618,male,80,55,75,0
35250619,female,135,100,105,30
35250619,male,165,75,155,15
35250620,female,110,50,95,0
35250620,male,135,40,120,20
35250621,female,260,140,250,15
35250621,male,210,85,190,20
35250622,female,95,70,85,10
35250622,male,115,35,110,0
35250623,female,105,85,100,0
35250623,male,90,50,80,10
35250624,female,90,140,85,0
35250624,male,110,40,100,10
35250625,female,75,105,70,10
35250625,male,90,75,75,10
35250626,female,125,120,115,0
35250626,male,135,80,130,0
35250627,female,145,90,130,15
35250627,male,170,65,150,15
35250628,female,55,190,55,0
35250628,male,70,75,70,0
35250629,female,175,280,155,15
35250629,male,180,170,160,20
35250630,female,145,80,135,10
35250630,male,170,65,160,10
35250631,female,105,105,105,0
35250631,male,125,60,115,10
35250632,female,155,110,140,15
35250632,male,150,80,130,20
35250633,female,55,55,55,0
35250633,male,70,20,70,0
35250634,female,155,120,125,35
35250634,male,125,105,110,20
35250635,female,95,75,100,0
35250635,male,95,50,85,15
35250636,female,225,175,220,0
35250636,male,270,115,230,40
35250637,female,290,300,275,15
35250637,male,285,175,265,20
35250638,female,95,40,80,15
35250638,male,50,30,50,0
35250639,female,210,105,200,15
35250639,male,165,75,150,15
35250640,female,160,140,140,15
35250640,male,140,80,125,10
35250641,female,125,60,120,10
35250641,male,130,30,120,10
35250642,female,175,75,150,30
35250642,male,145,70,125,15
35250643,female,120,70,120,0
35250643,male,190,85,175,20
35250644,female,95,55,95,0
35250644,male,95,40,90,10
35250645,female,140,105,135,0
35250645,male,175,90,150,20
35250646,female,255,100,245,15
35250646,male,245,120,230,20
35250647,female,260,110,265,0
35250647,male,255,60,235,15
35250648,female,295,130,270,30
35250648,male,240,100,215,20
35250649,female,170,125,160,10
35250649,male,170,85,155,15
35250650,female,110,125,105,10
35250650,male,140,65,110,25
35250651,female,95,35,95,0
35250651,male,120,45,115,0
35250652,female,185,85,185,0
35250652,male,210,80,195,15
35250655,female,460,205,450,10
35250655,male,480,205,470,0
35250656,female,135,125,125,10
35250656,male,75,90,75,10
35250657,female,195,110,185,10
35250657,male,180,125,175,10
35250658,female,85,40,75,0
35250658,male,75,35,65,10
35250659,female,190,100,175,15
35250659,male,170,75,150,20
35250661,female,345,190,315,30
35250661,male,350,135,325,25
35250662,female,490,215,470,25
35250662,male,480,195,455,25
35250663,female,200,90,205,0
35250663,male,190,120,170,15
35250664,female,125,70,115,0
35250664,male,135,60,125,10
35250665,female,140,95,120,20
35250665,male,165,45,160,0
35250666,female,110,100,100,10
35250666,male,115,55,100,10
35250667,female,50,40,45,10
35250667,male,35,25,25,10
35250668,female,75,80,55,20
35250668,male,115,75,95,20
35250669,female,65,65,65,10
35250669,male,80,75,55,20
35250670,female,55,35,40,15
35250670,male,100,40,95,0
35250671,female,70,60,65,0
35250671,male,75,50,55,15
35250672,female,75,55,55,20
35250672,male,55,105,55,0
35250675,female,105,105,90,20
35250675,male,145,80,135,15
35250676,female,70,80,65,10
35250676,male,145,70,130,20
35250677,female,140,65,140,0
35250677,male,140,55,130,15
35250678,female,165,80,160,0
35250678,male,165,45,155,0
35250679,female,125,115,110,15
35250679,male,140,90,130,10
35250680,female,140,105,120,15
35250680,male,120,105,105,10
35250681,female,160,210,155,10
35250681,male,255,115,225,30
35250692,female,90,90,85,0
35250692,male,115,65,95,20
35250693,female,105,55,90,20
35250693,male,70,75,60,15
35250694,female,100,50,75,20
35250694,male,85,45,60,25
35250695,female,50,70,50,0
35250695,male,75,110,75,0
35250696,female,30,105,30,0
35250696,male,60,115,55,10
35250700,female,105,75,85,20
35250700,male,135,65,110,25
35250701,female,140,95,125,10
35250701,male,95,65,90,10
35250702,female,185,80,165,25
35250702,male,160,55,135,25
35250703,female,100,65,85,15
35250703,male,115,80,95,10
35250704,female,100,110,100,0
35250704,male,150,85,130,25
35250705,female,140,105,115,20
35250705,male,165,100,155,10
35250706,female,115,70,110,10
35250706,male,165,35,160,10
35250707,female,120,55,110,10
35250707,male,100,40,95,10
35250708,female,140,145,120,25
35250708,male,190,90,170,20
35250709,female,145,80,140,0
35250709,male,120,55,110,10
35250710,female,105,85,100,0
35250710,male,140,65,125,15
35250711,female,90,60,85,0
35250711,male,105,60,90,10
35250712,female,95,45,95,0
35250712,male,150,30,125,25
35250713,female,75,60,65,10
35250713,male,95,55,80,15
35250714,female,140,55,130,10
35250714,male,110,90,110,0
35250715,female,135,50,110,20
35250715,male,155,55,135,20
35250716,female,115,60,105,0
35250716,male,190,55,185,10
35250717,female,140,80,115,30
35250717,male,155,70,145,10
35250718,female,115,80,110,10
35250718,male,140,50,105,35
35250719,female,100,60,85,10
35250719,male,110,75,90,25
35250720,female,145,120,140,10
35250720,male,160,65,160,10
35250721,female,120,85,95,20
35250721,male,160,85,140,20
35250724,female,95,75,95,0
35250724,male,145,100,130,15
35250725,female,110,65,105,0
35250725,male,140,35,125,15
35250726,female,165,65,145,20
35250726,male,155,55,125,25
35250727,female,50,55,45,0
35250727,male,80,15,70,10
35250728,female,140,70,110,25
35250728,male,165,50,145,20
35250729,female,130,70,125,0
35250729,male,145,45,130,15
35250730,female,125,165,100,20
35250730,male,130,125,120,15
35250731,female,135,155,125,10
35250731,male,155,100,130,25
35250732,female,120,50,115,0
35250732,male,115,55,100,15
35250733,female,215,75,185,25
35250733,male,185,70,165,20
35250734,female,185,85,175,15
35250734,male,160,85,135,25
35250735,female,135,45,120,15
35250735,male,120,65,105,10
35250736,female,140,105,115,25
35250736,male,160,80,130,30
35250737,female,155,70,145,0
35250737,male,135,55,130,0
35250738,female,155,50,140,15
35250738,male,135,50,120,15
35250739,female,165,55,150,10
35250739,male,165,70,155,15
35250740,female,135,110,125,10
35250740,male,165,85,150,15
35250741,female,145,95,135,10
35250741,male,165,85,150,15
35250742,female,155,70,130,20
35250742,male,180,50,170,10
35250743,female,115,75,115,0
35250743,male,170,45,150,20
35250744,female,210,130,210,10
35250744,male,180,95,180,0
35250745,female,100,80,90,10
35250745,male,110,80,105,0
35250746,female,105,65,105,0
35250746,male,85,50,80,10
35250747,female,100,55,100,0
35250747,male,125,50,110,15
35250748,female,115,65,110,0
35250748,male,125,85,130,0
35250749,female,115,75,110,10
35250749,male,115,80,90,20
35250750,female,130,80,120,10
35250750,male,175,40,155,20
35250753,female,130,80,110,15
35250753,male,135,55,120,15
35250754,female,75,85,70,0
35250754,male,120,60,105,20
35250755,female,120,60,100,20
35250755,male,135,60,115,20
35250756,female,155,95,150,0
35250756,male,170,70,150,20
35250757,female,140,95,120,20
35250757,male,180,70,150,30
35250758,female,120,70,100,20
35250758,male,90,60,85,0
35250759,female,120,70,115,0
35250759,male,125,75,105,10
35250760,female,110,70,95,15
35250760,male,115,90,105,10
35250761,female,90,95,85,0
35250761,male,120,100,110,10
35250762,female,115,80,95,20
35250762,male,135,110,120,15
35250763,female,155,80,150,0
35250763,male,185,80,170,15
35250764,female,130,80,120,10
35250764,male,95,45,90,10
35250765,female,110,115,105,10
35250765,male,110,100,100,10
35250766,female,110,100,95,15
35250766,male,125,60,110,10
35250767,female,75,80,55,20
35250767,male,115,55,115,10
35250768,female,115,65,105,0
35250768,male,105,80,100,10
35250769,female,125,85,115,10
35250769,male,125,50,125,0
35250770,female,110,115,95,10
35250770,male,100,100,85,15
35250771,female,110,110,105,0
35250771,male,160,75,150,10
35250772,female,95,75,90,10
35250772,male,105,85,105,0
35250773,female,140,100,130,10
35250773,male,155,90,140,10
35250774,female,105,115,95,15
35250774,male,80,60,75,10
35250775,female,70,115,55,15
35250775,male,125,100,100,25
35250776,female,50,95,45,0
35250776,male,90,85,85,10
35250777,female,150,75,140,15
35250777,male,135,55,120,20
35250778,female,110,85,105,0
35250778,male,115,50,115,0
35250779,female,100,60,85,10
35250779,male,90,80,70,15
35250780,female,105,60,90,15
35250780,male,125,85,105,15
35250781,female,110,45,100,10
35250781,male,155,55,150,0
35250782,female,120,55,115,0
35250782,male,95,50,95,0
35250783,female,125,95,115,10
35250783,male,140,60,135,0
35250784,female,125,70,115,0
35250784,male,115,45,110,10
35250785,female,150,110,140,10
35250785,male,145,85,125,20
35250786,female,130,80,125,10
35250786,male,145,80,135,0
35250787,female,230,105,210,20
35250787,male,210,65,205,0
35250788,female,150,90,140,10
35250788,male,165,65,165,0
35250789,female,150,85,140,15
35250789,male,155,100,130,20
35250790,female,185,50,185,10
35250790,male,155,75,150,10
35250791,female,155,55,155,0
35250791,male,145,30,130,20
35250792,female,135,65,125,10
35250792,male,135,60,120,10
35250793,female,115,90,110,10
35250793,male,110,80,90,20
35250798,female,45,45,45,0
35250798,male,90,40,75,15
35250799,female,100,95,85,10
35250799,male,110,65,95,15
35250800,female,110,90,105,0
35250800,male,105,90,90,15
35250801,female,205,225,200,0
35250801,male,160,170,165,0
35250802,female,125,55,120,10
35250802,male,130,40,120,10
35250803,female,105,65,100,10
35250803,male,130,50,125,10
35250804,female,680,305,650,30
35250804,male,705,225,660,50
35250805,female,270,180,250,20
35250805,male,375,135,340,30
35250806,female,120,50,110,10
35250806,male,155,45,145,15
35250807,female,265,165,255,10
35250807,male,315,95,305,15
35250810,female,220,165,200,20
35250810,male,225,135,210,20
35250812,female,85,85,85,0
35250812,male,125,75,110,10
35250813,female,155,90,150,10
35250813,male,180,45,160,20
35250814,female,135,85,125,15
35250814,male,155,70,150,10
35250815,female,390,260,385,10
35250815,male,405,210,385,20
35250826,female,260,100,225,35
35250826,male,225,110,210,15
35250827,female,95,55,95,0
35250827,male,120,35,120,0
35250828,female,100,20,90,10
35250828,male,85,35,80,0
35250829,female,145,60,140,0
35250829,male,140,105,135,0
35250830,female,165,85,145,15
35250830,male,120,70,110,0
35250831,female,180,415,180,10
35250831,male,160,225,135,20
35250832,female,90,90,75,15
35250832,male,55,40,60,0
35250833,female,105,55,105,0
35250833,male,105,40,95,15
35250834,female,145,55,135,10
35250834,male,120,45,110,10
35250835,female,90,90,90,0
35250835,male,100,50,95,0
35250836,female,110,60,110,0
35250836,male,135,40,130,10
35250843,female,300,200,265,35
35250843,male,270,125,240,30
35250845,female,245,450,210,40
35250845,male,450,360,370,80
35250846,female,155,405,125,25
35250846,male,120,235,110,10
35250847,female,100,150,105,0
35250847,male,180,115,155,20
35250848,female,245,150,225,25
35250848,male,240,135,215,25
35250849,female,320,150,305,15
35250849,male,380,135,320,60
35250850,female,280,210,240,35
35250850,male,320,130,295,20
35250851,female,435,560,400,35
35250851,male,560,405,505,55
35250852,female,505,400,440,65
35250852,male,495,255,460,35
35250853,female,225,280,190,35
35250853,male,280,205,245,40
35250854,female,250,225,225,25
35250854,male,265,220,225,35
35250855,female,270,195,250,20
35250855,male,355,135,295,55
35250857,female,160,75,145,20
35250857,male,200,60,185,15
35250859,female,175,165,155,15
35250859,male,155,120,150,0
35250860,female,495,280,440,55
35250860,male,565,205,505,55
35250861,female,155,70,150,10
35250861,male,165,40,150,15
35250862,female,140,95,130,15
35250862,male,175,50,175,0
35250863,female,105,45,90,10
35250863,male,130,35,135,0
35250864,female,150,70,145,10
35250864,male,195,60,190,0
35250865,female,145,75,135,10
35250865,male,145,60,140,10
35250866,female,150,85,140,0
35250866,male,180,95,175,0
35250867,female,165,55,155,15
35250867,male,185,60,180,10
35250868,female,90,65,80,10
35250868,male,115,45,110,10
35250869,female,155,60,145,10
35250869,male,145,55,140,0
35250870,female,190,120,195,0
35250870,male,255,55,240,10
35250871,female,150,80,145,10
35250871,male,155,80,155,10
35250872,female,190,110,180,0
35250872,male,235,85,230,10
35250873,female,200,75,190,10
35250873,male,235,70,225,0
35250874,female,195,75,195,0
35250874,male,225,65,215,10
35250875,female,185,90,185,0
35250875,male,255,60,235,20
35250876,female,130,35,125,0
35250876,male,155,45,150,10
35250877,female,95,105,90,10
35250877,male,155,45,145,0
35250878,female,120,85,120,0
35250878,male,140,70,135,10
35250879,female,195,95,190,10
35250879,male,200,85,190,0
35250880,female,155,80,150,0
35250880,male,130,45,115,20
35250881,female,180,95,160,20
35250881,male,150,60,145,15
35250882,female,240,120,240,0
35250882,male,260,75,255,0
35250883,female,215,30,195,20
35250883,male,165,25,155,10
35250884,female,215,40,200,10
35250884,male,205,45,195,15
35250885,female,155,40,150,0
35250885,male,165,30,150,10
35250886,female,160,60,155,10
35250886,male,210,35,210,0
35250887,female,215,85,215,0
35250887,male,195,35,185,10
35250888,female,170,65,150,20
35250888,male,180,35,180,0
35250889,female,175,45,175,0
35250889,male,175,30,170,0
35250890,female,160,30,155,10
35250890,male,135,35,135,10
35250891,female,140,40,140,0
35250891,male,150,35,140,10
35250892,female,815,235,795,20
35250892,male,810,135,780,35
35250893,female,175,60,175,0
35250893,male,185,25,185,0
35250894,female,140,55,135,10
35250894,male,150,50,150,0
35250895,female,190,70,180,10
35250895,male,170,70,170,10
35250896,female,145,55,135,10
35250896,male,125,70,125,0
35250897,female,170,70,155,20
35250897,male,170,35,170,0
35250898,female,120,70,120,0
35250898,male,160,35,160,0
35250899,female,110,45,100,10
35250899,male,145,45,135,10
35250900,female,105,25,100,0
35250900,male,130,20,125,0
35250901,female,145,65,130,10
35250901,male,165,70,160,10
35250902,female,165,60,160,0
35250902,male,180,30,175,0
35250903,female,125,135,125,0
35250903,male,215,85,205,15
35250904,female,190,85,185,10
35250904,male,205,50,200,10
35250905,female,155,75,155,10
35250905,male,200,50,190,10
35250906,female,150,45,150,0
35250906,male,170,20,175,0
35250907,female,100,80,95,0
35250907,male,130,30,130,0
35250908,female,150,70,145,10
35250908,male,165,70,165,10
35250909,female,465,235,430,30
35250909,male,540,145,505,35
35250910,female,425,205,385,35
35250910,male,445,110,410,35
35250911,female,195,90,180,10
35250911,male,230,25,210,15
35250912,female,165,105,145,15
35250912,male,210,65,200,15
35250913,female,155,170,155,0
35250913,male,180,80,175,10
35250914,female,95,115,90,10
35250914,male,120,85,115,10
35250918,female,190,885,190,10
35250918,male,135,650,115,20
35250919,female,200,75,195,10
35250919,male,185,85,180,0
35250920,female,355,195,340,10
35250920,male,375,140,345,30
35250921,female,200,120,185,15
35250921,male,225,135,225,0
35250922,female,180,110,175,0
35250922,male,230,105,220,10
35250923,female,175,65,175,0
35250923,male,200,35,175,25
35250924,female,130,50,130,0
35250924,male,140,60,145,0
35250925,female,145,115,140,0
35250925,male,160,75,150,0
35250928,female,110,75,110,0
35250928,male,170,50,165,0
35250929,female,155,100,140,15
35250929,male,220,55,205,10
35250930,female,185,80,180,0
35250930,male,200,60,185,10
35250931,female,205,100,175,30
35250931,male,210,75,215,0
35250932,female,80,160,75,0
35250932,male,125,85,115,10
35250933,female,130,55,120,10
35250933,male,150,50,145,0
35250934,female,115,60,110,0
35250934,male,150,55,145,0
35250935,female,155,325,155,0
35250935,male,185,265,170,15
35250936,female,155,50,145,10
35250936,male,160,45,150,0
35250937,female,240,185,230,15
35250937,male,295,175,285,0
35250938,female,230,100,205,20
35250938,male,215,75,200,15
35250939,female,140,120,140,0
35250939,male,160,85,155,10
35250940,female,130,75,135,0
35250940,male,125,70,125,0
35250941,female,160,145,160,10
35250941,male,255,95,240,10
35250942,female,100,90,100,10
35250942,male,160,55,165,0
35250943,female,265,120,260,10
35250943,male,295,85,280,15
35250944,female,155,65,155,0
35250944,male,175,55,160,20
35250945,female,205,55,205,0
35250945,male,235,30,230,0
35250946,female,105,120,100,10
35250946,male,145,85,130,10
35250947,female,200,95,195,0
35250947,male,185,70,180,10
35250948,female,395,185,360,30
35250948,male,415,100,410,10
35250949,female,110,60,105,0
35250949,male,155,70,145,10
35250950,female,170,10,170,0
35250950,male,160,45,155,10
35250951,female,190,50,180,10
35250951,male,175,40,160,10
35250952,female,645,160,620,25
35250952,male,700,80,675,25
35250953,female,95,75,80,15
35250953,male,100,70,95,10
35250954,female,100,70,95,10
35250954,male,125,85,110,20
35250955,female,50,105,50,10
35250955,male,40,50,40,0
35250956,female,55,260,50,10
35250956,male,60,260,60,0
35250957,female,140,90,125,15
35250957,male,135,65,115,20
35250958,female,115,60,105,10
35250958,male,130,95,105,20
35250959,female,135,70,125,15
35250959,male,125,75,115,10
35250960,female,80,50,70,10
35250960,male,85,90,60,25
35250961,female,115,100,105,15
35250961,male,120,65,105,10
35250962,female,165,85,140,25
35250962,male,195,70,165,30
35250963,female,730,590,670,60
35250963,male,620,445,540,80
35250964,female,170,130,170,0
35250964,male,190,65,170,15
35250965,female,85,75,80,10
35250965,male,95,50,85,0
35250966,female,x,x,x,x
35250966,male,x,x,x,x
35250967,female,135,70,125,10
35250967,male,95,75,100,0
35250968,female,150,70,125,25
35250968,male,135,100,115,15
35250969,female,155,70,125,25
35250969,male,185,80,150,35
35250970,female,125,100,115,15
35250970,male,120,50,110,10
35250971,female,130,65,130,0
35250971,male,185,50,165,20
35250972,female,115,55,115,0
35250972,male,110,75,110,0
35250973,female,100,85,100,10
35250973,male,110,80,100,10
35250974,female,120,55,105,10
35250974,male,120,55,120,0
35250975,female,85,100,80,0
35250975,male,140,60,125,10
35250976,female,65,50,60,0
35250976,male,105,60,95,10
35250978,female,675,230,635,40
35250978,male,650,180,635,15
35250980,female,85,50,80,10
35250980,male,135,35,120,10
35250981,female,630,300,610,20
35250981,male,665,235,615,55
35250982,female,0,200,0,0
35250982,male,0,95,0,0
35250983,female,140,55,135,10
35250983,male,115,70,105,10
35250985,female,335,140,320,10
35250985,male,375,115,365,0
35250986,female,390,220,370,20
35250986,male,400,210,380,20
35250987,female,190,105,185,10
35250987,male,220,100,205,20
35250988,female,270,205,260,10
35250988,male,240,140,225,20
35250989,female,340,160,320,20
35250989,male,295,125,270,25
35250990,female,160,105,150,10
35250990,male,125,80,115,10
35250991,female,120,145,120,0
35250991,male,160,105,160,10
35250992,female,110,60,110,0
35250992,male,145,70,145,0
35250993,female,30,55,30,0
35250993,male,45,30,45,0
35250994,female,300,145,265,35
35250994,male,285,100,270,10
35250995,female,395,510,365,30
35250995,male,365,330,335,35
35250996,female,335,140,320,15
35250996,male,350,110,350,0
35250997,female,130,420,130,0
35250997,male,165,285,160,10
35250998,female,135,90,135,0
35250998,male,150,95,145,15
35250999,female,235,230,210,25
35250999,male,330,105,310,20
35251000,female,85,60,85,0
35251000,male,120,35,115,10
35251001,female,125,85,115,0
35251001,male,165,65,160,0
35251002,female,200,70,195,0
35251002,male,205,60,195,0
35251003,female,120,55,110,10
35251003,male,90,45,90,0
35251004,female,205,65,200,10
35251004,male,155,25,155,0
35251005,female,230,130,225,0
35251005,male,300,85,290,15
35251006,female,190,150,180,15
35251006,male,235,140,220,15
35251007,female,255,95,250,0
35251007,male,275,85,260,15
35251008,female,145,70,130,20
35251008,male,125,35,125,0
35251009,female,260,90,245,15
35251009,male,290,55,265,25
35251010,female,180,45,170,0
35251010,male,170,65,170,0
35251011,female,205,70,195,10
35251011,male,170,80,165,10
35251012,female,200,65,190,10
35251012,male,185,55,175,0
35251013,female,290,80,275,10
35251013,male,310,75,295,10
35251014,female,105,55,95,10
35251014,male,85,25,85,0
35251015,female,220,90,205,15
35251015,male,210,70,200,15
35251016,female,160,70,155,0
35251016,male,165,60,160,0
35251017,female,150,55,145,0
35251017,male,155,35,155,0
35251018,female,220,125,200,20
35251018,male,195,90,170,25
35251019,female,135,35,130,0
35251019,male,115,25,110,0
35251020,female,260,110,250,10
35251020,male,305,60,295,0
35251021,female,235,65,230,0
35251021,male,245,35,220,25
35251022,female,525,235,485,40
35251022,male,530,180,510,25
35251023,female,250,90,235,15
35251023,male,295,65,280,15
35251024,female,295,105,295,0
35251024,male,320,90,315,10
35251025,female,155,180,135,20
35251025,male,95,100,75,25
35251026,female,180,100,170,0
35251026,male,130,80,125,10
35260307,female,255,85,245,0
35260307,male,245,80,220,20
35260309,female,400,185,395,0
35260309,male,395,165,395,0
35260310,female,130,50,125,10
35260310,male,135,35,130,0
35260311,female,235,205,220,10
35260311,male,205,165,200,0
35260313,female,150,90,150,0
35260313,male,140,55,140,0
35260314,female,110,135,105,0
35260314,male,125,105,125,10
35260315,female,100,60,100,0
35260315,male,125,70,120,0
35260316,female,120,95,105,10
35260316,male,175,55,165,15
35260317,female,125,85,115,10
35260317,male,90,45,85,10
35260318,female,140,75,135,10
35260318,male,140,80,130,10
35260319,female,105,70,105,0
35260319,male,110,80,100,15
35260320,female,130,75,120,10
35260320,male,130,50,115,20
35260321,female,145,115,140,0
35260321,male,160,90,140,15
35260322,female,130,80,125,0
35260322,male,95,80,90,0
35260323,female,120,100,100,20
35260323,male,145,85,130,10
35260324,female,175,125,175,0
35260324,male,165,105,150,15
35260325,female,85,130,80,0
35260325,male,65,75,65,0
35260326,female,115,120,110,10
35260326,male,160,90,145,15
35260327,female,80,70,75,10
35260327,male,110,45,105,0
35260328,female,80,55,80,10
35260328,male,85,45,80,10
35260330,female,135,100,130,0
35260330,male,130,65,130,10
35260332,female,150,70,155,0
35260332,male,150,40,145,10
35260333,female,175,80,170,0
35260333,male,195,75,175,25
35260334,female,130,50,125,0
35260334,male,110,65,110,0
35260335,female,485,205,450,35
35260335,male,490,190,455,35
35260336,female,420,190,415,10
35260336,male,455,130,445,10
35260337,female,110,65,100,0
35260337,male,80,45,75,0
35260338,female,525,190,500,25
35260338,male,580,140,550,35
35260339,female,185,50,185,0
35260339,male,175,45,175,0
35260340,female,300,135,285,20
35260340,male,345,65,330,15
35260341,female,120,120,120,0
35260341,male,150,80,145,0
35260342,female,125,80,120,10
35260342,male,165,50,160,10
35260734,female,365,265,350,15
35260734,male,400,125,400,0
35260828,female,100,120,100,0
35260828,male,125,95,125,0
35260829,female,150,70,145,10
35260829,male,165,45,150,15
35260830,female,235,155,220,10
35260830,male,260,105,255,10
35260831,female,145,45,135,10
35260831,male,145,35,135,10
35260832,female,210,115,205,10
35260832,male,220,80,215,10
35260833,female,175,115,145,30
35260833,male,195,85,175,15
