,geo_code,In Labour Force (F),Not in Labour Force (F),Employed (F),Unemployed (F)
0,35240317,215,205,210,10
2,35240318,215,125,210,10
4,35240319,135,25,135,0
6,35240320,235,70,220,15
8,35240321,225,85,220,10
10,35240322,145,55,140,10
12,35240323,155,60,140,15
14,35240324,260,65,245,10
16,35240325,145,85,140,0
18,35240326,115,90,105,10
20,35240327,115,95,115,0
22,35240328,125,100,120,10
24,35240329,190,55,175,20
26,35240330,175,110,165,10
28,35240331,250,130,235,15
30,35240332,125,75,115,10
32,35240333,105,55,105,0
34,35240334,110,70,105,0
36,35240335,110,50,110,0
38,35240336,130,45,120,10
40,35240337,135,35,135,10
42,35240338,265,65,260,10
44,35240339,285,380,285,10
46,35240340,105,75,100,0
48,35240341,270,105,235,30
50,35240342,150,205,150,0
52,35240343,90,40,85,0
54,35240344,110,70,115,0
56,35240345,120,95,110,10
58,35240346,155,70,140,15
60,35240347,120,85,115,0
62,35240348,150,55,125,20
64,35240349,215,50,205,10
66,35240350,230,115,215,15
68,35240351,190,70,185,0
70,35240352,105,25,100,0
72,35240353,210,100,190,15
74,35240354,130,20,120,10
76,35240355,130,25,115,20
78,35240356,180,80,170,10
80,35240357,125,35,115,10
82,35240358,200,60,195,0
84,35240359,180,50,165,15
86,35240363,150,95,150,0
88,35240364,155,35,150,10
90,35240365,70,40,65,10
92,35240366,180,75,170,15
94,35240367,160,85,155,0
96,35240368,160,75,160,0
98,35240369,245,60,235,15
100,35240370,185,95,170,20
102,35240371,105,60,95,10
104,35240372,105,80,105,0
106,35240373,95,55,85,10
108,35240374,135,55,135,0
110,35240375,180,80,175,10
112,35240376,160,50,160,0
114,35240377,105,30,95,10
116,35240378,140,85,140,0
118,35240379,85,40,85,0
120,35240380,100,50,95,10
122,35240381,365,255,360,0
124,35240382,120,80,115,0
126,35240383,115,95,110,0
128,35240384,155,105,140,10
130,35240385,105,80,95,10
132,35240386,60,40,55,10
134,35240387,140,115,125,20
136,35240388,205,205,190,15
138,35240391,80,125,75,0
140,35240392,160,110,155,10
142,35240393,200,75,160,40
144,35240394,105,65,105,0
146,35240395,140,100,125,15
148,35240396,100,70,100,0
150,35240397,615,780,600,15
152,35240398,135,200,130,10
154,35240399,125,105,120,0
156,35240400,395,215,375,15
158,35240401,255,120,240,15
160,35240402,120,55,105,15
162,35240403,85,60,70,15
164,35240404,155,125,150,10
166,35240405,170,160,160,10
168,35240406,110,60,105,0
170,35240409,160,75,140,20
172,35240410,90,40,80,0
174,35240411,140,110,140,0
176,35240412,105,55,100,10
178,35240413,135,75,125,15
180,35240414,115,95,100,15
182,35240417,170,115,150,25
184,35240420,145,65,120,25
186,35240421,120,70,110,10
188,35240422,125,170,130,0
190,35240423,170,130,160,10
192,35240425,125,75,125,0
194,35240427,260,315,240,15
196,35240428,165,80,140,25
198,35240429,150,100,135,10
200,35240431,100,55,90,0
202,35240432,80,125,80,0
204,35240433,140,90,130,10
206,35240436,90,55,85,0
208,35240437,105,155,100,0
210,35240438,180,75,170,10
212,35240439,155,90,135,15
214,35240440,130,80,130,0
216,35240441,180,130,175,10
218,35240442,115,90,115,10
220,35240443,205,90,185,25
222,35240444,130,65,110,25
224,35240445,195,80,180,20
226,35240446,115,160,105,10
228,35240447,235,80,225,15
230,35240448,170,75,155,10
232,35240449,90,20,90,0
234,35240450,155,80,140,15
236,35240451,220,50,200,15
238,35240452,120,55,110,10
240,35240453,130,85,120,0
242,35240455,130,270,115,15
244,35240459,70,80,65,0
246,35240460,105,85,100,10
248,35240461,130,60,125,0
250,35240462,80,125,80,10
252,35240463,155,140,150,10
254,35240464,85,65,80,0
256,35240465,240,180,235,10
258,35240466,215,120,215,0
260,35240467,130,175,130,0
262,35240468,170,50,160,10
264,35240469,180,95,180,0
266,35240470,140,85,140,0
268,35240471,120,65,110,0
270,35240472,205,150,200,0
272,35240473,140,65,125,10
274,35240474,155,115,150,0
276,35240475,190,75,190,10
278,35240476,145,85,140,10
280,35240477,160,115,155,0
282,35240478,115,45,105,10
284,35240479,80,120,75,0
286,35240480,195,165,190,10
288,35240481,100,110,100,0
290,35240482,210,135,205,10
292,35240483,160,90,155,0
294,35240484,355,110,330,25
296,35240485,95,80,80,10
298,35240486,170,85,150,20
300,35240487,55,40,55,0
302,35240488,445,85,430,15
304,35240489,135,85,120,15
306,35240490,65,50,55,10
308,35240491,160,75,140,20
310,35240492,180,95,175,10
312,35240493,115,265,115,0
314,35240494,145,65,130,10
316,35240495,145,135,130,15
318,35240496,100,95,95,10
320,35240497,150,75,145,10
322,35240498,85,100,85,0
324,35240499,105,35,95,10
326,35240501,80,35,80,0
328,35240503,130,80,120,10
330,35240504,140,65,135,0
332,35240505,160,90,150,10
334,35240506,115,65,105,10
336,35240507,140,80,135,0
338,35240508,175,95,160,20
340,35240509,180,80,170,15
342,35240512,90,75,90,0
344,35240513,135,80,130,0
346,35240516,165,110,155,10
348,35240517,125,80,115,0
350,35240518,195,95,200,0
352,35240519,100,55,100,0
354,35240520,220,125,210,10
356,35240521,155,105,145,10
358,35240522,95,70,90,0
360,35240523,105,115,105,0
362,35240524,135,120,135,0
364,35240525,185,80,170,15
366,35240526,65,55,70,0
368,35240528,120,30,115,0
370,35240529,140,40,140,10
372,35240530,155,60,140,10
374,35240531,155,40,150,10
376,35240532,410,115,385,25
378,35240533,125,20,110,20
380,35240534,135,35,115,15
382,35240535,115,45,115,0
384,35240536,205,140,200,10
386,35240537,225,45,225,0
388,35240538,370,120,340,30
390,35240539,275,120,250,25
392,35240540,140,70,130,10
394,35240541,120,50,105,15
396,35240542,145,125,140,0
398,35240543,150,90,150,0
400,35240544,145,90,135,10
402,35240545,275,100,260,15
404,35240546,205,80,180,20
406,35240590,310,235,295,15
408,35240591,340,145,300,40
410,35240592,500,365,440,60
412,35240593,325,165,315,15
414,35240594,235,95,215,20
416,35240595,265,255,255,10
418,35240596,220,520,210,15
420,35240598,570,590,525,40
422,35240641,135,75,120,10
424,35240642,130,80,130,0
426,35240643,160,95,160,0
428,35240644,155,105,150,10
430,35240645,90,65,85,0
432,35240647,165,100,160,10
434,35240648,280,65,265,15
436,35240649,235,70,220,10
438,35240650,230,110,225,10
440,35240651,150,65,150,0
442,35240654,160,90,155,0
444,35240655,260,325,250,15
446,35240656,100,50,90,10
448,35240659,270,130,255,20
450,35240660,190,70,180,15
452,35240661,135,55,130,10
454,35240662,515,360,495,15
456,35240663,170,65,160,10
458,35240664,135,160,125,10
460,35240665,135,95,120,10
462,35240666,300,155,275,20
464,35240667,215,70,215,0
466,35240668,165,30,155,0
468,35240669,295,75,290,10
470,35240670,180,65,180,0
472,35240671,170,55,165,10
474,35240672,265,85,260,10
476,35240673,110,60,110,10
478,35240674,200,65,190,10
480,35240675,340,125,320,20
482,35240676,300,95,290,15
484,35240677,115,45,110,10
486,35240678,425,300,390,30
488,35240679,180,75,180,0
490,35240680,395,100,370,25
492,35240681,160,100,150,10
494,35240682,215,100,210,0
496,35240683,245,45,230,15
498,35240684,235,105,215,20
500,35240685,345,130,325,25
502,35240686,375,75,345,30
504,35240756,215,60,190,25
506,35240757,160,50,155,10
508,35240758,280,180,255,25
510,35240759,140,120,130,10
512,35240780,285,145,275,10
514,35240782,200,100,195,10
516,35240783,105,55,100,10
518,35240785,250,105,230,20
520,35240807,260,180,245,10
522,35240808,165,315,150,10
524,35240809,10,20,0,0
526,35240898,845,245,775,70
528,35240903,0,0,0,0
530,35240904,425,200,385,40
532,35250030,105,70,95,10
534,35250031,110,65,110,10
536,35250032,150,95,145,0
538,35250033,140,85,130,10
540,35250034,220,80,205,20
542,35250035,125,70,120,0
544,35250036,140,90,140,0
546,35250037,120,100,120,10
548,35250038,165,195,155,0
550,35250039,125,140,125,0
552,35250040,90,150,90,10
554,35250041,120,115,110,10
556,35250042,70,20,60,10
558,35250043,155,130,140,15
560,35250044,80,80,85,0
562,35250045,120,65,105,15
564,35250046,135,90,120,20
566,35250047,135,140,130,0
568,35250048,65,50,60,0
570,35250049,110,55,110,0
572,35250050,145,65,135,15
574,35250051,340,280,330,10
576,35250052,70,65,65,0
578,35250053,160,110,165,0
580,35250054,90,90,85,0
582,35250055,205,110,205,0
584,35250056,55,40,50,10
586,35250059,345,155,315,35
588,35250060,170,130,165,0
590,35250061,90,100,85,10
592,35250062,160,85,140,15
594,35250064,195,145,190,15
596,35250065,155,60,150,0
598,35250066,110,70,105,0
600,35250067,165,105,145,20
602,35250070,100,95,95,0
604,35250073,145,60,140,10
606,35250074,70,60,60,10
608,35250075,105,60,100,10
610,35250077,160,135,150,0
612,35250078,110,60,110,0
614,35250079,50,55,45,0
616,35250080,145,140,140,0
618,35250081,305,165,280,25
620,35250082,45,65,50,0
622,35250083,140,175,120,20
624,35250084,75,60,60,10
626,35250085,80,55,75,10
628,35250086,115,65,110,10
630,35250087,100,110,90,10
632,35250088,100,90,95,0
634,35250089,145,140,145,0
636,35250093,135,105,125,10
638,35250094,90,85,85,15
640,35250095,115,90,95,25
642,35250096,170,75,160,15
644,35250097,70,80,75,0
646,35250098,45,55,40,10
648,35250099,195,165,190,10
650,35250100,135,90,130,10
652,35250101,105,95,105,0
654,35250102,55,55,60,0
656,35250105,120,130,120,0
658,35250106,100,110,100,0
660,35250107,145,90,140,10
662,35250108,85,110,75,10
664,35250109,165,125,155,10
666,35250110,130,105,120,0
668,35250111,100,250,95,0
670,35250112,80,105,70,10
672,35250113,75,50,65,10
674,35250114,90,65,75,15
676,35250115,405,235,365,35
678,35250116,230,95,215,15
680,35250117,55,40,55,0
682,35250118,115,65,110,0
684,35250119,120,80,120,0
686,35250120,140,40,125,15
688,35250121,165,90,160,0
690,35250122,85,55,80,0
692,35250123,85,65,75,10
694,35250124,125,75,110,20
696,35250125,95,60,90,10
698,35250126,160,105,125,35
700,35250127,445,220,410,35
702,35250128,150,60,130,25
704,35250129,95,60,95,10
706,35250130,105,60,100,0
708,35250133,0,210,0,0
710,35250134,185,145,170,10
712,35250135,510,240,455,50
714,35250136,105,40,105,10
716,35250137,100,60,100,0
718,35250144,420,200,405,15
720,35250145,135,50,125,10
722,35250146,180,145,175,10
724,35250147,105,70,95,15
726,35250148,140,75,135,10
728,35250149,140,85,135,10
730,35250150,125,105,120,0
732,35250151,110,65,105,0
734,35250152,325,310,310,10
736,35250153,130,120,130,0
738,35250156,90,65,90,10
740,35250158,115,75,115,0
742,35250159,100,80,95,0
744,35250160,95,80,95,10
746,35250161,170,95,160,10
748,35250162,130,55,125,0
750,35250163,110,135,110,0
752,35250164,100,155,100,0
754,35250172,100,105,100,0
756,35250173,360,125,350,10
758,35250175,405,180,400,0
760,35250176,170,110,160,15
762,35250177,205,130,170,35
764,35250178,140,135,130,10
766,35250179,195,70,185,10
768,35250180,420,200,390,30
770,35250181,140,60,135,10
772,35250183,60,30,60,0
774,35250184,125,30,125,0
776,35250185,105,50,105,0
778,35250186,75,65,75,0
780,35250188,220,105,210,15
782,35250189,175,80,180,0
784,35250190,80,85,80,0
786,35250191,215,115,205,15
788,35250192,430,155,385,45
790,35250193,90,65,80,10
792,35250194,110,55,105,10
794,35250196,130,65,120,15
796,35250197,105,95,100,0
798,35250199,760,475,665,100
800,35250200,180,100,150,30
802,35250201,50,70,40,10
804,35250202,210,215,200,15
806,35250203,260,210,230,25
808,35250204,195,210,165,35
810,35250205,65,30,65,0
812,35250206,145,120,130,15
814,35250207,85,45,80,0
816,35250208,115,75,105,10
818,35250209,85,95,80,0
820,35250210,130,110,120,10
822,35250211,50,130,40,10
824,35250212,95,100,85,10
826,35250213,65,100,60,10
828,35250216,85,105,75,10
830,35250217,155,115,130,20
832,35250218,135,85,125,10
834,35250221,105,120,90,10
836,35250222,110,110,95,10
838,35250223,100,100,90,10
840,35250224,60,90,55,10
842,35250225,80,80,80,0
844,35250226,125,175,120,0
846,35250227,150,95,135,10
848,35250230,105,105,80,25
850,35250231,130,195,110,15
852,35250232,125,210,110,15
854,35250233,115,165,115,0
856,35250234,110,55,105,10
858,35250238,130,160,115,20
860,35250239,60,105,45,20
862,35250240,100,160,95,10
864,35250241,85,55,80,10
866,35250242,0,0,0,0
868,35250243,200,305,185,20
870,35250248,235,175,215,15
872,35250249,60,180,55,0
874,35250250,95,105,90,10
876,35250251,95,55,85,10
878,35250254,175,140,165,10
880,35250255,105,95,90,15
882,35250256,145,175,145,0
884,35250257,120,185,115,10
886,35250258,150,245,130,15
888,35250259,115,105,105,10
890,35250260,115,215,105,10
892,35250261,100,165,95,0
894,35250262,145,190,135,10
896,35250263,240,165,225,20
898,35250264,95,80,80,20
900,35250265,95,105,95,0
902,35250266,75,95,65,10
904,35250267,160,65,160,0
906,35250269,40,45,35,0
908,35250270,100,55,95,10
910,35250271,90,50,85,10
912,35250272,45,165,45,0
914,35250273,85,90,70,10
916,35250274,270,135,265,10
918,35250275,100,100,100,0
920,35250276,155,120,145,15
922,35250277,85,120,75,15
924,35250278,110,70,110,0
926,35250279,155,150,130,30
928,35250280,125,65,115,10
930,35250281,115,90,100,10
932,35250282,135,115,125,0
934,35250283,160,125,145,10
936,35250284,80,95,70,10
938,35250285,195,145,185,10
940,35250286,75,95,65,10
942,35250287,185,120,185,0
944,35250288,105,80,100,10
946,35250289,140,95,135,10
948,35250290,165,95,160,0
950,35250291,285,140,275,10
952,35250293,195,220,185,10
954,35250294,145,40,140,10
956,35250295,100,80,100,0
958,35250296,150,90,140,10
960,35250297,130,140,125,10
962,35250298,135,65,140,0
964,35250299,120,135,105,10
966,35250300,210,135,205,10
968,35250302,85,95,85,0
970,35250303,95,125,90,10
972,35250304,130,145,130,0
974,35250305,130,115,115,15
976,35250306,100,65,90,20
978,35250307,115,85,110,0
980,35250308,300,120,280,20
982,35250309,110,55,95,15
984,35250310,110,65,100,10
986,35250311,185,75,175,10
988,35250312,125,50,115,10
990,35250313,185,115,170,15
992,35250315,170,245,155,15
994,35250316,215,80,200,0
996,35250317,145,70,140,0
998,35250318,15,20,15,0
1000,35250319,150,60,135,15
1002,35250320,115,95,110,0
1004,35250321,70,65,60,0
1006,35250322,105,50,105,10
1008,35250323,115,110,105,10
1010,35250324,120,240,110,10
1012,35250326,100,65,85,15
1014,35250327,165,175,130,35
1016,35250328,125,80,110,15
1018,35250329,110,80,110,0
1020,35250330,95,95,90,0
1022,35250331,80,100,80,0
1024,35250332,140,90,130,0
1026,35250333,170,95,165,10
1028,35250334,165,75,170,0
1030,35250335,85,115,75,15
1032,35250336,100,100,100,0
1034,35250337,225,175,205,20
1036,35250338,175,165,155,20
1038,35250339,135,85,130,10
1040,35250340,90,30,85,0
1042,35250341,165,125,130,30
1044,35250342,140,75,125,20
1046,35250343,120,95,120,0
1048,35250344,120,105,105,15
1050,35250345,135,40,130,10
1052,35250346,140,70,130,10
1054,35250347,110,70,115,0
1056,35250348,160,100,160,0
1058,35250349,150,50,140,10
1060,35250350,180,115,165,15
1062,35250351,80,120,75,10
1064,35250352,160,105,155,10
1066,35250353,140,135,115,20
1068,35250354,150,80,150,0
1070,35250355,115,120,105,10
1072,35250356,165,95,155,10
1074,35250357,170,60,170,0
1076,35250358,120,125,115,10
1078,35250359,130,90,125,10
1080,35250360,145,75,140,0
1082,35250361,105,95,95,10
1084,35250362,145,75,140,0
1086,35250363,95,85,90,0
1088,35250364,80,45,80,0
1090,35250365,275,220,265,15
1092,35250366,140,175,125,15
1094,35250367,130,85,115,10
1096,35250368,170,85,150,20
1098,35250369,135,85,135,0
1100,35250370,145,25,135,15
1102,35250371,140,95,135,0
1104,35250372,135,85,135,0
1106,35250373,90,55,95,0
1108,35250374,135,75,125,10
1110,35250375,140,85,120,20
1112,35250376,130,70,130,10
1114,35250377,135,115,140,0
1116,35250378,160,70,155,10
1118,35250379,85,100,85,0
1120,35250380,135,70,125,10
1122,35250381,120,95,115,10
1124,35250382,140,60,135,0
1126,35250383,90,160,75,15
1128,35250384,80,80,75,0
1130,35250385,135,55,125,10
1132,35250387,140,40,135,0
1134,35250388,140,80,135,0
1136,35250389,130,35,130,0
1138,35250390,185,55,185,0
1140,35250391,170,50,165,10
1142,35250392,210,45,205,10
1144,35250393,150,70,140,10
1146,35250394,195,125,175,25
1148,35250395,135,170,120,15
1150,35250396,170,110,165,0
1152,35250397,215,55,190,25
1154,35250398,20,45,15,0
1156,35250399,30,300,20,10
1158,35250400,220,100,190,30
1160,35250401,210,65,205,0
1162,35250402,125,65,110,10
1164,35250403,180,140,170,15
1166,35250404,140,35,125,10
1168,35250405,130,60,120,10
1170,35250406,210,105,200,10
1172,35250407,140,95,140,0
1174,35250408,115,70,105,10
1176,35250409,95,70,95,0
1178,35250410,110,85,105,0
1180,35250411,155,75,145,10
1182,35250412,85,245,75,10
1184,35250413,175,85,155,20
1186,35250416,145,50,140,10
1188,35250417,130,65,105,25
1190,35250418,165,85,150,15
1192,35250419,125,95,105,15
1194,35250420,230,155,215,15
1196,35250421,185,115,180,0
1198,35250422,80,220,70,15
1200,35250423,190,145,180,10
1202,35250424,160,120,145,20
1204,35250425,235,185,215,20
1206,35250426,150,70,140,10
1208,35250427,150,25,145,10
1210,35250428,145,75,115,30
1212,35250429,75,45,70,10
1214,35250430,140,50,125,10
1216,35250431,155,65,145,15
1218,35250434,340,275,310,35
1220,35250435,75,80,80,0
1222,35250436,105,110,90,20
1224,35250437,115,80,115,0
1226,35250438,95,45,60,35
1228,35250439,180,85,175,10
1230,35250440,140,105,145,0
1232,35250441,220,30,210,10
1234,35250442,175,85,155,20
1236,35250443,125,70,120,10
1238,35250444,130,135,115,15
1240,35250445,90,95,85,10
1242,35250446,130,80,125,0
1244,35250447,75,35,80,0
1246,35250448,225,80,195,30
1248,35250449,110,55,90,15
1250,35250450,130,75,105,25
1252,35250451,35,70,35,0
1254,35250452,95,55,85,0
1256,35250453,100,65,100,0
1258,35250454,175,130,150,25
1260,35250455,105,105,90,15
1262,35250456,85,170,90,0
1264,35250457,0,0,0,0
1266,35250458,70,135,60,10
1268,35250459,140,135,135,10
1270,35250460,65,65,60,10
1272,35250461,130,70,105,25
1274,35250462,95,70,80,20
1276,35250463,90,70,85,10
1278,35250464,85,50,75,10
1280,35250465,100,105,90,15
1282,35250466,105,65,90,10
1284,35250467,95,265,75,25
1286,35250468,80,30,75,10
1288,35250471,65,50,50,10
1290,35250472,120,85,115,10
1292,35250473,110,55,100,10
1294,35250474,95,155,75,20
1296,35250475,85,70,90,0
1298,35250476,80,80,60,15
1300,35250477,100,100,95,10
1302,35250478,90,75,85,10
1304,35250479,120,135,105,10
1306,35250480,140,75,125,15
1308,35250481,55,80,55,0
1310,35250482,85,70,75,10
1312,35250483,85,55,70,10
1314,35250484,50,95,45,0
1316,35250485,95,90,90,10
1318,35250486,125,155,120,0
1320,35250487,80,95,75,10
1322,35250488,110,75,95,10
1324,35250489,80,60,80,0
1326,35250490,110,75,105,10
1328,35250491,50,95,45,0
1330,35250492,95,75,95,0
1332,35250493,105,65,105,0
1334,35250494,85,50,75,10
1336,35250495,125,90,105,15
1338,35250496,40,60,45,0
1340,35250497,170,90,165,10
1342,35250498,155,100,130,20
1344,35250499,120,90,115,10
1346,35250501,140,85,135,0
1348,35250502,145,55,140,10
1350,35250503,130,65,120,10
1352,35250504,135,155,125,10
1354,35250506,165,60,160,10
1356,35250507,150,70,140,0
1358,35250508,150,70,140,15
1360,35250509,205,55,205,0
1362,35250510,165,65,160,10
1364,35250511,170,120,170,0
1366,35250512,160,50,150,10
1368,35250513,170,50,160,10
1370,35250514,265,120,255,10
1372,35250515,90,85,85,0
1374,35250516,220,155,210,15
1376,35250517,105,65,105,0
1378,35250518,65,60,55,10
1380,35250519,145,105,145,0
1382,35250520,170,115,165,0
1384,35250521,120,90,120,0
1386,35250522,65,40,60,0
1388,35250523,95,105,95,0
1390,35250524,80,80,85,0
1392,35250525,115,80,105,10
1394,35250526,255,355,210,50
1396,35250527,110,110,85,25
1398,35250528,65,115,65,0
1400,35250529,95,110,95,10
1402,35250530,95,100,75,15
1404,35250531,125,105,110,15
1406,35250532,120,85,115,10
1408,35250533,190,190,185,10
1410,35250534,115,110,110,0
1412,35250535,120,100,110,15
1414,35250536,115,70,100,15
1416,35250537,165,90,165,0
1418,35250538,130,105,130,0
1420,35250539,210,115,190,15
1422,35250540,135,135,130,0
1424,35250541,115,100,105,10
1426,35250542,100,85,100,10
1428,35250545,100,75,100,10
1430,35250546,105,75,80,25
1432,35250547,105,100,90,10
1434,35250548,160,155,145,15
1436,35250549,105,115,105,0
1438,35250550,120,70,115,0
1440,35250551,115,110,115,0
1442,35250552,110,85,105,0
1444,35250553,175,105,150,20
1446,35250554,140,95,125,15
1448,35250555,155,65,150,0
1450,35250556,130,90,120,10
1452,35250557,185,120,175,15
1454,35250558,110,60,105,0
1456,35250559,130,75,130,0
1458,35250560,110,175,115,0
1460,35250561,85,80,90,0
1462,35250562,135,90,140,0
1464,35250563,175,130,150,20
1466,35250564,100,115,100,0
1468,35250565,205,120,180,25
1470,35250566,115,50,105,10
1472,35250567,115,130,115,0
1474,35250568,210,105,195,15
1476,35250569,85,115,75,0
1478,35250570,115,110,105,10
1480,35250571,85,160,85,10
1482,35250572,135,70,125,10
1484,35250573,315,190,295,20
1486,35250574,125,55,120,0
1488,35250578,210,125,185,25
1490,35250579,120,60,110,10
1492,35250580,75,35,75,10
1494,35250581,215,85,210,10
1496,35250582,170,80,165,10
1498,35250583,205,70,195,10
1500,35250585,160,95,155,0
1502,35250586,355,190,330,25
1504,35250587,125,35,125,0
1506,35250588,120,75,105,15
1508,35250589,175,115,170,10
1510,35250590,115,60,100,10
1512,35250591,220,85,210,10
1514,35250592,170,80,165,10
1516,35250593,95,85,95,0
1518,35250594,125,110,130,0
1520,35250595,155,75,150,0
1522,35250596,190,95,185,10
1524,35250597,70,95,60,10
1526,35250598,135,90,125,0
1528,35250599,85,165,90,0
1530,35250600,80,60,80,0
1532,35250601,90,280,75,15
1534,35250602,65,170,65,0
1536,35250603,210,105,210,10
1538,35250604,85,85,90,0
1540,35250605,90,95,85,10
1542,35250606,130,115,125,10
1544,35250607,150,75,140,10
1546,35250608,85,80,75,0
1548,35250609,175,50,155,15
1550,35250610,135,90,120,10
1552,35250611,90,110,85,15
1554,35250612,180,85,165,10
1556,35250613,330,165,320,10
1558,35250614,55,60,55,0
1560,35250615,85,100,85,0
1562,35250616,40,50,35,10
1564,35250617,115,100,110,10
1566,35250618,50,50,50,0
1568,35250619,135,100,105,30
1570,35250620,110,50,95,0
1572,35250621,260,140,250,15
1574,35250622,95,70,85,10
1576,35250623,105,85,100,0
1578,35250624,90,140,85,0
1580,35250625,75,105,70,10
1582,35250626,125,120,115,0
1584,35250627,145,90,130,15
1586,35250628,55,190,55,0
1588,35250629,175,280,155,15
1590,35250630,145,80,135,10
1592,35250631,105,105,105,0
1594,35250632,155,110,140,15
1596,35250633,55,55,55,0
1598,35250634,155,120,125,35
1600,35250635,95,75,100,0
1602,35250636,225,175,220,0
1604,35250637,290,300,275,15
1606,35250638,95,40,80,15
1608,35250639,210,105,200,15
1610,35250640,160,140,140,15
1612,35250641,125,60,120,10
1614,35250642,175,75,150,30
1616,35250643,120,70,120,0
1618,35250644,95,55,95,0
1620,35250645,140,105,135,0
1622,35250646,255,100,245,15
1624,35250647,260,110,265,0
1626,35250648,295,130,270,30
1628,35250649,170,125,160,10
1630,35250650,110,125,105,10
1632,35250651,95,35,95,0
1634,35250652,185,85,185,0
1636,35250655,460,205,450,10
1638,35250656,135,125,125,10
1640,35250657,195,110,185,10
1642,35250658,85,40,75,0
1644,35250659,190,100,175,15
1646,35250661,345,190,315,30
1648,35250662,490,215,470,25
1650,35250663,200,90,205,0
1652,35250664,125,70,115,0
1654,35250665,140,95,120,20
1656,35250666,110,100,100,10
1658,35250667,50,40,45,10
1660,35250668,75,80,55,20
1662,35250669,65,65,65,10
1664,35250670,55,35,40,15
1666,35250671,70,60,65,0
1668,35250672,75,55,55,20
1670,35250675,105,105,90,20
1672,35250676,70,80,65,10
1674,35250677,140,65,140,0
1676,35250678,165,80,160,0
1678,35250679,125,115,110,15
1680,35250680,140,105,120,15
1682,35250681,160,210,155,10
1684,35250692,90,90,85,0
1686,35250693,105,55,90,20
1688,35250694,100,50,75,20
1690,35250695,50,70,50,0
1692,35250696,30,105,30,0
1694,35250700,105,75,85,20
1696,35250701,140,95,125,10
1698,35250702,185,80,165,25
1700,35250703,100,65,85,15
1702,35250704,100,110,100,0
1704,35250705,140,105,115,20
1706,35250706,115,70,110,10
1708,35250707,120,55,110,10
1710,35250708,140,145,120,25
1712,35250709,145,80,140,0
1714,35250710,105,85,100,0
1716,35250711,90,60,85,0
1718,35250712,95,45,95,0
1720,35250713,75,60,65,10
1722,35250714,140,55,130,10
1724,35250715,135,50,110,20
1726,35250716,115,60,105,0
1728,35250717,140,80,115,30
1730,35250718,115,80,110,10
1732,35250719,100,60,85,10
1734,35250720,145,120,140,10
1736,35250721,120,85,95,20
1738,35250724,95,75,95,0
1740,35250725,110,65,105,0
1742,35250726,165,65,145,20
1744,35250727,50,55,45,0
1746,35250728,140,70,110,25
1748,35250729,130,70,125,0
1750,35250730,125,165,100,20
1752,35250731,135,155,125,10
1754,35250732,120,50,115,0
1756,35250733,215,75,185,25
1758,35250734,185,85,175,15
1760,35250735,135,45,120,15
1762,35250736,140,105,115,25
1764,35250737,155,70,145,0
1766,35250738,155,50,140,15
1768,35250739,165,55,150,10
1770,35250740,135,110,125,10
1772,35250741,145,95,135,10
1774,35250742,155,70,130,20
1776,35250743,115,75,115,0
1778,35250744,210,130,210,10
1780,35250745,100,80,90,10
1782,35250746,105,65,105,0
1784,35250747,100,55,100,0
1786,35250748,115,65,110,0
1788,35250749,115,75,110,10
1790,35250750,130,80,120,10
1792,35250753,130,80,110,15
1794,35250754,75,85,70,0
1796,35250755,120,60,100,20
1798,35250756,155,95,150,0
1800,35250757,140,95,120,20
1802,35250758,120,70,100,20
1804,35250759,120,70,115,0
1806,35250760,110,70,95,15
1808,35250761,90,95,85,0
1810,35250762,115,80,95,20
1812,35250763,155,80,150,0
1814,35250764,130,80,120,10
1816,35250765,110,115,105,10
1818,35250766,110,100,95,15
1820,35250767,75,80,55,20
1822,35250768,115,65,105,0
1824,35250769,125,85,115,10
1826,35250770,110,115,95,10
1828,35250771,110,110,105,0
1830,35250772,95,75,90,10
1832,35250773,140,100,130,10
1834,35250774,105,115,95,15
1836,35250775,70,115,55,15
1838,35250776,50,95,45,0
1840,35250777,150,75,140,15
1842,35250778,110,85,105,0
1844,35250779,100,60,85,10
1846,35250780,105,60,90,15
1848,35250781,110,45,100,10
1850,35250782,120,55,115,0
1852,35250783,125,95,115,10
1854,35250784,125,70,115,0
1856,35250785,150,110,140,10
1858,35250786,130,80,125,10
1860,35250787,230,105,210,20
1862,35250788,150,90,140,10
1864,35250789,150,85,140,15
1866,35250790,185,50,185,10
1868,35250791,155,55,155,0
1870,35250792,135,65,125,10
1872,35250793,115,90,110,10
1874,35250798,45,45,45,0
1876,35250799,100,95,85,10
1878,35250800,110,90,105,0
1880,35250801,205,225,200,0
1882,35250802,125,55,120,10
1884,35250803,105,65,100,10
1886,35250804,680,305,650,30
1888,35250805,270,180,250,20
1890,35250806,120,50,110,10
1892,35250807,265,165,255,10
1894,35250810,220,165,200,20
1896,35250812,85,85,85,0
1898,35250813,155,90,150,10
1900,35250814,135,85,125,15
1902,35250815,390,260,385,10
1904,35250826,260,100,225,35
1906,35250827,95,55,95,0
1908,35250828,100,20,90,10
1910,35250829,145,60,140,0
1912,35250830,165,85,145,15
1914,35250831,180,415,180,10
1916,35250832,90,90,75,15
1918,35250833,105,55,105,0
1920,35250834,145,55,135,10
1922,35250835,90,90,90,0
1924,35250836,110,60,110,0
1926,35250843,300,200,265,35
1928,35250845,245,450,210,40
1930,35250846,155,405,125,25
1932,35250847,100,150,105,0
1934,35250848,245,150,225,25
1936,35250849,320,150,305,15
1938,35250850,280,210,240,35
1940,35250851,435,560,400,35
1942,35250852,505,400,440,65
1944,35250853,225,280,190,35
1946,35250854,250,225,225,25
1948,35250855,270,195,250,20
1950,35250857,160,75,145,20
1952,35250859,175,165,155,15
1954,35250860,495,280,440,55
1956,35250861,155,70,150,10
1958,35250862,140,95,130,15
1960,35250863,105,45,90,10
1962,35250864,150,70,145,10
1964,35250865,145,75,135,10
1966,35250866,150,85,140,0
1968,35250867,165,55,155,15
1970,35250868,90,65,80,10
1972,35250869,155,60,145,10
1974,35250870,190,120,195,0
1976,35250871,150,80,145,10
1978,35250872,190,110,180,0
1980,35250873,200,75,190,10
1982,35250874,195,75,195,0
1984,35250875,185,90,185,0
1986,35250876,130,35,125,0
1988,35250877,95,105,90,10
1990,35250878,120,85,120,0
1992,35250879,195,95,190,10
1994,35250880,155,80,150,0
1996,35250881,180,95,160,20
1998,35250882,240,120,240,0
2000,35250883,215,30,195,20
2002,35250884,215,40,200,10
2004,35250885,155,40,150,0
2006,35250886,160,60,155,10
2008,35250887,215,85,215,0
2010,35250888,170,65,150,20
2012,35250889,175,45,175,0
2014,35250890,160,30,155,10
2016,35250891,140,40,140,0
2018,35250892,815,235,795,20
2020,35250893,175,60,175,0
2022,35250894,140,55,135,10
2024,35250895,190,70,180,10
2026,35250896,145,55,135,10
2028,35250897,170,70,155,20
2030,35250898,120,70,120,0
2032,35250899,110,45,100,10
2034,35250900,105,25,100,0
2036,35250901,145,65,130,10
2038,35250902,165,60,160,0
2040,35250903,125,135,125,0
2042,35250904,190,85,185,10
2044,35250905,155,75,155,10
2046,35250906,150,45,150,0
2048,35250907,100,80,95,0
2050,35250908,150,70,145,10
2052,35250909,465,235,430,30
2054,35250910,425,205,385,35
2056,35250911,195,90,180,10
2058,35250912,165,105,145,15
2060,35250913,155,170,155,0
2062,35250914,95,115,90,10
2064,35250918,190,885,190,10
2066,35250919,200,75,195,10
2068,35250920,355,195,340,10
2070,35250921,200,120,185,15
2072,35250922,180,110,175,0
2074,35250923,175,65,175,0
2076,35250924,130,50,130,0
2078,35250925,145,115,140,0
2080,35250928,110,75,110,0
2082,35250929,155,100,140,15
2084,35250930,185,80,180,0
2086,35250931,205,100,175,30
2088,35250932,80,160,75,0
2090,35250933,130,55,120,10
2092,35250934,115,60,110,0
2094,35250935,155,325,155,0
2096,35250936,155,50,145,10
2098,35250937,240,185,230,15
2100,35250938,230,100,205,20
2102,35250939,140,120,140,0
2104,35250940,130,75,135,0
2106,35250941,160,145,160,10
2108,35250942,100,90,100,10
2110,35250943,265,120,260,10
2112,35250944,155,65,155,0
2114,35250945,205,55,205,0
2116,35250946,105,120,100,10
2118,35250947,200,95,195,0
2120,35250948,395,185,360,30
2122,35250949,110,60,105,0
2124,35250950,170,10,170,0
2126,35250951,190,50,180,10
2128,35250952,645,160,620,25
2130,35250953,95,75,80,15
2132,35250954,100,70,95,10
2134,35250955,50,105,50,10
2136,35250956,55,260,50,10
2138,35250957,140,90,125,15
2140,35250958,115,60,105,10
2142,35250959,135,70,125,15
2144,35250960,80,50,70,10
2146,35250961,115,100,105,15
2148,35250962,165,85,140,25
2150,35250963,730,590,670,60
2152,35250964,170,130,170,0
2154,35250965,85,75,80,10
2156,35250966,0,0,0,0
2158,35250967,135,70,125,10
2160,35250968,150,70,125,25
2162,35250969,155,70,125,25
2164,35250970,125,100,115,15
2166,35250971,130,65,130,0
2168,35250972,115,55,115,0
2170,35250973,100,85,100,10
2172,35250974,120,55,105,10
2174,35250975,85,100,80,0
2176,35250976,65,50,60,0
2178,35250978,675,230,635,40
2180,35250980,85,50,80,10
2182,35250981,630,300,610,20
2184,35250982,0,200,0,0
2186,35250983,140,55,135,10
2188,35250985,335,140,320,10
2190,35250986,390,220,370,20
2192,35250987,190,105,185,10
2194,35250988,270,205,260,10
2196,35250989,340,160,320,20
2198,35250990,160,105,150,10
2200,35250991,120,145,120,0
2202,35250992,110,60,110,0
2204,35250993,30,55,30,0
2206,35250994,300,145,265,35
2208,35250995,395,510,365,30
2210,35250996,335,140,320,15
2212,35250997,130,420,130,0
2214,35250998,135,90,135,0
2216,35250999,235,230,210,25
2218,35251000,85,60,85,0
2220,35251001,125,85,115,0
2222,35251002,200,70,195,0
2224,35251003,120,55,110,10
2226,35251004,205,65,200,10
2228,35251005,230,130,225,0
2230,35251006,190,150,180,15
2232,35251007,255,95,250,0
2234,35251008,145,70,130,20
2236,35251009,260,90,245,15
2238,35251010,180,45,170,0
2240,35251011,205,70,195,10
2242,35251012,200,65,190,10
2244,35251013,290,80,275,10
2246,35251014,105,55,95,10
2248,35251015,220,90,205,15
2250,35251016,160,70,155,0
2252,35251017,150,55,145,0
2254,35251018,220,125,200,20
2256,35251019,135,35,130,0
2258,35251020,260,110,250,10
2260,35251021,235,65,230,0
2262,35251022,525,235,485,40
2264,35251023,250,90,235,15
2266,35251024,295,105,295,0
2268,35251025,155,180,135,20
2270,35251026,180,100,170,0
2272,35260307,255,85,245,0
2274,35260309,400,185,395,0
2276,35260310,130,50,125,10
2278,35260311,235,205,220,10
2280,35260313,150,90,150,0
2282,35260314,110,135,105,0
2284,35260315,100,60,100,0
2286,35260316,120,95,105,10
2288,35260317,125,85,115,10
2290,35260318,140,75,135,10
2292,35260319,105,70,105,0
2294,35260320,130,75,120,10
2296,35260321,145,115,140,0
2298,35260322,130,80,125,0
2300,35260323,120,100,100,20
2302,35260324,175,125,175,0
2304,35260325,85,130,80,0
2306,35260326,115,120,110,10
2308,35260327,80,70,75,10
2310,35260328,80,55,80,10
2312,35260330,135,100,130,0
2314,35260332,150,70,155,0
2316,35260333,175,80,170,0
2318,35260334,130,50,125,0
2320,35260335,485,205,450,35
2322,35260336,420,190,415,10
2324,35260337,110,65,100,0
2326,35260338,525,190,500,25
2328,35260339,185,50,185,0
2330,35260340,300,135,285,20
2332,35260341,120,120,120,0
2334,35260342,125,80,120,10
2336,35260734,365,265,350,15
2338,35260828,100,120,100,0
2340,35260829,150,70,145,10
2342,35260830,235,155,220,10
2344,35260831,145,45,135,10
2346,35260832,210,115,205,10
2348,35260833,175,115,145,30
