,geo_code,Secondary (high) school diploma or equivalency certificate,"College, CEGEP or other non-university certificate or diploma",University certificate or diploma below bachelor level,Bachelor's degree,"Degree in medicine, dentistry, veterinary medicine or optometry",Master's degree,Earned doctorate
0,35240317,135,120,10,10,0,20,0
2,35240318,90,80,0,0,0,10,10
4,35240319,40,50,0,0,0,10,0
6,35240320,80,110,0,0,0,20,0
8,35240321,75,80,0,0,0,20,0
10,35240322,75,40,0,0,0,10,0
12,35240323,65,70,10,10,0,10,10
14,35240324,80,115,0,0,0,10,0
16,35240325,75,60,10,10,10,0,0
18,35240326,70,70,15,15,0,0,0
20,35240327,45,65,10,10,0,0,0
22,35240328,95,40,0,0,0,10,0
24,35240329,90,90,10,10,0,10,0
26,35240330,90,70,0,0,0,10,0
28,35240331,100,135,10,10,0,15,0
30,35240332,65,50,0,0,0,0,0
32,35240333,35,70,0,0,0,10,0
34,35240334,65,60,0,0,0,0,0
36,35240335,55,40,10,10,0,0,0
38,35240336,70,50,10,10,0,0,0
40,35240337,60,70,10,10,0,0,0
42,35240338,110,70,0,0,0,20,0
44,35240339,215,170,15,15,0,20,0
46,35240340,50,55,0,0,0,0,0
48,35240341,130,115,10,10,0,15,0
50,35240342,115,70,10,10,0,10,0
52,35240343,25,50,0,0,0,10,0
54,35240344,50,40,10,10,0,20,0
56,35240345,50,70,10,10,0,0,0
58,35240346,65,90,10,10,0,0,0
60,35240347,50,55,0,0,0,0,0
62,35240348,35,55,10,10,0,10,0
64,35240349,60,85,10,10,0,20,0
66,35240350,75,105,0,0,0,10,0
68,35240351,65,40,10,10,0,30,0
70,35240352,35,45,0,0,0,10,0
72,35240353,90,90,0,0,0,10,0
74,35240354,35,40,10,10,0,10,0
76,35240355,55,30,10,10,0,0,0
78,35240356,55,50,10,10,0,20,0
80,35240357,35,25,0,0,0,15,0
82,35240358,50,45,15,15,0,30,0
84,35240359,45,70,0,0,0,10,0
86,35240363,65,55,0,0,0,15,0
88,35240364,50,60,0,0,0,10,0
90,35240365,20,25,0,0,0,10,0
92,35240366,70,40,10,10,0,15,0
94,35240367,55,60,0,0,0,20,0
96,35240368,70,75,0,0,0,10,10
98,35240369,65,65,15,15,0,10,0
100,35240370,80,80,10,10,0,0,0
102,35240371,45,45,0,0,0,0,0
104,35240372,50,65,10,10,0,0,0
106,35240373,45,40,0,0,0,10,0
108,35240374,40,40,20,20,10,0,0
110,35240375,75,115,0,0,0,0,0
112,35240376,65,85,0,0,0,15,0
114,35240377,30,45,0,0,10,0,0
116,35240378,80,40,10,10,0,15,0
118,35240379,25,60,0,0,0,0,0
120,35240380,60,40,0,0,0,10,0
122,35240381,120,165,10,10,40,70,0
124,35240382,30,65,10,10,15,15,0
126,35240383,50,60,0,0,0,15,0
128,35240384,50,75,10,10,0,10,10
130,35240385,40,60,0,0,10,20,10
132,35240386,15,25,0,0,0,0,0
134,35240387,75,70,10,10,0,15,0
136,35240388,130,60,0,0,10,35,0
138,35240391,70,65,10,10,0,10,0
140,35240392,50,100,0,0,10,0,10
142,35240393,55,90,10,10,10,25,10
144,35240394,25,25,10,10,0,30,0
146,35240395,75,75,0,0,0,25,0
148,35240396,40,30,0,0,0,15,0
150,35240397,410,340,20,20,20,50,0
152,35240398,105,65,20,20,0,10,0
154,35240399,50,65,0,0,0,10,0
156,35240400,175,170,0,0,10,25,15
158,35240401,70,150,10,10,0,30,0
160,35240402,25,65,15,15,0,0,0
162,35240403,45,45,10,10,0,10,0
164,35240404,60,80,0,0,15,15,0
166,35240405,80,115,0,0,0,10,0
168,35240406,50,60,0,0,0,0,0
170,35240409,75,70,10,10,0,10,0
172,35240410,45,40,10,10,0,0,10
174,35240411,65,90,10,10,0,10,0
176,35240412,35,45,0,0,0,0,0
178,35240413,70,25,15,15,0,10,0
180,35240414,60,50,10,10,0,0,0
182,35240417,85,90,10,10,0,20,0
184,35240420,55,55,10,10,0,10,0
186,35240421,65,40,10,10,0,20,0
188,35240422,85,90,10,10,10,15,10
190,35240423,120,75,0,0,0,20,0
192,35240425,55,20,0,0,0,20,0
194,35240427,140,170,0,0,10,35,10
196,35240428,80,45,15,15,0,10,0
198,35240429,75,80,10,10,10,10,10
200,35240431,20,35,0,0,0,10,0
202,35240432,65,65,0,0,0,20,0
204,35240433,80,40,0,0,0,20,0
206,35240436,35,40,0,0,0,10,0
208,35240437,55,70,0,0,0,0,0
210,35240438,45,80,0,0,0,15,0
212,35240439,50,60,0,0,0,10,0
214,35240440,65,40,10,10,0,25,0
216,35240441,85,85,15,15,10,0,0
218,35240442,45,65,0,0,0,25,0
220,35240443,95,60,10,10,0,10,0
222,35240444,30,50,20,20,0,10,0
224,35240445,105,40,10,10,0,20,0
226,35240446,95,60,0,0,0,20,0
228,35240447,85,110,0,0,0,10,0
230,35240448,65,60,10,10,0,10,10
232,35240449,25,40,0,0,0,0,0
234,35240450,60,85,0,0,10,10,0
236,35240451,55,95,0,0,0,15,0
238,35240452,45,35,10,10,0,10,0
240,35240453,75,45,10,10,0,0,0
242,35240455,110,110,10,10,0,0,0
244,35240459,35,25,0,0,0,15,0
246,35240460,50,50,15,15,0,30,0
248,35240461,45,45,0,0,0,25,0
250,35240462,75,40,10,10,0,25,0
252,35240463,75,120,0,0,0,0,0
254,35240464,40,35,10,10,0,15,0
256,35240465,130,135,20,20,0,15,0
258,35240466,95,115,0,0,0,10,10
260,35240467,75,65,0,0,0,25,0
262,35240468,40,25,15,15,10,25,10
264,35240469,60,95,10,10,0,10,0
266,35240470,15,65,10,10,10,20,10
268,35240471,50,15,10,10,0,10,0
270,35240472,105,70,10,10,0,30,0
272,35240473,50,40,0,0,10,10,0
274,35240474,60,50,0,0,0,30,0
276,35240475,40,85,15,15,0,10,0
278,35240476,45,65,10,10,10,10,10
280,35240477,55,65,0,0,10,20,0
282,35240478,35,70,10,10,0,10,0
284,35240479,70,50,0,0,0,10,0
286,35240480,110,90,10,10,0,0,0
288,35240481,80,55,10,10,0,0,0
290,35240482,115,120,10,10,0,10,10
292,35240483,45,60,0,0,0,20,0
294,35240484,115,105,10,10,0,15,0
296,35240485,55,45,15,15,0,0,0
298,35240486,50,75,20,20,10,20,0
300,35240487,30,20,10,10,0,10,0
302,35240488,110,140,25,25,0,35,10
304,35240489,65,65,0,0,0,20,0
306,35240490,35,30,0,0,0,10,0
308,35240491,60,65,0,0,0,10,0
310,35240492,90,85,10,10,0,0,0
312,35240493,165,90,0,0,0,0,0
314,35240494,95,40,10,10,0,10,0
316,35240495,85,80,0,0,0,0,0
318,35240496,70,75,0,0,0,15,0
320,35240497,85,50,10,10,0,10,10
322,35240498,50,40,10,10,0,20,0
324,35240499,50,35,0,0,0,10,0
326,35240501,35,40,0,0,0,10,0
328,35240503,70,45,10,10,0,0,0
330,35240504,55,45,0,0,0,10,0
332,35240505,60,55,15,15,0,15,0
334,35240506,65,50,0,0,0,0,0
336,35240507,60,75,10,10,0,0,0
338,35240508,55,60,10,10,0,15,0
340,35240509,90,90,0,0,0,0,0
342,35240512,45,25,0,0,0,10,0
344,35240513,60,50,25,25,0,10,0
346,35240516,65,50,20,20,10,0,10
348,35240517,65,65,10,10,0,0,0
350,35240518,90,60,10,10,0,25,0
352,35240519,55,30,10,10,0,10,0
354,35240520,85,100,10,10,0,25,0
356,35240521,70,45,0,0,0,0,0
358,35240522,30,15,0,0,10,0,0
360,35240523,50,25,0,0,15,25,0
362,35240524,55,55,0,0,10,25,0
364,35240525,50,65,10,10,10,15,0
366,35240526,20,30,0,0,0,0,0
368,35240528,40,55,0,0,0,0,0
370,35240529,60,55,10,10,0,20,0
372,35240530,75,40,0,0,0,0,0
374,35240531,55,60,15,15,0,15,10
376,35240532,125,195,10,10,0,30,0
378,35240533,55,30,10,10,0,10,0
380,35240534,60,60,10,10,0,0,0
382,35240535,40,60,0,0,0,10,0
384,35240536,95,60,0,0,0,30,10
386,35240537,55,65,10,10,15,25,10
388,35240538,175,150,0,0,0,10,0
390,35240539,110,115,10,10,0,15,0
392,35240540,40,30,15,15,0,10,10
394,35240541,65,20,0,0,0,10,0
396,35240542,75,85,10,10,0,10,0
398,35240543,45,60,10,10,0,20,10
400,35240544,50,60,0,0,0,30,10
402,35240545,70,130,15,15,0,15,0
404,35240546,60,95,15,15,0,20,0
406,35240590,105,145,10,10,0,50,10
408,35240591,115,120,25,25,0,15,0
410,35240592,285,230,15,15,10,30,0
412,35240593,150,145,0,0,0,25,0
414,35240594,95,100,0,0,0,15,0
416,35240595,145,110,25,25,0,20,0
418,35240596,265,185,15,15,15,35,0
420,35240598,345,280,35,35,15,65,15
422,35240641,45,30,10,10,10,20,10
424,35240642,55,55,0,0,0,15,0
426,35240643,65,50,10,10,0,20,0
428,35240644,75,65,0,0,15,0,0
430,35240645,60,25,10,10,0,0,0
432,35240647,80,90,10,10,10,10,0
434,35240648,85,130,0,0,0,20,0
436,35240649,95,90,15,15,0,25,0
438,35240650,95,75,0,0,0,40,0
440,35240651,40,50,0,0,0,15,0
442,35240654,70,40,0,0,10,10,0
444,35240655,155,145,35,35,0,45,0
446,35240656,25,25,0,0,0,10,0
448,35240659,135,80,10,10,0,25,0
450,35240660,50,85,0,0,10,20,0
452,35240661,35,50,0,0,0,15,0
454,35240662,220,290,15,15,10,35,10
456,35240663,60,35,10,10,0,20,0
458,35240664,65,50,0,0,0,10,10
460,35240665,60,50,0,0,10,20,10
462,35240666,110,160,0,0,0,20,0
464,35240667,60,50,10,10,0,25,0
466,35240668,40,45,0,0,0,25,0
468,35240669,60,90,10,10,0,40,0
470,35240670,30,60,0,0,10,20,0
472,35240671,25,55,0,0,10,10,0
474,35240672,80,95,10,10,0,30,0
476,35240673,20,40,0,0,0,10,0
478,35240674,55,60,0,0,0,25,0
480,35240675,75,75,10,10,0,40,10
482,35240676,70,100,0,0,10,40,15
484,35240677,20,35,10,10,0,10,0
486,35240678,190,180,10,10,0,50,10
488,35240679,50,50,10,10,0,15,10
490,35240680,110,100,10,10,10,30,0
492,35240681,70,70,0,0,0,30,0
494,35240682,85,70,10,10,0,15,0
496,35240683,60,95,0,0,0,15,10
498,35240684,80,80,0,0,0,25,0
500,35240685,80,100,10,10,0,50,0
502,35240686,95,70,0,0,0,55,0
504,35240756,60,55,0,0,10,20,0
506,35240757,30,55,0,0,0,20,0
508,35240758,140,65,20,20,0,35,0
510,35240759,80,85,10,10,0,10,0
512,35240780,90,100,10,10,0,30,0
514,35240782,70,65,10,10,0,15,0
516,35240783,30,35,10,10,0,10,10
518,35240785,75,65,0,0,10,30,10
520,35240807,115,130,15,15,0,20,10
522,35240808,155,150,10,10,10,20,0
524,35240809,10,20,0,0,0,0,0
526,35240898,225,275,0,0,0,70,15
528,35240903,0,0,0,0,0,0,0
530,35240904,155,135,0,0,10,55,10
532,35250030,55,30,0,0,0,10,0
534,35250031,30,65,0,0,0,20,10
536,35250032,75,45,0,0,10,25,10
538,35250033,45,35,10,10,10,15,10
540,35250034,90,95,0,0,0,20,10
542,35250035,25,45,0,0,0,35,0
544,35250036,35,45,20,20,0,25,10
546,35250037,40,45,0,0,10,10,10
548,35250038,125,80,0,0,20,15,10
550,35250039,75,60,20,20,0,0,0
552,35250040,70,55,10,10,0,15,10
554,35250041,60,80,0,0,0,15,0
556,35250042,20,35,0,0,0,0,0
558,35250043,100,55,10,10,0,25,0
560,35250044,40,50,0,0,0,35,0
562,35250045,45,50,15,15,0,30,10
564,35250046,50,40,0,0,0,25,0
566,35250047,70,40,0,0,0,65,10
568,35250048,15,30,0,0,0,20,0
570,35250049,60,20,10,10,0,10,10
572,35250050,40,90,0,0,0,0,0
574,35250051,145,130,30,30,0,55,20
576,35250052,35,35,0,0,0,15,0
578,35250053,60,50,10,10,10,40,0
580,35250054,35,70,0,0,0,20,0
582,35250055,55,60,10,10,10,30,15
584,35250056,25,20,0,0,0,15,0
586,35250059,135,70,15,15,0,25,10
588,35250060,55,55,0,0,15,50,0
590,35250061,55,45,0,0,10,10,0
592,35250062,50,60,0,0,10,15,0
594,35250064,70,65,10,10,10,30,15
596,35250065,40,30,0,0,10,30,10
598,35250066,55,25,10,10,0,20,10
600,35250067,65,75,10,10,0,25,10
602,35250070,60,45,0,0,0,15,0
604,35250073,40,80,10,10,0,0,0
606,35250074,25,30,0,0,0,0,10
608,35250075,55,60,10,10,10,10,0
610,35250077,125,50,10,10,0,15,0
612,35250078,55,40,10,10,0,25,10
614,35250079,30,25,10,10,0,0,0
616,35250080,90,45,10,10,0,10,0
618,35250081,135,120,10,10,10,10,0
620,35250082,20,30,10,10,0,10,0
622,35250083,55,65,20,20,0,15,0
624,35250084,45,25,0,0,0,0,0
626,35250085,40,40,0,0,10,0,0
628,35250086,60,55,10,10,0,10,0
630,35250087,55,60,20,20,0,0,0
632,35250088,50,55,0,0,0,10,0
634,35250089,100,80,10,10,0,0,0
636,35250093,75,70,10,10,0,10,0
638,35250094,55,65,0,0,0,0,0
640,35250095,40,40,15,15,0,10,0
642,35250096,75,80,0,0,0,0,0
644,35250097,30,55,0,0,0,0,0
646,35250098,30,10,10,10,0,10,0
648,35250099,60,120,10,10,10,25,0
650,35250100,55,75,0,0,0,10,0
652,35250101,45,45,10,10,0,25,0
654,35250102,20,25,0,0,0,15,0
656,35250105,60,40,15,15,0,35,0
658,35250106,55,65,10,10,10,0,0
660,35250107,65,50,0,0,0,20,0
662,35250108,55,45,20,20,0,15,0
664,35250109,60,70,15,15,0,25,10
666,35250110,55,70,0,0,0,15,0
668,35250111,115,75,0,0,0,0,10
670,35250112,55,60,0,0,0,0,0
672,35250113,40,25,0,0,0,0,0
674,35250114,15,35,0,0,0,10,0
676,35250115,195,200,20,20,0,20,0
678,35250116,130,90,10,10,0,0,0
680,35250117,20,30,0,0,0,0,0
682,35250118,65,50,0,0,0,0,0
684,35250119,75,70,0,0,0,0,0
686,35250120,35,80,10,10,0,10,0
688,35250121,110,50,10,10,0,0,0
690,35250122,20,45,10,10,0,0,0
692,35250123,30,45,10,10,0,10,0
694,35250124,60,55,0,0,0,0,0
696,35250125,60,45,0,0,0,0,0
698,35250126,80,65,10,10,0,0,0
700,35250127,160,130,0,0,0,40,0
702,35250128,55,45,10,10,0,10,0
704,35250129,60,35,10,10,0,0,0
706,35250130,45,45,0,0,0,15,0
708,35250133,50,40,10,10,0,10,0
710,35250134,100,90,10,10,0,25,0
712,35250135,215,160,20,20,10,45,0
714,35250136,55,20,0,0,0,10,0
716,35250137,30,45,0,0,0,0,0
718,35250144,150,155,25,25,15,35,10
720,35250145,30,60,10,10,0,0,0
722,35250146,75,85,10,10,0,15,0
724,35250147,20,40,10,10,0,0,0
726,35250148,75,25,0,0,0,0,0
728,35250149,35,65,0,0,0,20,0
730,35250150,85,70,10,10,0,25,0
732,35250151,25,35,10,10,0,0,0
734,35250152,155,125,10,10,15,45,0
736,35250153,55,55,10,10,0,10,10
738,35250156,40,55,0,0,0,0,10
740,35250158,25,15,10,10,20,25,10
742,35250159,40,55,0,0,10,15,0
744,35250160,45,45,10,10,0,0,10
746,35250161,50,45,10,10,20,20,0
748,35250162,30,40,10,10,0,20,0
750,35250163,70,55,10,10,10,15,10
752,35250164,60,60,15,15,0,10,0
754,35250172,65,65,10,10,0,10,0
756,35250173,135,195,0,0,0,10,0
758,35250175,195,180,10,10,10,15,0
760,35250176,90,100,10,10,0,10,0
762,35250177,85,90,10,10,0,10,0
764,35250178,85,60,15,15,0,10,0
766,35250179,95,80,0,0,0,10,0
768,35250180,125,190,0,0,0,30,0
770,35250181,75,50,10,10,0,10,0
772,35250183,40,40,0,0,0,0,0
774,35250184,50,70,10,10,0,10,0
776,35250185,55,45,0,0,0,0,0
778,35250186,45,40,0,0,0,0,0
780,35250188,85,70,10,10,0,20,0
782,35250189,50,95,0,0,0,20,0
784,35250190,70,55,0,0,0,10,0
786,35250191,90,90,10,10,0,0,0
788,35250192,175,145,15,15,0,10,0
790,35250193,30,45,0,0,0,10,0
792,35250194,45,55,0,0,0,10,0
794,35250196,55,55,10,10,0,0,0
796,35250197,80,65,0,0,0,0,0
798,35250199,305,320,35,35,15,45,15
800,35250200,75,85,0,0,0,0,0
802,35250201,50,10,0,0,0,0,0
804,35250202,145,110,0,0,0,10,10
806,35250203,170,95,10,10,0,10,10
808,35250204,180,75,15,15,0,10,0
810,35250205,45,20,10,10,0,10,0
812,35250206,60,70,0,0,0,15,0
814,35250207,35,25,10,10,0,0,0
816,35250208,70,45,0,0,0,10,0
818,35250209,55,55,0,0,0,15,0
820,35250210,70,40,0,0,0,10,0
822,35250211,60,30,10,10,0,10,0
824,35250212,60,65,0,0,0,0,0
826,35250213,60,50,0,0,0,0,0
828,35250216,65,45,0,0,0,0,0
830,35250217,100,50,10,10,0,10,0
832,35250218,70,60,10,10,0,0,0
834,35250221,75,75,0,0,0,0,0
836,35250222,80,45,10,10,0,0,0
838,35250223,90,15,0,0,0,0,0
840,35250224,55,15,0,0,0,0,0
842,35250225,75,40,0,0,0,0,0
844,35250226,85,65,10,10,0,0,0
846,35250227,70,55,10,10,0,15,0
848,35250230,55,25,10,10,0,0,0
850,35250231,110,30,0,0,0,0,0
852,35250232,115,80,0,0,0,10,0
854,35250233,45,35,10,10,0,10,0
856,35250234,50,25,0,0,0,0,0
858,35250238,90,70,0,0,0,0,0
860,35250239,35,45,0,0,0,0,0
862,35250240,65,35,0,0,0,0,0
864,35250241,40,20,0,0,0,10,0
866,35250242,0,0,0,0,0,0,0
868,35250243,185,75,0,0,10,15,0
870,35250248,90,135,0,0,0,15,0
872,35250249,90,35,0,0,0,15,0
874,35250250,65,55,0,0,0,0,0
876,35250251,60,45,0,0,0,0,0
878,35250254,120,80,10,10,0,10,0
880,35250255,55,45,0,0,0,10,0
882,35250256,95,70,10,10,10,10,0
884,35250257,100,65,0,0,0,0,0
886,35250258,90,90,15,15,0,10,0
888,35250259,80,40,10,10,0,10,0
890,35250260,115,60,0,0,0,0,0
892,35250261,70,50,10,10,0,0,0
894,35250262,120,45,0,0,0,0,0
896,35250263,115,70,10,10,0,10,0
898,35250264,45,40,10,10,0,10,0
900,35250265,55,40,0,0,0,20,0
902,35250266,25,50,0,0,0,0,0
904,35250267,60,60,0,0,0,0,0
906,35250269,20,10,0,0,0,0,0
908,35250270,50,30,0,0,0,10,0
910,35250271,60,20,0,0,0,10,0
912,35250272,50,25,10,10,0,20,0
914,35250273,55,35,0,0,0,10,0
916,35250274,135,150,0,0,0,0,0
918,35250275,60,35,15,15,0,0,0
920,35250276,95,55,0,0,0,10,0
922,35250277,60,65,0,0,0,0,0
924,35250278,75,35,0,0,0,0,0
926,35250279,90,65,0,0,0,0,0
928,35250280,60,20,0,0,0,0,0
930,35250281,70,70,10,10,10,10,0
932,35250282,110,30,10,10,10,0,0
934,35250283,80,60,0,0,0,10,0
936,35250284,75,25,0,0,0,0,0
938,35250285,80,50,10,10,0,25,0
940,35250286,15,50,0,0,0,0,0
942,35250287,90,100,0,0,0,0,0
944,35250288,45,45,15,15,0,10,0
946,35250289,55,65,10,10,0,0,0
948,35250290,85,70,10,10,0,10,0
950,35250291,100,110,15,15,0,20,0
952,35250293,135,75,0,0,0,20,0
954,35250294,55,50,10,10,0,0,0
956,35250295,60,40,10,10,0,10,0
958,35250296,65,60,0,0,0,10,0
960,35250297,100,40,10,10,0,0,0
962,35250298,40,55,10,10,0,15,0
964,35250299,95,45,15,15,10,10,0
966,35250300,110,80,0,0,0,0,0
968,35250302,35,25,0,0,0,0,0
970,35250303,65,30,0,0,0,10,0
972,35250304,110,50,0,0,0,10,0
974,35250305,110,50,0,0,0,10,0
976,35250306,40,60,0,0,0,15,0
978,35250307,70,30,0,0,0,10,0
980,35250308,95,120,0,0,0,30,0
982,35250309,55,40,0,0,0,0,0
984,35250310,45,30,10,10,0,10,0
986,35250311,100,65,15,15,0,0,0
988,35250312,65,30,0,0,0,0,0
990,35250313,95,60,10,10,0,15,0
992,35250315,130,120,10,10,0,10,0
994,35250316,85,90,0,0,0,15,0
996,35250317,55,55,10,10,0,10,10
998,35250318,0,10,0,0,0,0,0
1000,35250319,70,35,0,0,0,10,0
1002,35250320,60,45,0,0,0,10,0
1004,35250321,35,30,0,0,0,0,0
1006,35250322,60,50,0,0,0,0,0
1008,35250323,70,35,0,0,0,0,0
1010,35250324,125,75,0,0,0,0,0
1012,35250326,50,55,0,0,0,0,0
1014,35250327,130,55,0,0,0,0,0
1016,35250328,65,40,0,0,0,0,0
1018,35250329,65,35,0,0,0,0,0
1020,35250330,50,35,0,0,0,0,0
1022,35250331,35,55,0,0,0,0,0
1024,35250332,70,60,10,10,0,0,0
1026,35250333,75,75,0,0,0,15,0
1028,35250334,70,80,0,0,0,0,0
1030,35250335,80,35,0,0,0,0,0
1032,35250336,55,50,10,10,0,10,0
1034,35250337,135,95,10,10,0,0,0
1036,35250338,105,75,10,10,0,10,0
1038,35250339,60,60,15,15,0,10,0
1040,35250340,60,30,0,0,0,0,0
1042,35250341,105,65,0,0,0,0,0
1044,35250342,60,55,0,0,0,0,0
1046,35250343,75,60,0,0,0,10,0
1048,35250344,80,60,0,0,10,10,0
1050,35250345,25,70,0,0,0,0,0
1052,35250346,65,55,10,10,0,10,0
1054,35250347,60,45,10,10,0,0,0
1056,35250348,75,70,0,0,0,20,0
1058,35250349,45,65,10,10,0,10,0
1060,35250350,105,55,0,0,0,0,0
1062,35250351,90,55,0,0,0,10,0
1064,35250352,80,105,0,0,0,0,0
1066,35250353,60,80,0,0,0,10,0
1068,35250354,70,65,0,0,0,15,10
1070,35250355,60,60,0,0,0,10,10
1072,35250356,95,70,0,0,0,0,0
1074,35250357,65,75,0,0,0,10,0
1076,35250358,75,80,10,10,0,0,0
1078,35250359,45,65,10,10,0,0,0
1080,35250360,95,50,0,0,0,0,0
1082,35250361,50,50,10,10,0,0,0
1084,35250362,60,75,0,0,0,10,0
1086,35250363,35,40,0,0,0,15,0
1088,35250364,55,25,10,10,0,0,0
1090,35250365,200,140,0,0,0,0,0
1092,35250366,70,65,15,15,0,0,0
1094,35250367,75,60,0,0,0,0,0
1096,35250368,95,70,0,0,0,10,0
1098,35250369,85,50,0,0,0,0,0
1100,35250370,45,60,15,15,0,0,0
1102,35250371,80,60,0,0,0,0,0
1104,35250372,60,70,0,0,0,10,0
1106,35250373,45,20,0,0,0,10,0
1108,35250374,85,45,0,0,0,0,0
1110,35250375,80,80,0,0,0,0,0
1112,35250376,90,70,15,15,0,0,0
1114,35250377,45,95,10,10,0,15,0
1116,35250378,90,70,10,10,0,10,0
1118,35250379,65,60,10,10,0,10,0
1120,35250380,40,50,10,10,10,10,0
1122,35250381,70,75,10,10,0,15,0
1124,35250382,75,70,0,0,0,0,0
1126,35250383,100,50,0,0,0,10,0
1128,35250384,35,60,10,10,0,10,0
1130,35250385,80,35,10,10,0,10,0
1132,35250387,40,25,0,0,0,35,10
1134,35250388,35,50,0,0,0,40,10
1136,35250389,15,20,0,0,10,30,15
1138,35250390,35,45,0,0,0,25,0
1140,35250391,40,55,0,0,0,30,10
1142,35250392,30,40,0,0,0,35,25
1144,35250393,60,55,0,0,0,20,15
1146,35250394,75,105,0,0,0,10,0
1148,35250395,85,70,10,10,0,20,0
1150,35250396,75,70,15,15,0,20,0
1152,35250397,55,95,10,10,15,10,0
1154,35250398,25,10,0,0,0,0,0
1156,35250399,140,50,10,10,0,0,0
1158,35250400,75,75,10,10,0,35,15
1160,35250401,55,60,10,10,0,15,0
1162,35250402,45,35,0,0,0,20,0
1164,35250403,60,70,0,0,0,25,15
1166,35250404,25,20,10,10,0,25,15
1168,35250405,30,45,0,0,0,25,0
1170,35250406,65,65,10,10,0,40,10
1172,35250407,60,30,10,10,0,0,0
1174,35250408,70,30,10,10,0,15,0
1176,35250409,50,25,0,0,0,10,0
1178,35250410,35,60,15,15,0,0,0
1180,35250411,55,75,15,15,0,10,0
1182,35250412,65,40,10,10,0,10,10
1184,35250413,65,25,10,10,0,30,0
1186,35250416,45,35,0,0,0,10,10
1188,35250417,25,75,0,0,0,0,10
1190,35250418,50,45,10,10,0,10,10
1192,35250419,35,35,15,15,0,10,10
1194,35250420,45,65,15,15,25,65,15
1196,35250421,65,65,0,0,0,15,0
1198,35250422,55,65,25,25,0,10,0
1200,35250423,90,80,15,15,0,15,0
1202,35250424,70,55,10,10,0,20,0
1204,35250425,100,105,20,20,25,35,0
1206,35250426,40,25,10,10,0,35,10
1208,35250427,20,35,0,0,0,25,0
1210,35250428,70,65,0,0,0,15,0
1212,35250429,25,40,0,0,0,0,0
1214,35250430,70,45,0,0,0,20,10
1216,35250431,15,65,10,10,0,25,0
1218,35250434,155,115,0,0,25,30,0
1220,35250435,35,30,15,15,0,0,0
1222,35250436,75,40,20,20,0,0,0
1224,35250437,40,50,0,0,0,20,0
1226,35250438,45,20,10,10,0,0,0
1228,35250439,95,65,0,0,0,15,0
1230,35250440,50,95,0,0,10,10,0
1232,35250441,45,85,0,0,0,0,0
1234,35250442,80,75,0,0,0,10,10
1236,35250443,55,70,0,0,0,0,0
1238,35250444,50,75,0,0,0,10,0
1240,35250445,45,90,0,0,0,0,0
1242,35250446,55,65,0,0,0,15,10
1244,35250447,25,35,0,0,0,0,0
1246,35250448,95,80,15,15,0,15,0
1248,35250449,35,50,0,0,0,15,0
1250,35250450,55,50,0,0,10,10,15
1252,35250451,20,30,0,0,0,0,0
1254,35250452,40,25,0,0,10,10,0
1256,35250453,40,50,0,0,0,10,0
1258,35250454,65,115,0,0,0,10,0
1260,35250455,50,45,10,10,0,15,0
1262,35250456,65,55,10,10,0,10,0
1264,35250457,0,0,0,0,0,0,0
1266,35250458,40,55,0,0,0,0,0
1268,35250459,65,80,10,10,0,0,0
1270,35250460,40,25,0,0,0,0,0
1272,35250461,60,55,0,0,0,0,0
1274,35250462,65,35,10,10,0,0,0
1276,35250463,25,45,0,0,0,10,0
1278,35250464,60,10,0,0,0,0,0
1280,35250465,70,45,10,10,0,10,0
1282,35250466,55,15,10,10,0,0,10
1284,35250467,140,25,0,0,0,0,0
1286,35250468,40,25,0,0,0,10,0
1288,35250471,30,35,0,0,0,0,0
1290,35250472,55,50,0,0,0,0,10
1292,35250473,35,35,0,0,0,10,0
1294,35250474,70,35,0,0,0,10,0
1296,35250475,30,45,10,10,0,0,0
1298,35250476,55,25,10,10,0,10,0
1300,35250477,50,55,0,0,0,0,0
1302,35250478,30,40,0,0,0,0,0
1304,35250479,40,50,0,0,0,0,0
1306,35250480,75,45,0,0,10,10,0
1308,35250481,45,10,0,0,0,0,0
1310,35250482,65,25,0,0,0,0,0
1312,35250483,45,40,0,0,0,0,0
1314,35250484,45,25,0,0,0,0,0
1316,35250485,55,40,0,0,0,0,0
1318,35250486,115,50,10,10,0,10,0
1320,35250487,25,45,0,0,0,0,0
1322,35250488,55,55,0,0,0,0,0
1324,35250489,30,15,0,0,10,15,0
1326,35250490,50,35,0,0,0,20,10
1328,35250491,35,45,0,0,0,0,0
1330,35250492,50,25,0,0,0,10,0
1332,35250493,35,20,10,10,0,10,0
1334,35250494,40,50,0,0,0,10,0
1336,35250495,35,45,0,0,0,10,0
1338,35250496,35,15,10,10,10,0,0
1340,35250497,55,40,0,0,0,25,10
1342,35250498,65,45,0,0,0,10,10
1344,35250499,35,25,0,0,0,15,0
1346,35250501,30,30,0,0,0,35,25
1348,35250502,45,20,0,0,0,35,10
1350,35250503,50,35,0,0,0,25,10
1352,35250504,60,50,0,0,10,20,10
1354,35250506,30,70,0,0,10,20,15
1356,35250507,50,50,0,0,0,30,10
1358,35250508,40,35,0,0,10,45,15
1360,35250509,65,40,10,10,10,20,25
1362,35250510,35,25,0,0,10,35,10
1364,35250511,70,50,0,0,0,40,0
1366,35250512,35,65,0,0,0,25,0
1368,35250513,45,40,0,0,0,30,0
1370,35250514,25,65,15,15,25,55,20
1372,35250515,15,50,0,0,0,15,10
1374,35250516,100,85,10,10,10,15,10
1376,35250517,30,50,10,10,0,10,0
1378,35250518,25,40,0,0,0,15,0
1380,35250519,85,65,10,10,10,10,0
1382,35250520,60,85,0,0,0,10,0
1384,35250521,65,40,0,0,0,15,0
1386,35250522,20,15,0,0,0,0,0
1388,35250523,55,40,0,0,0,15,0
1390,35250524,60,40,0,0,0,0,0
1392,35250525,60,45,0,0,0,0,0
1394,35250526,195,145,10,10,0,20,0
1396,35250527,40,55,0,0,10,10,0
1398,35250528,40,50,0,0,0,0,0
1400,35250529,65,50,0,0,10,0,0
1402,35250530,55,60,0,0,0,10,0
1404,35250531,75,55,0,0,0,0,0
1406,35250532,70,45,10,10,0,0,0
1408,35250533,140,80,10,10,0,0,0
1410,35250534,75,70,10,10,0,10,0
1412,35250535,60,80,0,0,0,0,10
1414,35250536,65,50,0,0,0,0,0
1416,35250537,130,50,10,10,0,0,0
1418,35250538,80,75,0,0,0,0,0
1420,35250539,65,100,40,40,0,0,10
1422,35250540,80,75,10,10,0,0,0
1424,35250541,60,45,10,10,0,10,0
1426,35250542,50,65,10,10,0,0,0
1428,35250545,45,40,10,10,0,0,0
1430,35250546,55,60,0,0,0,0,0
1432,35250547,55,50,0,0,0,10,0
1434,35250548,90,70,10,10,0,0,0
1436,35250549,75,70,0,0,0,0,0
1438,35250550,60,65,10,10,0,0,0
1440,35250551,70,65,0,0,0,0,0
1442,35250552,70,35,10,10,0,10,0
1444,35250553,70,70,0,0,0,10,0
1446,35250554,80,65,0,0,0,0,0
1448,35250555,85,75,0,0,0,0,0
1450,35250556,60,75,15,15,0,10,0
1452,35250557,70,105,10,10,0,10,0
1454,35250558,40,70,0,0,0,10,0
1456,35250559,70,45,0,0,0,0,0
1458,35250560,85,75,0,0,0,0,0
1460,35250561,55,30,15,15,0,10,0
1462,35250562,30,85,0,0,0,10,0
1464,35250563,90,95,0,0,0,0,0
1466,35250564,70,65,0,0,0,0,0
1468,35250565,85,125,0,0,0,0,0
1470,35250566,75,55,0,0,0,0,0
1472,35250567,80,50,0,0,0,10,0
1474,35250568,110,80,10,10,0,0,0
1476,35250569,60,40,10,10,0,0,0
1478,35250570,70,65,0,0,0,10,0
1480,35250571,75,45,0,0,0,0,0
1482,35250572,55,55,0,0,0,0,10
1484,35250573,115,140,10,10,0,30,0
1486,35250574,40,40,0,0,0,15,0
1488,35250578,110,115,0,0,0,0,0
1490,35250579,60,45,10,10,10,0,0
1492,35250580,25,35,10,10,0,10,0
1494,35250581,90,105,10,10,0,10,0
1496,35250582,65,80,10,10,0,0,10
1498,35250583,80,80,0,0,10,0,0
1500,35250585,90,60,10,10,0,10,0
1502,35250586,140,135,10,10,0,30,0
1504,35250587,50,30,0,0,0,0,0
1506,35250588,65,45,15,15,0,15,0
1508,35250589,75,95,0,0,0,0,0
1510,35250590,65,35,0,0,0,15,0
1512,35250591,95,95,0,0,0,0,0
1514,35250592,75,80,0,0,0,0,0
1516,35250593,45,55,0,0,10,0,0
1518,35250594,70,75,0,0,0,0,0
1520,35250595,85,45,10,10,0,15,0
1522,35250596,100,75,0,0,0,10,0
1524,35250597,50,65,10,10,0,0,0
1526,35250598,55,65,0,0,0,10,0
1528,35250599,85,65,0,0,0,0,0
1530,35250600,35,35,0,0,0,10,0
1532,35250601,95,50,10,10,0,0,0
1534,35250602,95,30,0,0,0,0,0
1536,35250603,90,85,0,0,0,0,0
1538,35250604,55,55,0,0,0,0,0
1540,35250605,70,40,0,0,0,0,0
1542,35250606,65,45,10,10,0,10,0
1544,35250607,95,65,0,0,0,0,0
1546,35250608,50,45,10,10,0,0,0
1548,35250609,80,70,0,0,0,10,0
1550,35250610,90,60,0,0,0,15,0
1552,35250611,60,45,10,10,0,10,0
1554,35250612,75,95,0,0,10,0,0
1556,35250613,150,125,15,15,0,0,0
1558,35250614,30,20,0,0,0,0,0
1560,35250615,55,60,10,10,0,0,0
1562,35250616,40,10,0,0,0,0,0
1564,35250617,80,65,0,0,0,0,0
1566,35250618,35,40,0,0,0,0,0
1568,35250619,75,45,0,0,0,10,0
1570,35250620,25,40,0,0,0,10,0
1572,35250621,105,130,10,10,0,15,0
1574,35250622,55,35,0,0,0,0,0
1576,35250623,40,75,0,0,0,10,0
1578,35250624,60,50,0,0,0,0,0
1580,35250625,65,40,0,0,0,0,0
1582,35250626,65,65,10,10,10,0,0
1584,35250627,75,60,0,0,0,0,0
1586,35250628,65,55,0,0,0,0,0
1588,35250629,150,90,15,15,0,0,0
1590,35250630,80,80,0,0,0,10,0
1592,35250631,65,60,0,0,10,0,0
1594,35250632,105,70,0,0,0,10,0
1596,35250633,30,35,0,0,0,10,0
1598,35250634,90,90,0,0,0,0,0
1600,35250635,40,50,0,0,0,0,0
1602,35250636,100,110,10,10,0,0,0
1604,35250637,150,150,10,10,0,15,0
1606,35250638,35,45,10,10,0,15,0
1608,35250639,95,90,10,10,0,0,0
1610,35250640,90,60,10,10,0,0,0
1612,35250641,65,55,0,0,0,0,0
1614,35250642,90,65,25,25,0,15,0
1616,35250643,45,50,0,0,0,0,0
1618,35250644,45,25,0,0,0,10,0
1620,35250645,70,75,10,10,0,0,0
1622,35250646,105,115,10,10,0,0,0
1624,35250647,110,105,0,0,0,20,0
1626,35250648,125,120,10,10,0,10,0
1628,35250649,90,110,0,0,0,10,0
1630,35250650,55,65,10,10,0,10,0
1632,35250651,20,50,0,0,0,15,0
1634,35250652,55,90,10,10,0,10,0
1636,35250655,125,190,10,10,0,15,0
1638,35250656,95,50,0,0,0,0,0
1640,35250657,55,90,15,15,0,10,0
1642,35250658,20,55,0,0,0,10,0
1644,35250659,90,95,10,10,0,0,0
1646,35250661,130,130,10,10,0,30,0
1648,35250662,130,235,20,20,0,35,10
1650,35250663,60,85,10,10,0,15,10
1652,35250664,45,70,10,10,0,10,0
1654,35250665,50,75,0,0,0,25,0
1656,35250666,70,45,0,0,0,0,0
1658,35250667,40,25,0,0,0,0,0
1660,35250668,70,25,0,0,0,10,10
1662,35250669,65,10,10,10,0,15,10
1664,35250670,15,15,0,0,0,15,10
1666,35250671,45,20,0,0,0,10,10
1668,35250672,10,15,10,10,0,0,15
1670,35250675,60,15,0,0,0,50,0
1672,35250676,25,10,0,0,15,20,15
1674,35250677,15,15,0,0,0,40,15
1676,35250678,45,25,0,0,20,25,15
1678,35250679,105,20,0,0,0,50,0
1680,35250680,55,45,0,0,0,25,15
1682,35250681,155,70,15,15,0,10,0
1684,35250692,70,25,0,0,0,0,0
1686,35250693,15,25,10,10,0,0,0
1688,35250694,45,35,0,0,0,0,0
1690,35250695,25,10,0,0,0,0,0
1692,35250696,60,10,0,0,0,0,0
1694,35250700,65,40,0,0,0,10,0
1696,35250701,65,85,0,0,0,0,0
1698,35250702,65,85,0,0,10,0,0
1700,35250703,60,40,0,0,0,0,0
1702,35250704,55,70,0,0,0,0,0
1704,35250705,60,65,10,10,0,10,0
1706,35250706,60,55,0,0,0,0,0
1708,35250707,70,40,0,0,0,10,0
1710,35250708,75,65,10,10,0,0,0
1712,35250709,70,30,10,10,0,10,0
1714,35250710,70,40,10,10,0,0,0
1716,35250711,70,20,0,0,0,10,0
1718,35250712,40,45,0,0,0,10,0
1720,35250713,40,35,0,0,0,10,0
1722,35250714,40,50,10,10,0,10,0
1724,35250715,60,55,10,10,0,0,0
1726,35250716,55,45,10,10,0,0,10
1728,35250717,95,35,10,10,0,10,0
1730,35250718,35,70,0,0,0,0,0
1732,35250719,60,30,0,0,0,10,0
1734,35250720,70,65,0,0,0,0,0
1736,35250721,80,55,0,0,0,0,0
1738,35250724,45,45,0,0,0,10,0
1740,35250725,40,40,0,0,0,10,10
1742,35250726,50,75,0,0,0,10,0
1744,35250727,15,10,0,0,0,0,0
1746,35250728,35,50,10,10,0,10,0
1748,35250729,60,50,0,0,0,0,0
1750,35250730,90,45,0,0,0,0,0
1752,35250731,90,85,0,0,0,0,0
1754,35250732,40,50,0,0,0,0,0
1756,35250733,70,90,10,10,0,10,0
1758,35250734,105,70,0,0,0,0,0
1760,35250735,30,65,10,10,0,20,0
1762,35250736,70,75,0,0,0,10,0
1764,35250737,70,60,0,0,0,10,0
1766,35250738,70,50,0,0,0,15,0
1768,35250739,85,70,10,10,0,0,0
1770,35250740,100,60,10,10,0,0,0
1772,35250741,75,65,0,0,0,0,0
1774,35250742,85,60,10,10,0,10,0
1776,35250743,60,50,10,10,0,10,0
1778,35250744,95,100,0,0,0,0,0
1780,35250745,40,60,0,0,0,0,0
1782,35250746,55,50,0,0,0,0,0
1784,35250747,65,45,0,0,0,10,0
1786,35250748,60,40,10,10,0,0,0
1788,35250749,50,55,10,10,0,0,0
1790,35250750,70,55,0,0,0,0,0
1792,35250753,100,25,0,0,0,0,0
1794,35250754,40,55,0,0,0,0,0
1796,35250755,60,35,0,0,0,0,0
1798,35250756,110,55,0,0,0,0,0
1800,35250757,50,50,0,0,0,0,0
1802,35250758,55,55,10,10,0,0,0
1804,35250759,55,40,10,10,0,0,0
1806,35250760,60,60,10,10,0,0,0
1808,35250761,60,65,0,0,0,0,0
1810,35250762,95,40,0,0,0,0,0
1812,35250763,125,40,10,10,0,0,0
1814,35250764,80,55,0,0,0,0,0
1816,35250765,80,40,0,0,0,0,0
1818,35250766,70,60,0,0,0,0,0
1820,35250767,50,30,0,0,0,0,0
1822,35250768,45,45,0,0,0,0,0
1824,35250769,85,35,0,0,0,0,0
1826,35250770,55,70,0,0,0,0,0
1828,35250771,80,60,0,0,0,0,0
1830,35250772,45,45,0,0,0,0,0
1832,35250773,105,45,0,0,0,0,0
1834,35250774,55,40,0,0,0,10,0
1836,35250775,20,55,0,0,0,0,0
1838,35250776,35,40,0,0,0,0,0
1840,35250777,50,55,0,0,0,0,0
1842,35250778,60,60,0,0,0,0,0
1844,35250779,50,25,0,0,0,0,0
1846,35250780,50,50,0,0,0,0,0
1848,35250781,70,45,10,10,0,0,0
1850,35250782,30,55,0,0,0,10,0
1852,35250783,90,55,0,0,0,10,0
1854,35250784,90,40,10,10,0,0,0
1856,35250785,80,85,0,0,0,10,0
1858,35250786,60,60,10,10,0,0,0
1860,35250787,70,110,10,10,0,0,0
1862,35250788,75,60,0,0,0,10,10
1864,35250789,75,70,0,0,10,10,0
1866,35250790,85,70,0,0,0,0,0
1868,35250791,45,60,0,0,10,0,0
1870,35250792,75,50,0,0,0,10,0
1872,35250793,70,40,0,0,0,0,0
1874,35250798,30,10,0,0,0,0,0
1876,35250799,60,40,0,0,0,10,0
1878,35250800,50,60,0,0,0,0,0
1880,35250801,70,135,15,15,0,35,10
1882,35250802,25,35,0,0,0,20,0
1884,35250803,50,35,0,0,0,10,0
1886,35250804,285,255,20,20,10,90,0
1888,35250805,95,140,20,20,0,15,0
1890,35250806,35,55,10,10,10,15,0
1892,35250807,110,80,20,20,0,20,0
1894,35250810,130,85,0,0,0,0,0
1896,35250812,55,40,10,10,0,0,0
1898,35250813,60,95,10,10,0,10,0
1900,35250814,50,85,0,0,0,0,0
1902,35250815,205,165,15,15,0,15,0
1904,35250826,25,95,10,10,10,50,10
1906,35250827,40,55,0,0,10,10,0
1908,35250828,20,15,0,0,10,15,10
1910,35250829,55,55,10,10,10,20,0
1912,35250830,80,60,10,10,0,25,10
1914,35250831,170,150,35,35,10,10,10
1916,35250832,55,45,0,0,0,0,0
1918,35250833,35,45,0,0,0,20,0
1920,35250834,45,35,10,10,0,10,10
1922,35250835,40,50,0,0,0,25,0
1924,35250836,90,20,0,0,0,20,0
1926,35250843,140,145,10,10,0,15,10
1928,35250845,230,135,10,10,10,0,0
1930,35250846,185,80,10,10,0,0,0
1932,35250847,100,40,0,0,0,10,0
1934,35250848,75,50,15,15,10,65,15
1936,35250849,110,140,10,10,0,10,0
1938,35250850,130,150,0,0,0,0,0
1940,35250851,335,165,15,15,15,25,10
1942,35250852,285,205,35,35,10,10,0
1944,35250853,85,60,0,0,0,20,15
1946,35250854,135,95,10,10,0,30,0
1948,35250855,85,50,0,0,20,50,15
1950,35250857,85,70,0,0,0,0,0
1952,35250859,120,75,0,0,0,10,0
1954,35250860,225,210,15,15,10,15,10
1956,35250861,65,65,0,0,0,0,0
1958,35250862,70,55,10,10,0,20,0
1960,35250863,65,25,0,0,0,0,0
1962,35250864,75,35,15,15,0,10,0
1964,35250865,65,40,0,0,0,15,0
1966,35250866,70,80,0,0,0,10,0
1968,35250867,65,65,10,10,0,0,0
1970,35250868,55,35,0,0,10,15,0
1972,35250869,65,45,0,0,0,0,0
1974,35250870,75,90,10,10,10,10,0
1976,35250871,70,70,10,10,10,0,10
1978,35250872,100,65,10,10,0,25,0
1980,35250873,95,60,15,15,0,10,0
1982,35250874,95,50,15,15,0,0,0
1984,35250875,80,105,0,0,0,15,0
1986,35250876,35,50,0,0,15,10,10
1988,35250877,70,55,0,0,0,0,10
1990,35250878,60,60,10,10,0,10,0
1992,35250879,95,60,10,10,0,15,0
1994,35250880,90,85,0,0,0,0,0
1996,35250881,60,105,10,10,10,0,0
1998,35250882,120,85,10,10,0,15,0
2000,35250883,70,45,0,0,0,20,0
2002,35250884,50,65,0,0,0,15,0
2004,35250885,65,55,0,0,0,15,0
2006,35250886,45,60,10,10,0,20,0
2008,35250887,75,65,0,0,10,0,0
2010,35250888,70,65,0,0,10,10,0
2012,35250889,40,90,10,10,0,15,0
2014,35250890,55,50,10,10,0,10,0
2016,35250891,50,55,0,0,0,10,0
2018,35250892,260,295,25,25,10,60,10
2020,35250893,65,80,0,0,0,0,0
2022,35250894,55,90,0,0,10,0,0
2024,35250895,70,80,15,15,0,10,10
2026,35250896,45,75,0,0,0,0,0
2028,35250897,70,70,10,10,10,10,0
2030,35250898,75,40,10,10,0,10,10
2032,35250899,55,35,10,10,0,0,0
2034,35250900,40,20,0,0,10,10,0
2036,35250901,40,70,10,10,0,10,10
2038,35250902,40,100,0,0,0,15,0
2040,35250903,90,80,0,0,0,10,0
2042,35250904,55,100,10,10,0,10,0
2044,35250905,70,65,15,15,0,0,0
2046,35250906,50,35,0,0,0,20,10
2048,35250907,40,45,0,0,0,0,0
2050,35250908,50,30,25,25,0,0,0
2052,35250909,155,140,25,25,0,60,10
2054,35250910,140,135,30,30,10,25,15
2056,35250911,60,45,10,10,0,20,0
2058,35250912,80,50,15,15,10,25,0
2060,35250913,70,80,20,20,15,20,0
2062,35250914,50,40,0,0,0,0,0
2064,35250918,300,305,55,55,0,15,0
2066,35250919,100,65,0,0,0,0,0
2068,35250920,165,175,0,0,0,15,0
2070,35250921,120,65,0,0,0,0,0
2072,35250922,90,90,0,0,0,10,0
2074,35250923,70,70,10,10,0,10,0
2076,35250924,35,70,0,0,0,10,0
2078,35250925,95,85,10,10,0,0,0
2080,35250928,95,25,0,0,0,0,0
2082,35250929,70,80,10,10,0,0,0
2084,35250930,80,65,15,15,0,10,0
2086,35250931,80,75,20,20,10,0,0
2088,35250932,65,75,0,0,0,0,0
2090,35250933,55,70,10,10,0,0,0
2092,35250934,45,50,0,0,0,10,10
2094,35250935,195,130,10,10,0,10,0
2096,35250936,60,55,10,10,0,0,0
2098,35250937,115,130,10,10,0,10,15
2100,35250938,75,100,10,10,0,20,10
2102,35250939,55,70,10,10,0,10,0
2104,35250940,40,60,0,0,0,10,0
2106,35250941,75,80,0,0,0,0,10
2108,35250942,70,55,0,0,0,0,0
2110,35250943,65,115,15,15,10,35,0
2112,35250944,60,55,0,0,0,10,0
2114,35250945,60,80,10,10,0,15,0
2116,35250946,50,65,0,0,10,10,0
2118,35250947,65,115,10,10,10,15,0
2120,35250948,155,125,10,10,0,50,0
2122,35250949,45,55,0,0,0,10,0
2124,35250950,50,40,0,0,0,10,0
2126,35250951,45,80,10,10,0,30,0
2128,35250952,150,230,15,15,0,50,10
2130,35250953,65,25,15,15,0,0,0
2132,35250954,45,40,0,0,0,10,0
2134,35250955,20,35,0,0,10,0,0
2136,35250956,115,50,10,10,0,0,0
2138,35250957,65,55,0,0,0,0,0
2140,35250958,40,65,0,0,0,0,0
2142,35250959,50,50,0,0,0,20,0
2144,35250960,40,45,0,0,0,0,0
2146,35250961,70,55,10,10,0,0,0
2148,35250962,55,70,0,0,0,20,0
2150,35250963,345,330,45,45,10,100,20
2152,35250964,95,70,10,10,0,20,0
2154,35250965,35,35,0,0,0,15,0
2156,35250966,0,0,0,0,0,0,0
2158,35250967,35,40,10,10,0,20,0
2160,35250968,150,25,0,0,0,10,0
2162,35250969,105,60,0,0,0,10,0
2164,35250970,70,30,10,10,0,0,10
2166,35250971,55,40,0,0,0,0,0
2168,35250972,50,60,0,0,0,10,0
2170,35250973,45,30,0,0,0,0,0
2172,35250974,45,50,10,10,0,0,0
2174,35250975,55,35,10,10,0,10,0
2176,35250976,40,40,0,0,0,0,0
2178,35250978,260,300,20,20,10,35,0
2180,35250980,35,45,10,10,0,0,0
2182,35250981,265,185,20,20,0,40,10
2184,35250982,30,60,0,0,0,10,0
2186,35250983,50,75,0,0,0,0,0
2188,35250985,130,120,10,10,10,20,0
2190,35250986,140,140,25,25,10,35,15
2192,35250987,70,100,0,0,0,15,0
2194,35250988,85,115,20,20,0,20,10
2196,35250989,100,155,10,10,0,30,0
2198,35250990,60,80,0,0,0,10,0
2200,35250991,85,65,0,0,10,10,0
2202,35250992,50,45,10,10,0,10,0
2204,35250993,30,10,0,0,0,0,0
2206,35250994,75,120,0,0,15,60,0
2208,35250995,310,215,25,25,0,15,0
2210,35250996,100,135,15,15,0,35,10
2212,35250997,185,145,0,0,0,15,0
2214,35250998,55,35,0,0,0,20,10
2216,35250999,110,105,10,10,15,50,10
2218,35251000,25,40,10,10,0,0,0
2220,35251001,30,65,10,10,0,10,0
2222,35251002,60,65,20,20,0,30,0
2224,35251003,35,30,0,0,0,10,0
2226,35251004,80,55,10,10,0,10,0
2228,35251005,90,70,15,15,10,45,0
2230,35251006,75,95,10,10,0,30,10
2232,35251007,55,100,0,0,0,30,10
2234,35251008,55,65,0,0,0,15,10
2236,35251009,110,80,20,20,10,20,0
2238,35251010,30,55,10,10,10,15,10
2240,35251011,55,80,0,0,10,10,0
2242,35251012,70,65,0,0,0,0,0
2244,35251013,80,105,15,15,0,25,0
2246,35251014,35,35,0,0,0,15,0
2248,35251015,110,55,10,10,0,10,0
2250,35251016,65,65,0,0,0,0,0
2252,35251017,60,55,0,0,0,10,0
2254,35251018,90,85,0,0,0,0,0
2256,35251019,65,25,0,0,0,15,10
2258,35251020,100,90,10,10,0,10,0
2260,35251021,60,115,0,0,0,10,10
2262,35251022,180,170,15,15,0,75,0
2264,35251023,70,90,10,10,10,25,0
2266,35251024,80,110,0,0,0,35,0
2268,35251025,80,70,0,0,0,0,0
2270,35251026,75,95,0,0,0,0,0
2272,35260307,70,105,15,15,0,30,0
2274,35260309,150,205,0,0,0,25,0
2276,35260310,65,55,0,0,0,0,0
2278,35260311,125,115,0,0,10,30,0
2280,35260313,60,80,15,15,0,0,0
2282,35260314,95,45,0,0,0,10,0
2284,35260315,70,35,0,0,0,0,0
2286,35260316,55,60,0,0,0,0,0
2288,35260317,80,65,0,0,0,0,0
2290,35260318,85,65,0,0,0,0,0
2292,35260319,60,55,0,0,0,0,0
2294,35260320,75,70,0,0,0,0,0
2296,35260321,120,45,0,0,0,0,0
2298,35260322,60,75,0,0,0,10,0
2300,35260323,75,40,10,10,0,10,0
2302,35260324,90,65,10,10,10,20,0
2304,35260325,55,55,0,0,0,10,0
2306,35260326,65,90,10,10,10,10,0
2308,35260327,40,10,10,10,0,25,0
2310,35260328,35,35,0,0,0,20,10
2312,35260330,60,80,0,0,0,0,0
2314,35260332,55,55,0,0,0,15,0
2316,35260333,110,75,0,0,0,10,0
2318,35260334,60,50,10,10,0,10,10
2320,35260335,125,175,15,15,0,50,0
2322,35260336,155,180,20,20,10,25,0
2324,35260337,50,60,0,0,0,0,0
2326,35260338,190,195,15,15,10,60,10
2328,35260339,85,65,0,0,0,0,0
2330,35260340,115,105,10,10,0,30,0
2332,35260341,75,60,0,0,0,10,0
2334,35260342,55,85,0,0,0,10,0
2336,35260734,160,165,15,15,0,20,10
2338,35260828,90,40,0,0,0,15,0
2340,35260829,80,45,0,0,0,10,0
2342,35260830,120,110,0,0,10,20,0
2344,35260831,75,40,10,10,0,0,0
2346,35260832,60,95,10,10,0,25,10
2348,35260833,65,70,0,0,0,30,0
