,geo_code,owner,renter,band housing
0,35240317,360,30,0
1,35240318,215,60,0
2,35240319,135,0,0
3,35240320,320,35,0
4,35240321,240,10,0
5,35240322,140,0,0
6,35240323,160,0,0
7,35240324,255,35,0
8,35240325,175,10,0
9,35240326,175,0,0
10,35240327,165,15,0
11,35240328,140,65,0
12,35240329,205,15,0
13,35240330,165,65,0
14,35240331,270,110,0
15,35240332,145,50,0
16,35240333,125,30,0
17,35240334,170,10,0
18,35240335,125,30,0
19,35240336,130,35,0
20,35240337,140,20,0
21,35240338,155,170,0
22,35240339,485,195,0
23,35240340,145,0,0
24,35240341,290,15,0
25,35240342,290,35,0
26,35240343,125,0,0
27,35240344,135,0,0
28,35240345,200,10,0
29,35240346,175,10,0
30,35240347,140,10,0
31,35240348,145,0,0
32,35240349,190,10,0
33,35240350,250,10,0
34,35240351,175,40,0
35,35240352,110,0,0
36,35240353,110,120,0
37,35240354,100,0,0
38,35240355,105,15,0
39,35240356,145,0,0
40,35240357,125,0,0
41,35240358,225,0,0
42,35240359,140,0,0
43,35240363,185,10,0
44,35240364,135,10,0
45,35240365,110,0,0
46,35240366,195,10,0
47,35240367,190,10,0
48,35240368,205,0,0
49,35240369,245,10,0
50,35240370,205,20,0
51,35240371,155,0,0
52,35240372,165,0,0
53,35240373,135,10,0
54,35240374,155,0,0
55,35240375,195,10,0
56,35240376,165,0,0
57,35240377,130,0,0
58,35240378,105,70,0
59,35240379,95,10,0
60,35240380,115,10,0
61,35240381,455,60,0
62,35240382,140,10,0
63,35240383,160,0,0
64,35240384,215,10,0
65,35240385,150,0,0
66,35240386,75,0,0
67,35240387,205,0,0
68,35240388,315,20,0
69,35240391,165,15,0
70,35240392,195,135,0
71,35240393,220,10,0
72,35240394,165,10,0
73,35240395,180,50,0
74,35240396,130,10,0
75,35240397,440,1005,0
76,35240398,135,230,0
77,35240399,185,10,0
78,35240400,445,120,0
79,35240401,330,35,0
80,35240402,140,20,0
81,35240403,100,15,0
82,35240404,245,10,0
83,35240405,235,90,0
84,35240406,115,10,0
85,35240409,0,185,0
86,35240410,45,65,0
87,35240411,220,10,0
88,35240412,115,25,0
89,35240413,130,45,0
90,35240414,180,10,0
91,35240417,40,305,0
92,35240420,170,60,0
93,35240421,50,150,0
94,35240422,105,245,0
95,35240423,10,330,0
96,35240425,125,70,0
97,35240427,250,420,0
98,35240428,95,215,0
99,35240429,0,250,0
100,35240431,135,10,0
101,35240432,155,70,0
102,35240433,205,30,0
103,35240436,95,35,0
104,35240437,180,115,0
105,35240438,190,30,0
106,35240439,180,25,0
107,35240440,95,140,0
108,35240441,210,120,0
109,35240442,180,15,0
110,35240443,220,35,0
111,35240444,120,100,0
112,35240445,90,235,0
113,35240446,200,160,0
114,35240447,15,335,0
115,35240448,195,30,0
116,35240449,100,15,0
117,35240450,115,150,0
118,35240451,160,90,0
119,35240452,95,35,0
120,35240453,150,40,0
121,35240455,45,405,0
122,35240459,150,0,0
123,35240460,165,0,0
124,35240461,145,10,0
125,35240462,175,20,0
126,35240463,225,20,0
127,35240464,115,20,0
128,35240465,85,380,0
129,35240466,160,170,0
130,35240467,205,70,0
131,35240468,170,0,0
132,35240469,85,175,0
133,35240470,185,20,0
134,35240471,160,10,0
135,35240472,235,10,0
136,35240473,180,0,0
137,35240474,220,0,0
138,35240475,215,10,0
139,35240476,185,10,0
140,35240477,210,15,0
141,35240478,110,15,0
142,35240479,85,110,0
143,35240480,90,265,0
144,35240481,165,10,0
145,35240482,280,20,0
146,35240483,195,35,0
147,35240484,395,70,0
148,35240485,130,10,0
149,35240486,220,10,0
150,35240487,95,0,0
151,35240488,410,70,0
152,35240489,180,10,0
153,35240490,105,0,0
154,35240491,200,0,0
155,35240492,205,25,0
156,35240493,375,70,0
157,35240494,165,0,0
158,35240495,130,170,0
159,35240496,165,0,0
160,35240497,150,0,0
161,35240498,140,0,0
162,35240499,110,0,0
163,35240501,95,0,0
164,35240503,160,15,0
165,35240504,155,10,0
166,35240505,150,65,0
167,35240506,165,0,0
168,35240507,185,15,0
169,35240508,225,35,0
170,35240509,205,50,0
171,35240512,45,135,0
172,35240513,150,50,0
173,35240516,225,15,0
174,35240517,175,0,0
175,35240518,255,0,0
176,35240519,150,0,0
177,35240520,250,20,0
178,35240521,220,10,0
179,35240522,160,0,0
180,35240523,150,10,0
181,35240524,175,15,0
182,35240525,195,0,0
183,35240526,105,0,0
184,35240528,120,20,0
185,35240529,155,10,0
186,35240530,140,10,0
187,35240531,140,10,0
188,35240532,485,60,0
189,35240533,110,0,0
190,35240534,60,95,0
191,35240535,150,15,0
192,35240536,155,185,0
193,35240537,155,100,0
194,35240538,180,210,0
195,35240539,320,80,0
196,35240540,160,0,0
197,35240541,140,0,0
198,35240542,230,15,0
199,35240543,195,15,0
200,35240544,130,55,0
201,35240545,325,10,0
202,35240546,60,260,0
203,35240590,150,440,0
204,35240591,170,355,0
205,35240592,195,705,0
206,35240593,425,60,0
207,35240594,85,205,0
208,35240595,370,160,0
209,35240596,375,450,0
210,35240598,530,765,0
211,35240641,165,10,0
212,35240642,160,10,0
213,35240643,200,25,0
214,35240644,170,10,0
215,35240645,135,20,0
216,35240647,215,15,0
217,35240648,305,35,0
218,35240649,210,15,0
219,35240650,245,10,0
220,35240651,190,0,0
221,35240654,170,0,0
222,35240655,480,0,0
223,35240656,120,0,0
224,35240659,235,155,0
225,35240660,225,15,0
226,35240661,160,0,0
227,35240662,835,105,0
228,35240663,165,10,0
229,35240664,215,10,0
230,35240665,165,0,0
231,35240666,370,95,0
232,35240667,210,0,0
233,35240668,160,10,0
234,35240669,315,10,0
235,35240670,205,10,0
236,35240671,195,20,0
237,35240672,250,0,0
238,35240673,135,10,0
239,35240674,230,10,0
240,35240675,350,10,0
241,35240676,300,80,0
242,35240677,135,10,0
243,35240678,550,140,0
244,35240679,230,30,0
245,35240680,370,175,0
246,35240681,155,85,0
247,35240682,250,20,0
248,35240683,235,10,0
249,35240684,350,65,0
250,35240685,355,60,0
251,35240686,330,0,0
252,35240756,190,15,0
253,35240757,180,10,0
254,35240758,330,15,0
255,35240759,220,0,0
256,35240780,350,25,0
257,35240782,260,10,0
258,35240783,125,0,0
259,35240785,260,20,0
260,35240807,185,245,0
261,35240808,380,185,0
262,35240809,25,10,0
263,35240898,920,45,0
264,35240903,x,x,x
265,35240904,470,95,0
266,35250030,150,10,0
267,35250031,140,25,0
268,35250032,205,30,0
269,35250033,205,0,0
270,35250034,235,50,0
271,35250035,125,45,0
272,35250036,180,55,0
273,35250037,115,135,0
274,35250038,170,245,0
275,35250039,65,245,0
276,35250040,85,135,0
277,35250041,80,160,0
278,35250042,65,35,0
279,35250043,245,25,0
280,35250044,150,0,0
281,35250045,45,200,0
282,35250046,175,25,0
283,35250047,205,50,0
284,35250048,110,0,0
285,35250049,150,0,0
286,35250050,160,0,0
287,35250051,530,10,0
288,35250052,125,0,0
289,35250053,255,10,0
290,35250054,135,0,0
291,35250055,280,20,0
292,35250056,70,0,0
293,35250059,375,15,0
294,35250060,235,30,0
295,35250061,145,10,0
296,35250062,165,50,0
297,35250064,285,20,0
298,35250065,165,10,0
299,35250066,145,10,0
300,35250067,185,15,0
301,35250070,185,0,0
302,35250073,150,10,0
303,35250074,105,0,0
304,35250075,140,10,0
305,35250077,130,70,0
306,35250078,130,0,0
307,35250079,105,0,0
308,35250080,145,70,0
309,35250081,235,155,0
310,35250082,75,10,0
311,35250083,100,120,0
312,35250084,110,0,0
313,35250085,100,10,0
314,35250086,150,10,0
315,35250087,165,20,0
316,35250088,150,10,0
317,35250089,0,295,0
318,35250093,155,50,0
319,35250094,65,65,0
320,35250095,150,20,0
321,35250096,165,30,0
322,35250097,120,0,0
323,35250098,75,0,0
324,35250099,215,90,0
325,35250100,175,10,0
326,35250101,155,10,0
327,35250102,100,10,0
328,35250105,235,10,0
329,35250106,175,10,0
330,35250107,195,0,0
331,35250108,185,15,0
332,35250109,225,40,0
333,35250110,205,10,0
334,35250111,145,180,0
335,35250112,155,10,0
336,35250113,90,30,0
337,35250114,125,10,0
338,35250115,225,345,0
339,35250116,215,30,0
340,35250117,80,0,0
341,35250118,100,25,0
342,35250119,155,15,0
343,35250120,130,15,0
344,35250121,155,35,0
345,35250122,105,15,0
346,35250123,120,0,0
347,35250124,110,55,0
348,35250125,115,0,0
349,35250126,90,135,0
350,35250127,425,60,0
351,35250128,125,15,0
352,35250129,115,0,0
353,35250130,115,0,0
354,35250133,100,135,0
355,35250134,225,30,0
356,35250135,520,30,0
357,35250136,110,0,0
358,35250137,130,10,0
359,35250144,490,25,0
360,35250145,140,0,0
361,35250146,280,0,0
362,35250147,145,15,0
363,35250148,165,15,0
364,35250149,180,0,0
365,35250150,210,20,0
366,35250151,155,10,0
367,35250152,505,45,0
368,35250153,210,0,0
369,35250156,125,0,0
370,35250158,155,10,0
371,35250159,145,0,0
372,35250160,125,10,0
373,35250161,225,0,0
374,35250162,145,10,0
375,35250163,160,45,0
376,35250164,170,85,0
377,35250172,155,15,0
378,35250173,345,55,0
379,35250175,330,160,0
380,35250176,215,10,0
381,35250177,190,60,0
382,35250178,165,15,0
383,35250179,190,10,0
384,35250180,460,60,0
385,35250181,105,20,0
386,35250183,80,0,0
387,35250184,115,0,0
388,35250185,70,50,0
389,35250186,105,10,0
390,35250188,255,25,0
391,35250189,185,0,0
392,35250190,125,10,0
393,35250191,255,20,0
394,35250192,465,20,0
395,35250193,120,0,0
396,35250194,145,0,0
397,35250196,170,10,0
398,35250197,170,0,0
399,35250199,685,370,0
400,35250200,145,95,0
401,35250201,90,0,0
402,35250202,115,325,0
403,35250203,100,315,0
404,35250204,165,210,0
405,35250205,75,10,0
406,35250206,230,10,0
407,35250207,110,0,0
408,35250208,140,15,0
409,35250209,140,0,0
410,35250210,155,20,0
411,35250211,175,30,0
412,35250212,85,145,0
413,35250213,155,15,0
414,35250216,130,15,0
415,35250217,80,145,0
416,35250218,165,35,0
417,35250221,10,315,0
418,35250222,185,20,0
419,35250223,185,0,0
420,35250224,95,90,0
421,35250225,135,10,0
422,35250226,160,165,0
423,35250227,70,210,0
424,35250230,140,65,0
425,35250231,235,20,0
426,35250232,30,275,0
427,35250233,165,40,0
428,35250234,65,55,0
429,35250238,40,290,0
430,35250239,65,70,0
431,35250240,0,250,0
432,35250241,80,10,0
433,35250242,x,x,x
434,35250243,245,245,0
435,35250248,275,20,0
436,35250249,135,175,0
437,35250250,170,20,0
438,35250251,35,155,0
439,35250254,130,195,0
440,35250255,95,155,0
441,35250256,230,55,0
442,35250257,55,325,0
443,35250258,195,235,0
444,35250259,175,30,0
445,35250260,90,245,0
446,35250261,30,240,0
447,35250262,295,10,0
448,35250263,290,10,0
449,35250264,120,0,0
450,35250265,160,0,0
451,35250266,115,25,0
452,35250267,185,20,0
453,35250269,75,10,0
454,35250270,120,0,0
455,35250271,135,0,0
456,35250272,100,120,0
457,35250273,130,0,0
458,35250274,220,165,0
459,35250275,140,30,0
460,35250276,190,45,0
461,35250277,140,30,0
462,35250278,150,10,0
463,35250279,225,15,0
464,35250280,130,10,0
465,35250281,95,100,0
466,35250282,190,0,0
467,35250283,210,20,0
468,35250284,135,10,0
469,35250285,265,35,0
470,35250286,125,0,0
471,35250287,230,10,0
472,35250288,130,25,0
473,35250289,195,15,0
474,35250290,190,20,0
475,35250291,310,30,0
476,35250293,375,25,0
477,35250294,130,10,0
478,35250295,125,0,0
479,35250296,175,0,0
480,35250297,195,20,0
481,35250298,160,0,0
482,35250299,195,0,0
483,35250300,275,10,0
484,35250302,165,0,0
485,35250303,185,0,0
486,35250304,185,20,0
487,35250305,180,25,0
488,35250306,115,20,0
489,35250307,130,50,0
490,35250308,280,45,0
491,35250309,95,0,0
492,35250310,120,0,0
493,35250311,185,20,0
494,35250312,105,20,0
495,35250313,265,45,0
496,35250315,380,65,0
497,35250316,255,35,0
498,35250317,180,35,0
499,35250318,35,10,0
500,35250319,10,180,0
501,35250320,165,25,0
502,35250321,135,10,0
503,35250322,135,30,0
504,35250323,160,55,0
505,35250324,65,235,0
506,35250326,105,35,0
507,35250327,115,135,0
508,35250328,130,30,0
509,35250329,155,45,0
510,35250330,85,60,0
511,35250331,105,60,0
512,35250332,190,20,0
513,35250333,230,20,0
514,35250334,190,90,0
515,35250335,140,40,0
516,35250336,165,15,0
517,35250337,165,260,0
518,35250338,35,385,0
519,35250339,195,30,0
520,35250340,100,20,0
521,35250341,105,220,0
522,35250342,115,65,0
523,35250343,200,10,0
524,35250344,165,40,0
525,35250345,145,15,0
526,35250346,175,10,0
527,35250347,160,20,0
528,35250348,175,10,0
529,35250349,145,30,0
530,35250350,90,235,0
531,35250351,20,210,0
532,35250352,160,100,0
533,35250353,30,280,0
534,35250354,215,0,0
535,35250355,230,10,0
536,35250356,205,35,0
537,35250357,205,10,0
538,35250358,210,50,0
539,35250359,145,60,0
540,35250360,175,20,0
541,35250361,190,20,0
542,35250362,190,30,0
543,35250363,120,80,0
544,35250364,25,100,0
545,35250365,155,445,0
546,35250366,80,330,0
547,35250367,145,75,0
548,35250368,130,130,0
549,35250369,190,20,0
550,35250370,130,40,0
551,35250371,185,35,0
552,35250372,170,25,0
553,35250373,155,10,0
554,35250374,170,20,0
555,35250375,205,25,0
556,35250376,190,20,0
557,35250377,200,40,0
558,35250378,210,15,0
559,35250379,95,70,0
560,35250380,175,15,0
561,35250381,175,20,0
562,35250382,195,15,0
563,35250383,20,335,0
564,35250384,105,60,0
565,35250385,150,35,0
566,35250387,145,10,0
567,35250388,175,25,0
568,35250389,105,65,0
569,35250390,105,150,0
570,35250391,85,220,0
571,35250392,140,130,0
572,35250393,60,220,0
573,35250394,0,400,0
574,35250395,100,335,0
575,35250396,10,365,0
576,35250397,10,345,0
577,35250398,0,240,0
578,35250399,10,700,0
579,35250400,140,295,0
580,35250401,20,370,0
581,35250402,120,135,0
582,35250403,95,320,0
583,35250404,120,75,0
584,35250405,125,90,0
585,35250406,70,300,0
586,35250407,65,195,0
587,35250408,105,135,0
588,35250409,80,150,0
589,35250410,150,50,0
590,35250411,170,50,0
591,35250412,65,315,0
592,35250413,165,65,0
593,35250416,135,95,0
594,35250417,25,225,0
595,35250418,35,265,0
596,35250419,25,305,0
597,35250420,240,320,0
598,35250421,0,425,0
599,35250422,10,585,0
600,35250423,105,335,0
601,35250424,35,385,0
602,35250425,125,415,0
603,35250426,165,95,0
604,35250427,30,150,0
605,35250428,20,240,0
606,35250429,20,180,0
607,35250430,105,160,0
608,35250431,70,270,0
609,35250434,85,690,0
610,35250435,45,205,0
611,35250436,65,260,0
612,35250437,50,235,0
613,35250438,50,165,0
614,35250439,10,285,0
615,35250440,200,240,0
616,35250441,35,300,0
617,35250442,165,140,0
618,35250443,170,35,0
619,35250444,105,220,0
620,35250445,135,25,0
621,35250446,115,130,0
622,35250447,55,100,0
623,35250448,95,280,0
624,35250449,55,155,0
625,35250450,115,80,0
626,35250451,65,75,0
627,35250452,100,65,0
628,35250453,50,140,0
629,35250454,80,290,0
630,35250455,35,235,0
631,35250456,35,310,0
632,35250457,x,x,x
633,35250458,15,220,0
634,35250459,70,285,0
635,35250460,80,60,0
636,35250461,60,100,0
637,35250462,90,70,0
638,35250463,55,145,0
639,35250464,75,70,0
640,35250465,10,260,0
641,35250466,55,100,0
642,35250467,30,485,0
643,35250468,65,175,0
644,35250471,55,80,0
645,35250472,75,160,0
646,35250473,85,75,0
647,35250474,80,230,0
648,35250475,80,145,0
649,35250476,95,60,0
650,35250477,95,110,0
651,35250478,100,75,0
652,35250479,145,95,0
653,35250480,85,135,0
654,35250481,100,50,0
655,35250482,100,50,0
656,35250483,75,75,0
657,35250484,80,75,0
658,35250485,125,65,0
659,35250486,55,245,0
660,35250487,125,30,0
661,35250488,100,60,0
662,35250489,115,15,0
663,35250490,120,30,0
664,35250491,20,80,0
665,35250492,100,55,0
666,35250493,75,95,0
667,35250494,65,125,0
668,35250495,110,90,0
669,35250496,65,85,0
670,35250497,145,130,0
671,35250498,145,115,0
672,35250499,140,115,0
673,35250501,175,40,0
674,35250502,155,45,0
675,35250503,100,140,0
676,35250504,0,305,0
677,35250506,135,65,0
678,35250507,110,120,0
679,35250508,175,25,0
680,35250509,180,55,0
681,35250510,145,60,0
682,35250511,170,145,0
683,35250512,150,80,0
684,35250513,175,85,0
685,35250514,330,40,0
686,35250515,125,20,0
687,35250516,270,15,0
688,35250517,110,30,0
689,35250518,125,0,0
690,35250519,215,30,0
691,35250520,210,50,0
692,35250521,180,30,0
693,35250522,85,10,0
694,35250523,160,15,0
695,35250524,65,75,0
696,35250525,120,35,0
697,35250526,175,365,0
698,35250527,160,10,0
699,35250528,170,10,0
700,35250529,110,60,0
701,35250530,110,70,0
702,35250531,170,0,0
703,35250532,145,10,0
704,35250533,35,345,0
705,35250534,115,120,0
706,35250535,140,50,0
707,35250536,120,95,0
708,35250537,160,120,0
709,35250538,210,20,0
710,35250539,225,25,0
711,35250540,230,20,0
712,35250541,170,25,0
713,35250542,155,70,0
714,35250545,110,30,0
715,35250546,15,240,0
716,35250547,150,20,0
717,35250548,65,235,0
718,35250549,115,110,0
719,35250550,155,30,0
720,35250551,150,50,0
721,35250552,105,45,0
722,35250553,130,70,0
723,35250554,170,25,0
724,35250555,165,0,0
725,35250556,175,45,0
726,35250557,110,175,0
727,35250558,165,20,0
728,35250559,195,0,0
729,35250560,110,230,0
730,35250561,170,0,0
731,35250562,145,65,0
732,35250563,85,180,0
733,35250564,215,15,0
734,35250565,255,20,0
735,35250566,145,20,0
736,35250567,120,130,0
737,35250568,140,185,0
738,35250569,165,10,0
739,35250570,175,10,0
740,35250571,35,235,0
741,35250572,175,40,0
742,35250573,345,45,0
743,35250574,130,10,0
744,35250578,130,100,0
745,35250579,135,10,0
746,35250580,30,70,0
747,35250581,235,30,0
748,35250582,165,70,0
749,35250583,170,20,0
750,35250585,135,45,0
751,35250586,395,25,0
752,35250587,100,10,0
753,35250588,140,0,0
754,35250589,210,15,0
755,35250590,145,0,0
756,35250591,215,0,0
757,35250592,165,30,0
758,35250593,70,60,0
759,35250594,180,10,0
760,35250595,130,25,0
761,35250596,200,10,0
762,35250597,115,25,0
763,35250598,145,15,0
764,35250599,45,245,0
765,35250600,95,55,0
766,35250601,105,290,0
767,35250602,55,210,0
768,35250603,220,30,0
769,35250604,190,30,0
770,35250605,100,55,0
771,35250606,190,20,0
772,35250607,155,25,0
773,35250608,15,120,0
774,35250609,165,15,0
775,35250610,165,10,0
776,35250611,115,45,0
777,35250612,100,130,0
778,35250613,200,180,0
779,35250614,100,0,0
780,35250615,130,10,0
781,35250616,65,15,0
782,35250617,90,90,0
783,35250618,85,0,0
784,35250619,150,20,0
785,35250620,115,10,0
786,35250621,195,100,0
787,35250622,50,105,0
788,35250623,115,25,0
789,35250624,140,105,0
790,35250625,115,45,0
791,35250626,190,25,0
792,35250627,160,15,0
793,35250628,85,165,0
794,35250629,180,245,0
795,35250630,145,10,0
796,35250631,165,20,0
797,35250632,40,270,0
798,35250633,90,0,0
799,35250634,135,140,0
800,35250635,80,55,0
801,35250636,305,10,0
802,35250637,340,120,0
803,35250638,75,20,0
804,35250639,140,60,0
805,35250640,110,80,0
806,35250641,140,10,0
807,35250642,100,85,0
808,35250643,150,0,0
809,35250644,95,0,0
810,35250645,190,0,0
811,35250646,225,30,0
812,35250647,260,25,0
813,35250648,195,115,0
814,35250649,140,70,0
815,35250650,110,60,0
816,35250651,100,0,0
817,35250652,200,0,0
818,35250655,505,20,0
819,35250656,115,60,0
820,35250657,200,15,0
821,35250658,100,0,0
822,35250659,120,70,0
823,35250661,365,40,0
824,35250662,515,30,0
825,35250663,200,35,0
826,35250664,160,10,0
827,35250665,170,0,0
828,35250666,170,0,0
829,35250667,65,30,0
830,35250668,75,105,0
831,35250669,70,60,0
832,35250670,80,25,0
833,35250671,110,30,0
834,35250672,80,80,0
835,35250675,90,105,0
836,35250676,90,50,0
837,35250677,160,10,0
838,35250678,165,10,0
839,35250679,115,100,0
840,35250680,95,85,0
841,35250681,240,65,0
842,35250692,135,40,0
843,35250693,85,75,0
844,35250694,80,85,0
845,35250695,40,110,0
846,35250696,65,85,0
847,35250700,80,120,0
848,35250701,170,25,0
849,35250702,145,55,0
850,35250703,125,80,0
851,35250704,145,95,0
852,35250705,160,50,0
853,35250706,145,55,0
854,35250707,115,50,0
855,35250708,195,95,0
856,35250709,145,55,0
857,35250710,125,70,0
858,35250711,105,50,0
859,35250712,130,35,0
860,35250713,85,65,0
861,35250714,110,100,0
862,35250715,95,120,0
863,35250716,110,150,0
864,35250717,120,125,0
865,35250718,80,120,0
866,35250719,75,120,0
867,35250720,130,135,0
868,35250721,90,135,0
869,35250724,120,95,0
870,35250725,120,40,0
871,35250726,135,120,0
872,35250727,70,30,0
873,35250728,140,65,0
874,35250729,95,125,0
875,35250730,85,280,0
876,35250731,55,255,0
877,35250732,140,20,0
878,35250733,205,25,0
879,35250734,120,145,0
880,35250735,160,25,0
881,35250736,205,10,0
882,35250737,180,15,0
883,35250738,165,35,0
884,35250739,155,75,0
885,35250740,195,45,0
886,35250741,225,10,0
887,35250742,195,35,0
888,35250743,170,20,0
889,35250744,250,60,0
890,35250745,150,30,0
891,35250746,160,10,0
892,35250747,95,60,0
893,35250748,160,25,0
894,35250749,145,30,0
895,35250750,170,55,0
896,35250753,170,20,0
897,35250754,150,25,0
898,35250755,135,45,0
899,35250756,180,25,0
900,35250757,190,40,0
901,35250758,145,25,0
902,35250759,165,35,0
903,35250760,130,65,0
904,35250761,155,60,0
905,35250762,140,125,0
906,35250763,200,30,0
907,35250764,150,45,0
908,35250765,155,60,0
909,35250766,165,65,0
910,35250767,125,50,0
911,35250768,145,40,0
912,35250769,175,40,0
913,35250770,50,210,0
914,35250771,140,80,0
915,35250772,95,95,0
916,35250773,140,90,0
917,35250774,160,35,0
918,35250775,120,95,0
919,35250776,140,45,0
920,35250777,160,70,0
921,35250778,170,20,0
922,35250779,135,30,0
923,35250780,140,45,0
924,35250781,150,55,0
925,35250782,130,55,0
926,35250783,140,95,0
927,35250784,165,35,0
928,35250785,175,40,0
929,35250786,180,20,0
930,35250787,250,80,0
931,35250788,175,55,0
932,35250789,200,25,0
933,35250790,210,20,0
934,35250791,155,30,0
935,35250792,125,80,0
936,35250793,175,0,0
937,35250798,50,75,0
938,35250799,70,90,0
939,35250800,150,50,0
940,35250801,250,205,0
941,35250802,135,65,0
942,35250803,145,35,0
943,35250804,835,70,0
944,35250805,350,70,0
945,35250806,115,20,0
946,35250807,335,25,0
947,35250810,320,20,0
948,35250812,130,30,0
949,35250813,190,10,0
950,35250814,160,0,0
951,35250815,535,35,0
952,35250826,280,55,0
953,35250827,120,10,0
954,35250828,100,25,0
955,35250829,155,100,0
956,35250830,165,80,0
957,35250831,360,250,0
958,35250832,0,175,0
959,35250833,120,10,0
960,35250834,155,0,0
961,35250835,145,30,0
962,35250836,140,35,0
963,35250843,275,95,0
964,35250845,80,890,0
965,35250846,35,650,0
966,35250847,20,250,0
967,35250848,200,220,0
968,35250849,400,10,0
969,35250850,180,325,0
970,35250851,90,975,0
971,35250852,145,725,0
972,35250853,55,415,0
973,35250854,0,520,0
974,35250855,40,425,0
975,35250857,185,25,0
976,35250859,175,115,0
977,35250860,445,155,0
978,35250861,135,10,0
979,35250862,195,10,0
980,35250863,120,0,0
981,35250864,145,65,0
982,35250865,195,20,0
983,35250866,165,20,0
984,35250867,170,0,0
985,35250868,115,10,0
986,35250869,175,10,0
987,35250870,250,30,0
988,35250871,175,10,0
989,35250872,220,15,0
990,35250873,235,10,0
991,35250874,215,15,0
992,35250875,215,30,0
993,35250876,120,15,0
994,35250877,160,10,0
995,35250878,165,15,0
996,35250879,175,115,0
997,35250880,110,125,0
998,35250881,80,220,0
999,35250882,275,60,0
1000,35250883,190,10,0
1001,35250884,175,10,0
1002,35250885,170,0,0
1003,35250886,155,15,0
1004,35250887,210,20,0
1005,35250888,170,10,0
1006,35250889,175,10,0
1007,35250890,140,0,0
1008,35250891,140,0,0
1009,35250892,830,115,0
1010,35250893,175,10,0
1011,35250894,160,15,0
1012,35250895,195,15,0
1013,35250896,145,15,0
1014,35250897,200,0,0
1015,35250898,125,30,0
1016,35250899,135,25,0
1017,35250900,125,10,0
1018,35250901,180,15,0
1019,35250902,170,10,0
1020,35250903,215,20,0
1021,35250904,195,10,0
1022,35250905,200,15,0
1023,35250906,165,10,0
1024,35250907,115,25,0
1025,35250908,155,20,0
1026,35250909,510,40,0
1027,35250910,425,0,0
1028,35250911,185,0,0
1029,35250912,195,10,0
1030,35250913,240,20,0
1031,35250914,175,20,0
1032,35250918,1080,25,0
1033,35250919,205,10,0
1034,35250920,410,15,0
1035,35250921,250,40,0
1036,35250922,210,25,0
1037,35250923,135,30,0
1038,35250924,135,20,0
1039,35250925,190,15,0
1040,35250928,155,10,0
1041,35250929,210,20,0
1042,35250930,195,20,0
1043,35250931,205,10,0
1044,35250932,230,10,0
1045,35250933,155,10,0
1046,35250934,135,20,0
1047,35250935,525,10,0
1048,35250936,145,15,0
1049,35250937,355,15,0
1050,35250938,260,10,0
1051,35250939,210,10,0
1052,35250940,165,0,0
1053,35250941,245,30,0
1054,35250942,145,30,0
1055,35250943,320,15,0
1056,35250944,160,10,0
1057,35250945,205,20,0
1058,35250946,210,10,0
1059,35250947,175,65,0
1060,35250948,345,65,0
1061,35250949,165,0,0
1062,35250950,145,10,0
1063,35250951,175,0,0
1064,35250952,700,40,0
1065,35250953,50,95,0
1066,35250954,95,75,0
1067,35250955,0,135,0
1068,35250956,35,465,0
1069,35250957,85,155,0
1070,35250958,75,150,0
1071,35250959,60,150,0
1072,35250960,70,115,0
1073,35250961,80,100,0
1074,35250962,85,210,0
1075,35250963,320,1240,0
1076,35250964,205,90,0
1077,35250965,95,90,0
1078,35250966,x,x,x
1079,35250967,180,0,0
1080,35250968,90,70,0
1081,35250969,125,65,0
1082,35250970,30,205,0
1083,35250971,155,15,0
1084,35250972,140,20,0
1085,35250973,135,30,0
1086,35250974,115,10,0
1087,35250975,145,10,0
1088,35250976,110,10,0
1089,35250978,705,30,0
1090,35250980,110,15,0
1091,35250981,650,20,0
1092,35250982,110,120,0
1093,35250983,145,10,0
1094,35250985,345,10,0
1095,35250986,410,15,0
1096,35250987,215,75,0
1097,35250988,285,55,0
1098,35250989,325,35,0
1099,35250990,95,135,0
1100,35250991,205,40,0
1101,35250992,135,10,0
1102,35250993,65,0,0
1103,35250994,350,30,0
1104,35250995,135,730,0
1105,35250996,410,10,0
1106,35250997,550,15,0
1107,35250998,220,10,0
1108,35250999,335,15,0
1109,35251000,100,0,0
1110,35251001,165,0,0
1111,35251002,185,0,0
1112,35251003,125,25,0
1113,35251004,180,15,0
1114,35251005,280,10,0
1115,35251006,305,0,0
1116,35251007,290,40,0
1117,35251008,155,0,0
1118,35251009,310,10,0
1119,35251010,195,0,0
1120,35251011,185,15,0
1121,35251012,165,0,0
1122,35251013,260,15,0
1123,35251014,105,10,0
1124,35251015,215,10,0
1125,35251016,155,10,0
1126,35251017,140,0,0
1127,35251018,150,105,0
1128,35251019,115,10,0
1129,35251020,260,45,0
1130,35251021,240,0,0
1131,35251022,560,25,0
1132,35251023,275,20,0
1133,35251024,340,30,0
1134,35251025,60,245,0
1135,35251026,210,30,0
1136,35260307,270,20,0
1137,35260309,460,30,0
1138,35260310,145,10,0
1139,35260311,350,30,0
1140,35260313,200,20,0
1141,35260314,185,10,0
1142,35260315,155,10,0
1143,35260316,170,65,0
1144,35260317,155,10,0
1145,35260318,175,10,0
1146,35260319,130,30,0
1147,35260320,155,0,0
1148,35260321,95,270,0
1149,35260322,135,90,0
1150,35260323,165,65,0
1151,35260324,205,90,0
1152,35260325,110,125,0
1153,35260326,190,10,0
1154,35260327,125,10,0
1155,35260328,130,0,0
1156,35260330,180,10,0
1157,35260332,150,20,0
1158,35260333,180,40,0
1159,35260334,140,20,0
1160,35260335,550,90,0
1161,35260336,510,40,0
1162,35260337,125,0,0
1163,35260338,580,125,0
1164,35260339,190,30,0
1165,35260340,380,25,0
1166,35260341,180,35,0
1167,35260342,155,25,0
1168,35260734,515,35,0
1169,35260828,195,25,0
1170,35260829,170,30,0
1171,35260830,320,15,0
1172,35260831,145,0,0
1173,35260832,295,0,0
1174,35260833,225,10,0
