geo_code,,between 5am and 5:59,between 6am and 6:59,between 7am and 7:59,between 8am and 8:59,between 9am and 11:59,between 12pm and 4:49 am
35240317,female,10,20,70,50,20,30
35240317,male,35,40,55,15,20,25
35240318,female,0,20,55,60,15,35
35240318,male,15,40,40,25,20,30
35240319,female,0,20,35,50,15,20
35240319,male,10,35,30,15,15,30
35240320,female,10,25,70,65,30,15
35240320,male,30,25,35,20,30,10
35240321,female,10,20,70,50,20,20
35240321,male,10,40,50,45,15,25
35240322,female,0,25,30,35,25,10
35240322,male,0,30,35,40,20,15
35240323,female,10,25,30,30,20,15
35240323,male,10,20,60,35,25,25
35240324,female,15,15,90,65,25,15
35240324,male,20,40,65,25,45,30
35240325,female,10,10,60,15,0,20
35240325,male,10,25,50,10,10,25
35240326,female,0,20,30,15,0,20
35240326,male,15,30,45,10,15,20
35240327,female,0,0,30,15,25,45
35240327,male,10,15,65,10,15,25
35240328,female,0,10,25,40,15,20
35240328,male,0,25,30,30,0,20
35240329,female,0,25,40,50,15,30
35240329,male,20,25,40,35,15,50
35240330,female,15,20,50,50,10,25
35240330,male,10,30,35,35,0,15
35240331,female,20,15,75,40,40,35
35240331,male,20,40,90,20,20,35
35240332,female,10,0,40,30,15,15
35240332,male,25,30,35,0,10,10
35240333,female,0,25,35,20,10,10
35240333,male,15,20,20,10,20,10
35240334,female,10,10,50,10,10,15
35240334,male,15,20,40,10,10,10
35240335,female,10,20,45,10,15,10
35240335,male,10,30,45,10,10,15
35240336,female,10,0,45,35,0,25
35240336,male,15,25,30,20,0,10
35240337,female,10,20,20,30,30,20
35240337,male,0,30,30,30,10,20
35240338,female,10,25,50,65,65,40
35240338,male,30,40,95,15,15,30
35240339,female,10,40,65,75,45,45
35240339,male,35,55,55,30,25,25
35240340,female,0,15,25,30,10,15
35240340,male,10,15,25,15,15,20
35240341,female,25,45,55,50,20,35
35240341,male,30,55,50,40,25,55
35240342,female,10,25,35,40,10,20
35240342,male,20,25,25,15,25,10
35240343,female,0,10,40,10,10,15
35240343,male,0,25,10,30,10,0
35240344,female,0,10,30,25,15,15
35240344,male,0,20,25,40,10,15
35240345,female,0,15,30,25,15,20
35240345,male,25,40,25,25,0,15
35240346,female,0,15,45,30,20,15
35240346,male,20,20,40,20,10,30
35240347,female,0,15,30,35,10,10
35240347,male,20,30,40,20,10,20
35240348,female,10,0,25,45,15,15
35240348,male,20,30,35,20,15,15
35240349,female,10,30,70,60,10,25
35240349,male,15,50,45,20,10,40
35240350,female,10,40,60,60,10,30
35240350,male,35,50,85,45,10,20
35240351,female,0,50,55,30,15,30
35240351,male,25,30,40,20,15,25
35240352,female,10,10,15,25,10,30
35240352,male,10,30,30,20,10,20
35240353,female,10,15,50,35,25,50
35240353,male,15,45,15,10,10,20
35240354,female,0,15,30,15,30,10
35240354,male,10,20,15,20,0,20
35240355,female,0,0,25,30,15,25
35240355,male,10,25,25,20,10,10
35240356,female,0,15,40,35,10,40
35240356,male,15,25,50,40,0,10
35240357,female,10,10,35,35,10,10
35240357,male,0,15,60,25,15,30
35240358,female,0,20,55,30,50,15
35240358,male,10,45,65,65,35,20
35240359,female,10,15,35,30,40,35
35240359,male,20,30,25,30,0,35
35240363,female,0,15,50,40,10,10
35240363,male,10,45,30,40,15,20
35240364,female,0,20,55,25,15,20
35240364,male,15,30,40,30,10,10
35240365,female,0,10,20,10,10,10
35240365,male,0,25,15,40,0,0
35240366,female,0,10,45,60,10,25
35240366,male,15,15,65,30,15,15
35240367,female,10,35,55,35,15,0
35240367,male,10,45,40,30,10,20
35240368,female,0,20,65,40,15,10
35240368,male,20,30,60,0,10,10
35240369,female,0,40,80,45,30,40
35240369,male,25,55,45,35,25,45
35240370,female,0,15,45,70,0,20
35240370,male,10,30,35,40,20,25
35240371,female,10,10,20,40,0,0
35240371,male,10,30,35,0,10,0
35240372,female,10,20,25,20,10,15
35240372,male,10,15,35,30,10,10
35240373,female,0,10,30,25,15,10
35240373,male,0,10,30,20,20,0
35240374,female,0,0,40,45,25,10
35240374,male,15,40,35,25,15,15
35240375,female,10,25,45,35,25,20
35240375,male,10,20,45,25,25,30
35240376,female,10,15,35,30,35,25
35240376,male,15,45,35,15,10,25
35240377,female,0,10,25,30,0,15
35240377,male,20,15,35,20,15,10
35240378,female,10,15,50,15,10,25
35240378,male,25,35,35,20,0,15
35240379,female,15,20,30,10,0,10
35240379,male,10,15,25,10,0,20
35240380,female,10,15,30,20,10,10
35240380,male,15,30,20,25,15,15
35240381,female,0,40,90,100,60,15
35240381,male,20,50,80,75,45,10
35240382,female,0,0,50,25,10,10
35240382,male,0,10,45,30,0,15
35240383,female,0,10,40,30,0,15
35240383,male,0,30,45,10,10,15
35240384,female,10,10,20,45,35,10
35240384,male,10,25,60,20,10,30
35240385,female,0,10,20,30,10,15
35240385,male,0,15,20,55,20,10
35240386,female,0,0,20,15,0,10
35240386,male,0,10,25,0,10,0
35240387,female,0,15,20,45,15,20
35240387,male,15,20,55,45,15,15
35240388,female,15,35,25,35,40,15
35240388,male,10,35,60,50,0,15
35240391,female,0,25,10,15,0,15
35240391,male,10,10,10,0,10,0
35240392,female,0,20,40,45,25,15
35240392,male,10,35,50,40,30,20
35240393,female,0,15,55,45,10,15
35240393,male,25,30,45,10,20,15
35240394,female,0,10,25,40,15,10
35240394,male,0,15,25,30,20,0
35240395,female,10,10,30,40,20,10
35240395,male,0,35,45,40,10,35
35240396,female,0,0,30,30,20,10
35240396,male,10,25,20,10,15,10
35240397,female,10,105,150,155,70,60
35240397,male,20,80,130,115,30,50
35240398,female,0,15,15,30,30,10
35240398,male,10,15,20,40,20,10
35240399,female,0,15,20,30,20,10
35240399,male,10,25,30,35,25,10
35240400,female,10,25,85,130,50,50
35240400,male,20,70,95,55,30,65
35240401,female,10,20,50,80,20,35
35240401,male,15,45,80,40,30,25
35240402,female,10,10,20,30,25,10
35240402,male,25,40,20,10,20,10
35240403,female,10,10,25,20,0,10
35240403,male,10,15,20,15,10,10
35240404,female,0,0,40,35,40,10
35240404,male,10,35,30,50,35,10
35240405,female,0,15,40,50,0,10
35240405,male,10,30,45,50,20,0
35240406,female,0,10,35,45,0,10
35240406,male,20,20,30,20,0,15
35240409,female,10,20,30,30,20,25
35240409,male,20,45,20,30,15,35
35240410,female,0,10,35,20,10,0
35240410,male,10,10,20,10,15,10
35240411,female,0,10,30,60,15,15
35240411,male,20,45,55,20,10,25
35240412,female,0,0,15,10,25,30
35240412,male,10,10,20,15,10,20
35240413,female,10,0,35,35,10,35
35240413,male,10,20,25,20,10,15
35240414,female,0,25,20,20,10,15
35240414,male,20,10,25,25,10,20
35240417,female,0,35,50,30,20,10
35240417,male,20,30,25,25,15,40
35240420,female,0,0,30,25,15,25
35240420,male,10,30,30,40,15,25
35240421,female,10,10,40,30,0,0
35240421,male,0,15,15,10,10,0
35240422,female,0,20,20,30,25,15
35240422,male,20,25,15,15,20,25
35240423,female,10,15,40,35,10,40
35240423,male,25,25,15,35,15,25
35240425,female,0,0,35,30,15,30
35240425,male,0,25,30,25,10,15
35240427,female,0,20,70,55,55,25
35240427,male,10,35,65,50,50,30
35240428,female,0,0,50,35,25,25
35240428,male,15,20,30,30,10,40
35240429,female,15,30,30,30,15,15
35240429,male,15,30,15,10,0,45
35240431,female,0,10,15,35,10,10
35240431,male,10,25,15,25,10,15
35240432,female,0,10,15,20,10,15
35240432,male,10,15,25,30,0,10
35240433,female,0,15,20,35,10,10
35240433,male,10,25,60,20,0,30
35240436,female,0,10,20,15,25,20
35240436,male,0,25,10,10,0,20
35240437,female,0,10,30,30,15,10
35240437,male,25,25,30,20,20,0
35240438,female,10,10,40,45,25,25
35240438,male,20,25,25,30,20,10
35240439,female,10,15,25,30,25,15
35240439,male,20,25,50,15,20,25
35240440,female,0,20,50,20,10,30
35240440,male,10,25,45,25,0,30
35240441,female,15,10,55,45,20,25
35240441,male,15,35,45,55,20,25
35240442,female,0,10,25,40,20,10
35240442,male,25,25,30,10,20,15
35240443,female,0,25,40,35,25,20
35240443,male,10,20,40,45,10,25
35240444,female,0,0,20,35,10,25
35240444,male,10,15,30,10,25,35
35240445,female,0,15,25,40,35,35
35240445,male,15,30,55,30,20,30
35240446,female,0,10,15,40,10,30
35240446,male,15,10,40,15,10,25
35240447,female,15,25,65,40,30,50
35240447,male,25,55,35,30,15,20
35240448,female,10,25,20,45,35,15
35240448,male,0,40,65,30,30,10
35240449,female,0,15,25,0,20,20
35240449,male,10,25,35,10,0,10
35240450,female,0,15,50,20,20,25
35240450,male,10,40,35,35,20,35
35240451,female,15,35,60,50,20,20
35240451,male,10,30,45,35,15,25
35240452,female,0,15,45,20,15,10
35240452,male,10,25,35,20,0,30
35240453,female,10,20,20,60,0,15
35240453,male,10,35,55,20,10,15
35240455,female,0,15,40,25,10,20
35240455,male,15,25,15,10,10,25
35240459,female,0,15,10,20,15,0
35240459,male,0,25,30,25,10,10
35240460,female,0,10,20,35,15,30
35240460,male,10,25,35,40,0,10
35240461,female,0,15,15,55,10,15
35240461,male,0,25,45,20,10,0
35240462,female,0,0,35,25,10,10
35240462,male,0,0,15,25,0,15
35240463,female,15,10,55,50,0,25
35240463,male,0,15,60,25,20,40
35240464,female,10,15,15,30,0,10
35240464,male,20,15,20,10,10,0
35240465,female,10,25,60,70,40,30
35240465,male,20,25,45,35,10,35
35240466,female,10,40,60,45,15,40
35240466,male,15,35,50,40,10,30
35240467,female,0,10,30,35,20,25
35240467,male,0,20,35,25,0,15
35240468,female,0,15,35,35,35,10
35240468,male,0,30,35,40,20,25
35240469,female,0,15,40,30,20,55
35240469,male,20,15,40,25,10,15
35240470,female,0,15,20,30,55,0
35240470,male,10,15,55,35,25,0
35240471,female,0,10,25,20,10,0
35240471,male,10,10,25,25,25,15
35240472,female,10,20,50,25,45,25
35240472,male,0,25,50,40,15,10
35240473,female,0,10,25,25,20,20
35240473,male,0,15,30,25,0,10
35240474,female,10,0,45,50,15,15
35240474,male,0,20,45,40,0,25
35240475,female,0,20,25,55,35,30
35240475,male,0,40,75,25,40,20
35240476,female,0,15,30,40,15,20
35240476,male,0,20,40,50,15,15
35240477,female,0,10,40,30,35,15
35240477,male,15,25,50,30,10,10
35240478,female,10,10,10,25,15,25
35240478,male,0,25,15,25,0,20
35240479,female,0,10,15,25,10,10
35240479,male,0,0,20,10,0,20
35240480,female,15,25,40,45,40,15
35240480,male,10,35,50,15,15,45
35240481,female,0,10,35,30,10,10
35240481,male,20,20,40,15,0,15
35240482,female,0,40,55,40,20,30
35240482,male,15,55,55,40,15,10
35240483,female,0,20,70,30,0,10
35240483,male,15,20,50,30,10,15
35240484,female,10,45,90,95,40,30
35240484,male,20,50,85,55,35,45
35240485,female,0,10,25,25,10,15
35240485,male,10,10,30,20,10,10
35240486,female,0,0,45,50,25,25
35240486,male,15,35,55,30,15,10
35240487,female,0,10,10,25,0,0
35240487,male,0,15,25,0,10,10
35240488,female,20,50,110,125,65,40
35240488,male,35,55,95,100,50,105
35240489,female,10,30,25,35,10,0
35240489,male,10,25,30,15,0,35
35240490,female,0,15,20,10,10,10
35240490,male,0,0,35,0,10,15
35240491,female,10,15,50,45,10,10
35240491,male,15,30,45,35,15,15
35240492,female,0,20,50,20,25,45
35240492,male,20,20,55,25,15,35
35240493,female,0,25,35,15,20,15
35240493,male,10,30,30,10,10,25
35240494,female,10,10,45,45,15,10
35240494,male,15,20,30,30,15,30
35240495,female,10,15,50,20,0,25
35240495,male,15,30,30,15,20,30
35240496,female,0,10,25,10,15,10
35240496,male,15,25,20,15,10,20
35240497,female,0,10,50,25,25,25
35240497,male,0,50,35,15,10,10
35240498,female,0,0,35,25,10,0
35240498,male,0,20,15,25,0,0
35240499,female,0,0,25,20,25,10
35240499,male,0,15,30,10,10,15
35240501,female,0,10,25,20,0,10
35240501,male,0,15,20,15,10,10
35240503,female,0,20,20,15,40,15
35240503,male,20,30,40,25,0,30
35240504,female,0,0,50,25,15,15
35240504,male,20,15,35,20,15,10
35240505,female,10,20,50,40,10,15
35240505,male,10,10,60,10,10,15
35240506,female,10,10,40,20,0,20
35240506,male,20,20,30,30,10,20
35240507,female,10,10,40,30,20,35
35240507,male,10,30,20,25,20,15
35240508,female,0,30,30,45,20,20
35240508,male,0,30,80,45,15,25
35240509,female,10,15,50,40,25,15
35240509,male,20,25,35,20,10,20
35240512,female,10,10,20,10,10,15
35240512,male,10,0,15,15,0,15
35240513,female,10,25,35,25,15,15
35240513,male,10,20,30,25,10,20
35240516,female,10,20,20,40,25,15
35240516,male,15,20,50,40,15,25
35240517,female,10,10,40,30,10,10
35240517,male,20,35,45,15,15,25
35240518,female,0,15,65,35,35,25
35240518,male,15,30,35,40,15,40
35240519,female,0,20,20,25,15,0
35240519,male,15,35,20,10,0,15
35240520,female,10,10,65,30,30,45
35240520,male,10,50,45,20,25,20
35240521,female,0,0,45,45,20,15
35240521,male,0,30,50,40,10,10
35240522,female,0,0,25,15,10,0
35240522,male,10,10,20,30,10,10
35240523,female,0,10,30,25,15,10
35240523,male,0,20,45,10,0,15
35240524,female,0,10,40,35,30,0
35240524,male,10,0,30,20,15,15
35240525,female,10,10,65,35,15,10
35240525,male,0,25,30,40,10,10
35240526,female,0,0,15,20,10,10
35240526,male,0,15,0,15,15,25
35240528,female,0,20,20,40,15,10
35240528,male,25,15,40,45,0,25
35240529,female,0,15,30,50,10,20
35240529,male,10,35,30,20,10,10
35240530,female,0,15,50,30,10,30
35240530,male,20,30,50,15,10,25
35240531,female,0,10,45,30,15,30
35240531,male,15,30,25,10,10,20
35240532,female,10,55,135,85,45,40
35240532,male,35,65,80,55,35,55
35240533,female,10,10,30,20,25,15
35240533,male,15,30,35,15,10,20
35240534,female,0,20,35,25,15,20
35240534,male,15,40,35,10,15,40
35240535,female,0,10,45,20,10,20
35240535,male,10,30,50,10,20,30
35240536,female,10,25,55,45,35,10
35240536,male,30,35,60,35,25,20
35240537,female,0,20,40,95,25,30
35240537,male,20,30,50,30,0,30
35240538,female,20,25,90,60,40,105
35240538,male,50,55,65,35,0,70
35240539,female,10,30,40,60,60,45
35240539,male,30,35,50,55,20,60
35240540,female,0,15,30,30,30,15
35240540,male,0,25,25,25,10,10
35240541,female,10,15,25,15,25,10
35240541,male,0,30,35,20,10,15
35240542,female,0,15,35,40,20,20
35240542,male,30,15,25,15,0,15
35240543,female,10,10,45,35,10,30
35240543,male,10,15,45,40,25,25
35240544,female,0,10,45,35,10,25
35240544,male,10,25,25,10,10,10
35240545,female,0,10,70,90,30,25
35240545,male,25,55,75,40,10,35
35240546,female,0,20,30,60,15,55
35240546,male,45,20,20,40,25,40
35240590,female,10,25,90,70,45,50
35240590,male,25,60,60,45,15,30
35240591,female,10,25,60,95,40,45
35240591,male,25,65,50,60,20,55
35240592,female,25,75,95,135,60,45
35240592,male,95,140,105,80,30,105
35240593,female,10,40,120,70,20,40
35240593,male,30,65,100,35,40,80
35240594,female,15,15,75,50,35,20
35240594,male,35,40,45,50,20,55
35240595,female,10,25,95,75,25,25
35240595,male,50,30,30,45,15,25
35240596,female,10,35,50,70,20,10
35240596,male,20,35,55,45,20,35
35240598,female,30,55,120,135,85,65
35240598,male,25,95,120,90,40,75
35240641,female,0,10,30,45,20,0
35240641,male,15,30,15,25,25,15
35240642,female,0,0,30,30,35,0
35240642,male,15,10,35,30,15,10
35240643,female,0,15,30,45,20,15
35240643,male,30,25,65,20,30,20
35240644,female,0,15,10,25,25,10
35240644,male,0,0,30,25,15,20
35240645,female,0,0,10,30,0,15
35240645,male,10,20,10,50,0,10
35240647,female,10,20,45,30,25,15
35240647,male,20,30,25,30,20,10
35240648,female,0,30,75,70,40,35
35240648,male,25,55,50,15,10,20
35240649,female,0,25,60,45,40,40
35240649,male,0,70,45,20,15,30
35240650,female,0,20,40,75,20,25
35240650,male,10,20,55,65,15,40
35240651,female,10,0,35,65,0,15
35240651,male,10,20,30,40,20,0
35240654,female,0,0,55,50,25,20
35240654,male,10,10,45,50,10,35
35240655,female,10,15,70,50,30,40
35240655,male,10,25,75,45,45,20
35240656,female,0,20,15,30,10,0
35240656,male,0,15,30,40,0,0
35240659,female,15,45,60,40,50,30
35240659,male,30,55,50,20,10,15
35240660,female,0,10,50,60,0,25
35240660,male,10,10,35,35,10,15
35240661,female,0,15,25,55,20,0
35240661,male,10,25,55,50,15,10
35240662,female,35,55,150,115,40,40
35240662,male,35,80,115,90,35,55
35240663,female,0,20,35,55,20,30
35240663,male,10,25,25,45,20,15
35240664,female,0,25,40,30,0,10
35240664,male,0,25,60,30,0,0
35240665,female,0,15,25,50,10,15
35240665,male,10,10,40,15,0,20
35240666,female,10,30,90,75,25,20
35240666,male,20,55,50,30,35,20
35240667,female,0,40,70,55,25,15
35240667,male,0,20,55,35,35,10
35240668,female,0,25,35,55,15,20
35240668,male,20,35,45,35,15,10
35240669,female,0,45,95,70,25,40
35240669,male,45,65,60,50,30,45
35240670,female,0,10,80,45,20,15
35240670,male,20,15,65,40,20,10
35240671,female,0,10,65,40,35,10
35240671,male,10,15,60,35,20,30
35240672,female,10,35,70,60,30,30
35240672,male,50,35,75,30,25,25
35240673,female,0,15,40,20,10,10
35240673,male,20,10,10,30,30,10
35240674,female,0,10,55,70,30,0
35240674,male,25,35,40,95,0,15
35240675,female,10,15,105,100,25,40
35240675,male,10,60,110,85,25,15
35240676,female,15,35,70,80,30,35
35240676,male,15,45,45,55,30,50
35240677,female,0,20,30,25,15,20
35240677,male,25,20,35,25,10,20
35240678,female,25,55,100,95,45,35
35240678,male,40,85,90,70,25,45
35240679,female,10,30,60,55,15,15
35240679,male,25,40,40,60,20,20
35240680,female,20,45,125,70,25,45
35240680,male,25,60,85,80,50,55
35240681,female,10,30,25,45,20,0
35240681,male,10,20,55,25,10,15
35240682,female,15,15,65,65,30,15
35240682,male,20,60,40,50,10,20
35240683,female,0,15,55,65,35,15
35240683,male,20,35,55,30,15,20
35240684,female,15,40,75,50,25,10
35240684,male,20,15,80,20,0,15
35240685,female,15,40,100,80,35,20
35240685,male,15,35,115,50,30,40
35240686,female,10,20,100,90,30,65
35240686,male,10,50,80,105,30,40
35240756,female,15,10,60,55,20,35
35240756,male,0,30,85,15,35,40
35240757,female,0,25,45,60,15,10
35240757,male,10,20,65,35,0,10
35240758,female,0,25,70,65,30,45
35240758,male,30,30,80,55,20,55
35240759,female,0,10,20,40,10,20
35240759,male,10,20,40,30,0,35
35240780,female,15,35,65,75,35,25
35240780,male,25,25,60,80,20,20
35240782,female,10,30,40,60,25,15
35240782,male,15,40,60,40,10,40
35240783,female,0,15,20,15,15,0
35240783,male,10,20,0,10,0,0
35240785,female,0,15,80,35,25,40
35240785,male,25,35,60,60,25,25
35240807,female,15,30,70,60,30,30
35240807,male,45,25,65,40,20,20
35240808,female,0,35,35,25,15,25
35240808,male,10,20,45,25,10,15
35240809,female,0,0,0,10,0,0
35240809,male,0,10,0,10,10,10
35240898,female,10,115,240,195,50,95
35240898,male,115,175,180,155,45,135
35240903,female,x,x,x,x,x,x
35240903,male,x,x,x,x,x,x
35240904,female,10,65,120,105,35,25
35240904,male,30,70,145,60,45,45
35250030,female,0,10,20,30,10,20
35250030,male,15,15,25,25,10,10
35250031,female,0,10,20,45,10,10
35250031,male,20,35,20,10,0,15
35250032,female,0,10,30,40,25,20
35250032,male,10,30,55,35,15,30
35250033,female,0,10,25,70,0,0
35250033,male,15,25,45,35,20,10
35250034,female,10,20,45,65,25,25
35250034,male,15,50,40,40,20,35
35250035,female,0,25,20,40,20,15
35250035,male,30,25,20,25,0,25
35250036,female,0,20,30,45,15,20
35250036,male,10,10,45,55,10,10
35250037,female,0,15,25,45,10,10
35250037,male,10,20,30,40,15,30
35250038,female,10,25,30,35,10,25
35250038,male,0,30,35,25,25,15
35250039,female,10,20,25,25,20,25
35250039,male,25,10,0,0,0,15
35250040,female,0,15,20,25,10,10
35250040,male,10,0,20,15,0,15
35250041,female,0,15,30,25,15,20
35250041,male,15,55,10,10,15,10
35250042,female,10,15,0,15,10,15
35250042,male,0,25,15,0,10,10
35250043,female,0,25,40,30,40,0
35250043,male,10,35,45,30,20,15
35250044,female,0,10,15,30,10,0
35250044,male,10,20,15,10,10,10
35250045,female,15,0,25,30,10,25
35250045,male,15,30,35,10,15,15
35250046,female,0,10,40,40,15,15
35250046,male,0,10,60,45,15,15
35250047,female,0,10,30,30,30,10
35250047,male,10,10,35,50,10,10
35250048,female,0,15,20,15,0,0
35250048,male,0,10,20,15,10,0
35250049,female,0,0,25,35,20,10
35250049,male,15,15,25,25,10,10
35250050,female,0,20,25,35,15,20
35250050,male,0,30,10,10,10,15
35250051,female,10,40,95,90,40,30
35250051,male,20,65,90,65,20,45
35250052,female,0,15,35,0,0,10
35250052,male,0,30,15,10,10,0
35250053,female,0,0,40,70,40,0
35250053,male,10,10,30,65,40,15
35250054,female,0,10,25,20,20,15
35250054,male,15,15,25,10,10,0
35250055,female,15,15,45,70,15,20
35250055,male,25,30,25,40,10,25
35250056,female,0,0,15,25,0,0
35250056,male,0,15,25,10,0,0
35250059,female,10,20,90,90,35,40
35250059,male,20,70,70,75,40,40
35250060,female,10,10,70,35,20,10
35250060,male,0,20,50,25,0,15
35250061,female,0,15,20,20,10,15
35250061,male,0,10,40,25,10,0
35250062,female,0,20,35,35,35,0
35250062,male,10,30,30,30,25,0
35250064,female,10,25,40,65,45,0
35250064,male,15,20,55,50,10,25
35250065,female,0,25,20,35,30,15
35250065,male,10,15,25,50,10,15
35250066,female,0,0,35,15,15,0
35250066,male,10,25,20,20,10,0
35250067,female,0,0,55,45,10,20
35250067,male,0,35,40,40,10,20
35250070,female,0,15,35,25,15,0
35250070,male,10,20,30,20,15,0
35250073,female,0,15,30,35,10,40
35250073,male,20,20,15,10,0,45
35250074,female,0,10,25,15,10,0
35250074,male,10,15,15,15,0,0
35250075,female,0,15,30,15,0,20
35250075,male,10,35,25,10,15,25
35250077,female,0,35,20,25,30,30
35250077,male,0,40,30,20,15,20
35250078,female,0,10,25,35,20,15
35250078,male,25,10,35,10,10,15
35250079,female,0,10,15,15,0,0
35250079,male,0,25,0,10,0,20
35250080,female,0,35,40,30,15,10
35250080,male,10,25,20,10,10,50
35250081,female,20,35,65,50,25,55
35250081,male,45,60,45,15,15,60
35250082,female,0,10,15,0,10,10
35250082,male,10,20,0,15,0,10
35250083,female,0,20,25,35,20,25
35250083,male,10,10,25,35,0,35
35250084,female,0,15,0,10,10,10
35250084,male,10,10,20,15,0,20
35250085,female,0,10,15,35,0,10
35250085,male,15,10,15,10,0,35
35250086,female,0,25,20,35,25,0
35250086,male,10,10,30,30,0,15
35250087,female,0,10,10,30,15,30
35250087,male,15,15,0,10,15,35
35250088,female,0,0,50,15,0,10
35250088,male,10,25,10,20,0,0
35250089,female,10,25,25,35,0,35
35250089,male,10,15,30,10,0,15
35250093,female,0,20,15,30,30,25
35250093,male,25,40,15,25,25,15
35250094,female,10,20,15,25,0,15
35250094,male,0,15,15,20,10,15
35250095,female,20,15,10,20,20,0
35250095,male,15,20,10,10,20,30
35250096,female,0,15,25,60,15,35
35250096,male,40,10,25,15,20,20
35250097,female,0,15,10,20,10,10
35250097,male,0,10,15,0,10,10
35250098,female,0,10,0,0,0,10
35250098,male,10,0,10,15,10,10
35250099,female,15,25,35,50,20,0
35250099,male,10,40,40,45,35,35
35250100,female,0,10,35,35,25,15
35250100,male,10,20,40,20,0,15
35250101,female,0,0,35,30,10,10
35250101,male,10,25,20,25,0,35
35250102,female,0,10,10,25,15,0
35250102,male,0,10,25,15,10,20
35250105,female,0,20,35,35,15,0
35250105,male,10,45,30,35,10,25
35250106,female,0,15,20,40,10,10
35250106,male,10,30,10,35,10,15
35250107,female,10,10,45,45,20,20
35250107,male,15,25,15,20,20,30
35250108,female,0,10,20,30,0,0
35250108,male,0,30,25,10,25,30
35250109,female,0,35,35,45,20,15
35250109,male,15,35,35,30,10,0
35250110,female,0,25,30,30,10,20
35250110,male,20,20,20,30,10,35
35250111,female,0,10,30,20,10,20
35250111,male,10,20,15,10,0,15
35250112,female,15,0,25,15,10,0
35250112,male,10,20,25,10,15,10
35250113,female,0,0,25,10,0,20
35250113,male,10,20,25,15,0,40
35250114,female,0,10,25,20,10,0
35250114,male,10,25,20,0,0,20
35250115,female,10,45,70,75,60,80
35250115,male,25,45,55,55,30,115
35250116,female,15,15,40,50,20,65
35250116,male,35,35,25,25,25,35
35250117,female,0,15,15,0,10,20
35250117,male,15,15,15,0,0,10
35250118,female,0,0,40,20,10,35
35250118,male,10,15,25,0,10,20
35250119,female,10,0,30,10,30,25
35250119,male,15,20,30,15,10,20
35250120,female,10,25,40,30,0,15
35250120,male,15,10,40,0,10,30
35250121,female,15,30,40,20,10,45
35250121,male,15,25,10,10,10,20
35250122,female,0,20,10,10,15,10
35250122,male,20,20,15,10,10,10
35250123,female,10,10,15,25,15,15
35250123,male,15,20,20,10,10,40
35250124,female,0,10,15,25,15,35
35250124,male,10,20,10,10,15,30
35250125,female,10,0,25,15,0,20
35250125,male,10,15,10,20,10,15
35250126,female,10,10,25,15,10,40
35250126,male,20,30,25,15,20,30
35250127,female,0,45,110,135,25,70
35250127,male,60,90,110,75,20,45
35250128,female,0,30,15,45,20,15
35250128,male,20,20,45,15,20,25
35250129,female,0,15,15,15,15,15
35250129,male,10,25,10,20,10,15
35250130,female,0,20,30,20,10,20
35250130,male,10,35,20,35,0,0
35250133,female,0,0,0,0,10,0
35250133,male,0,10,0,0,0,0
35250134,female,0,15,25,55,20,25
35250134,male,15,20,40,25,10,40
35250135,female,0,50,155,110,70,60
35250135,male,45,115,100,80,75,35
35250136,female,0,10,25,25,10,20
35250136,male,0,10,25,15,10,0
35250137,female,0,10,15,50,0,15
35250137,male,10,15,20,20,10,10
35250144,female,0,55,130,75,55,40
35250144,male,40,70,100,105,50,45
35250145,female,10,10,30,30,15,25
35250145,male,10,10,40,20,20,10
35250146,female,10,0,35,60,25,15
35250146,male,35,55,55,45,15,15
35250147,female,10,0,30,30,10,0
35250147,male,10,10,25,15,10,0
35250148,female,0,20,30,30,20,20
35250148,male,10,40,45,15,20,25
35250149,female,10,20,40,40,10,15
35250149,male,10,10,35,25,30,25
35250150,female,0,10,50,30,15,15
35250150,male,15,40,20,15,15,20
35250151,female,0,0,45,40,0,10
35250151,male,10,20,20,20,15,15
35250152,female,10,35,45,60,65,50
35250152,male,25,55,85,50,55,45
35250153,female,0,0,55,45,10,10
35250153,male,20,35,40,25,10,25
35250156,female,0,10,30,15,25,0
35250156,male,15,10,20,30,10,10
35250158,female,0,15,20,40,15,0
35250158,male,10,10,55,40,10,15
35250159,female,0,0,15,40,25,0
35250159,male,0,30,15,30,0,0
35250160,female,0,15,10,35,10,10
35250160,male,0,25,20,20,10,0
35250161,female,0,10,45,45,40,15
35250161,male,0,15,80,30,30,15
35250162,female,0,15,30,25,25,15
35250162,male,10,10,45,40,10,0
35250163,female,0,0,10,50,15,0
35250163,male,0,25,45,35,20,15
35250164,female,0,0,15,45,0,30
35250164,male,15,20,25,15,15,0
35250172,female,0,10,55,10,10,10
35250172,male,20,15,30,15,0,15
35250173,female,10,35,90,125,40,30
35250173,male,65,70,70,50,10,40
35250175,female,50,55,75,65,55,70
35250175,male,85,105,75,45,25,80
35250176,female,10,30,30,40,20,25
35250176,male,30,35,60,30,0,65
35250177,female,10,25,45,55,0,15
35250177,male,20,25,45,10,15,40
35250178,female,10,20,60,35,0,10
35250178,male,25,20,45,30,10,35
35250179,female,10,20,30,50,25,30
35250179,male,60,45,50,30,15,40
35250180,female,25,55,120,75,45,60
35250180,male,35,110,70,80,50,60
35250181,female,0,35,25,25,10,20
35250181,male,15,15,15,30,10,25
35250183,female,0,0,20,15,15,10
35250183,male,10,20,20,15,0,15
35250184,female,0,15,45,35,10,10
35250184,male,15,15,35,15,0,10
35250185,female,0,0,40,15,10,25
35250185,male,0,35,10,10,10,20
35250186,female,0,15,15,20,10,10
35250186,male,15,10,10,15,0,15
35250188,female,10,25,60,70,20,10
35250188,male,30,45,45,40,10,45
35250189,female,20,10,40,50,15,35
35250189,male,30,35,60,45,10,50
35250190,female,0,15,40,15,0,10
35250190,male,25,0,30,0,10,25
35250191,female,0,20,65,45,25,30
35250191,male,15,65,55,0,10,25
35250192,female,0,55,120,110,50,35
35250192,male,60,95,85,45,35,90
35250193,female,0,10,30,30,0,15
35250193,male,0,25,15,20,0,15
35250194,female,0,20,30,25,20,0
35250194,male,15,35,20,15,25,20
35250196,female,0,10,55,15,10,15
35250196,male,0,35,20,10,10,30
35250197,female,10,15,25,20,15,0
35250197,male,0,35,20,25,10,25
35250199,female,20,100,210,145,95,90
35250199,male,75,155,150,115,50,120
35250200,female,10,0,45,35,15,30
35250200,male,25,25,45,15,30,10
35250201,female,0,0,0,10,15,10
35250201,male,0,0,10,10,0,10
35250202,female,10,30,40,30,40,55
35250202,male,60,50,35,35,15,75
35250203,female,25,30,40,30,30,50
35250203,male,50,80,25,10,25,50
35250204,female,15,40,55,10,10,35
35250204,male,20,50,40,25,20,50
35250205,female,0,10,10,25,0,0
35250205,male,15,20,10,0,10,10
35250206,female,10,20,30,30,15,20
35250206,male,35,35,30,20,10,15
35250207,female,10,0,0,25,20,15
35250207,male,10,25,20,20,0,15
35250208,female,0,10,40,20,0,20
35250208,male,20,15,40,10,0,20
35250209,female,0,0,10,40,10,20
35250209,male,0,20,25,10,10,0
35250210,female,0,15,15,50,20,15
35250210,male,20,30,30,10,10,25
35250211,female,0,0,10,15,10,0
35250211,male,10,10,10,15,0,10
35250212,female,10,15,30,15,10,15
35250212,male,10,35,30,15,10,15
35250213,female,0,20,15,10,10,0
35250213,male,10,0,15,25,15,15
35250216,female,0,0,25,20,15,15
35250216,male,0,20,25,0,15,20
35250217,female,10,25,25,30,10,45
35250217,male,25,25,25,20,15,40
35250218,female,10,35,20,20,10,30
35250218,male,10,50,20,20,0,15
35250221,female,10,0,45,0,15,10
35250221,male,40,40,10,15,20,35
35250222,female,10,20,30,10,10,15
35250222,male,10,35,15,10,10,20
35250223,female,15,10,30,25,0,0
35250223,male,25,35,40,0,15,0
35250224,female,0,0,25,0,15,15
35250224,male,25,25,20,0,0,10
35250225,female,10,10,10,15,15,10
35250225,male,0,30,20,0,10,25
35250226,female,0,25,25,25,10,30
35250226,male,15,20,20,10,10,20
35250227,female,30,15,30,25,25,15
35250227,male,25,20,20,20,15,35
35250230,female,15,0,35,0,15,10
35250230,male,25,50,40,0,0,40
35250231,female,0,25,15,35,15,10
35250231,male,30,35,25,0,0,35
35250232,female,15,10,20,25,10,25
35250232,male,15,25,20,15,25,15
35250233,female,10,35,10,25,10,20
35250233,male,0,35,35,10,10,25
35250234,female,10,15,10,15,30,25
35250234,male,10,10,15,10,20,25
35250238,female,15,15,25,10,10,35
35250238,male,0,40,30,15,20,85
35250239,female,0,0,15,10,15,10
35250239,male,10,15,30,15,0,25
35250240,female,15,10,0,10,10,40
35250240,male,25,15,10,0,15,35
35250241,female,0,10,10,10,15,15
35250241,male,15,0,10,15,0,40
35250242,female,x,x,x,x,x,x
35250242,male,x,x,x,x,x,x
35250243,female,10,35,35,45,30,15
35250243,male,30,35,45,25,10,15
35250248,female,20,40,35,60,10,40
35250248,male,50,30,40,40,10,45
35250249,female,0,10,10,10,15,10
35250249,male,20,20,20,10,0,10
35250250,female,0,15,15,20,20,10
35250250,male,20,30,30,0,0,10
35250251,female,10,0,20,25,0,20
35250251,male,25,40,10,10,10,15
35250254,female,0,35,40,35,20,35
35250254,male,30,55,40,0,15,15
35250255,female,10,10,50,25,10,0
35250255,male,25,25,20,10,0,30
35250256,female,15,15,45,30,0,25
35250256,male,20,45,35,10,0,20
35250257,female,0,25,20,35,10,15
35250257,male,15,45,25,30,0,30
35250258,female,0,10,20,35,15,35
35250258,male,10,35,25,20,10,30
35250259,female,0,0,45,25,10,25
35250259,male,0,40,50,10,10,25
35250260,female,10,20,30,25,20,20
35250260,male,10,20,25,25,10,10
35250261,female,10,10,10,15,25,20
35250261,male,30,20,10,0,0,15
35250262,female,10,25,30,20,25,30
35250262,male,25,15,35,25,0,20
35250263,female,15,15,65,50,35,40
35250263,male,20,60,55,45,30,45
35250264,female,15,0,10,30,10,15
35250264,male,15,10,40,15,10,0
35250265,female,0,15,25,10,30,10
35250265,male,0,15,20,35,20,0
35250266,female,0,0,0,20,15,10
35250266,male,20,0,15,20,10,20
35250267,female,0,10,35,50,15,25
35250267,male,25,25,50,10,15,20
35250269,female,10,10,15,0,0,10
35250269,male,10,10,0,10,0,10
35250270,female,0,20,30,25,10,15
35250270,male,10,15,15,10,0,15
35250271,female,10,10,25,20,15,0
35250271,male,20,20,25,0,10,30
35250272,female,0,0,10,10,10,10
35250272,male,10,10,15,0,0,15
35250273,female,0,0,30,10,10,15
35250273,male,15,30,15,15,10,15
35250274,female,20,35,65,55,20,55
35250274,male,40,50,70,30,30,35
35250275,female,0,15,50,15,10,10
35250275,male,15,40,20,15,10,40
35250276,female,10,40,30,25,10,30
35250276,male,15,25,20,45,10,35
35250277,female,10,10,15,20,15,10
35250277,male,10,20,0,15,10,20
35250278,female,0,20,30,20,15,20
35250278,male,15,40,15,10,10,20
35250279,female,15,20,20,55,10,25
35250279,male,25,35,40,15,15,40
35250280,female,10,20,30,20,15,20
35250280,male,10,15,20,15,20,20
35250281,female,10,25,10,35,15,0
35250281,male,25,30,15,10,0,25
35250282,female,0,0,30,40,25,0
35250282,male,35,40,10,20,10,15
35250283,female,0,10,30,25,30,25
35250283,male,20,30,25,10,0,20
35250284,female,0,10,15,15,10,15
35250284,male,10,20,10,35,10,15
35250285,female,10,40,25,55,30,20
35250285,male,20,35,30,30,25,30
35250286,female,10,10,15,15,10,20
35250286,male,10,10,35,0,0,20
35250287,female,10,30,80,40,15,15
35250287,male,40,40,50,25,0,35
35250288,female,0,0,40,25,20,10
35250288,male,0,35,25,15,10,20
35250289,female,10,20,45,20,15,15
35250289,male,15,40,40,15,15,20
35250290,female,0,25,55,35,10,35
35250290,male,15,25,55,20,25,20
35250291,female,15,45,65,65,25,55
35250291,male,15,55,50,50,15,50
35250293,female,20,10,40,30,25,45
35250293,male,55,45,40,35,15,50
35250294,female,10,25,10,45,15,25
35250294,male,0,30,35,0,10,35
35250295,female,10,15,30,20,0,20
35250295,male,10,30,15,15,0,40
35250296,female,0,15,45,40,25,15
35250296,male,0,35,10,15,15,10
35250297,female,0,25,30,25,25,15
35250297,male,20,30,35,10,0,25
35250298,female,0,15,50,50,10,10
35250298,male,0,40,30,35,0,10
35250299,female,0,10,25,40,10,15
35250299,male,10,40,30,10,35,30
35250300,female,0,10,55,80,30,20
35250300,male,10,55,80,35,25,45
35250302,female,10,10,20,35,20,0
35250302,male,0,25,25,15,10,0
35250303,female,0,20,25,25,15,10
35250303,male,0,20,20,15,10,15
35250304,female,0,15,25,30,30,20
35250304,male,35,25,35,40,15,15
35250305,female,10,15,25,25,20,25
35250305,male,20,45,20,20,0,25
35250306,female,0,20,15,30,15,0
35250306,male,25,25,35,10,0,10
35250307,female,0,20,30,20,15,10
35250307,male,10,40,30,20,0,15
35250308,female,10,25,90,75,30,45
35250308,male,20,35,65,35,15,55
35250309,female,0,0,35,25,15,10
35250309,male,10,25,25,15,0,0
35250310,female,0,0,30,20,30,10
35250310,male,20,25,20,25,10,20
35250311,female,10,30,30,75,15,10
35250311,male,35,25,50,15,10,20
35250312,female,10,10,20,25,20,25
35250312,male,10,50,35,20,0,10
35250313,female,10,15,60,45,30,10
35250313,male,25,30,40,30,20,20
35250315,female,0,20,40,15,30,25
35250315,male,10,15,25,10,15,15
35250316,female,15,25,60,55,10,25
35250316,male,15,20,45,25,10,15
35250317,female,0,20,55,35,15,0
35250317,male,15,25,15,35,15,20
35250318,female,0,0,0,10,0,0
35250318,male,0,0,10,10,15,0
35250319,female,10,10,35,20,0,40
35250319,male,40,20,20,10,15,25
35250320,female,30,10,15,30,10,20
35250320,male,15,30,25,10,10,20
35250321,female,0,0,20,10,25,10
35250321,male,0,20,15,10,0,25
35250322,female,20,30,10,10,20,10
35250322,male,10,20,25,10,0,15
35250323,female,0,25,20,15,10,30
35250323,male,15,45,20,10,0,25
35250324,female,15,20,20,30,10,15
35250324,male,20,20,0,10,0,0
35250326,female,0,15,20,20,10,20
35250326,male,15,40,15,15,0,15
35250327,female,15,20,15,15,20,40
35250327,male,20,30,30,20,10,40
35250328,female,0,15,15,35,15,25
35250328,male,10,25,20,10,10,10
35250329,female,20,35,15,25,0,20
35250329,male,40,40,25,10,0,35
35250330,female,0,10,25,20,20,10
35250330,male,10,15,15,10,0,0
35250331,female,0,20,10,20,15,15
35250331,male,0,25,10,0,10,20
35250332,female,10,15,50,25,0,30
35250332,male,35,35,45,0,10,15
35250333,female,20,15,40,50,20,20
35250333,male,25,20,55,0,15,35
35250334,female,10,35,50,25,20,20
35250334,male,15,45,20,20,10,15
35250335,female,10,10,10,25,15,10
35250335,male,20,35,10,0,0,20
35250336,female,10,0,15,30,10,25
35250336,male,10,25,25,15,0,25
35250337,female,20,30,45,40,30,30
35250337,male,40,40,50,25,0,25
35250338,female,15,20,20,25,40,25
35250338,male,50,30,40,15,10,35
35250339,female,10,30,35,30,20,10
35250339,male,25,20,45,25,10,40
35250340,female,0,10,20,20,10,10
35250340,male,15,30,15,10,0,15
35250341,female,10,25,45,15,25,25
35250341,male,20,25,25,10,0,20
35250342,female,10,20,30,25,15,25
35250342,male,10,25,25,25,10,30
35250343,female,10,10,35,45,10,20
35250343,male,10,30,20,15,10,10
35250344,female,0,10,25,35,10,20
35250344,male,20,10,0,15,10,50
35250345,female,10,30,25,25,0,40
35250345,male,15,35,20,15,10,30
35250346,female,0,40,40,30,10,10
35250346,male,10,35,25,10,0,25
35250347,female,10,10,35,25,10,20
35250347,male,10,35,35,0,20,40
35250348,female,10,10,30,60,15,15
35250348,male,35,35,15,50,0,30
35250349,female,0,15,20,50,25,15
35250349,male,35,20,20,15,0,10
35250350,female,10,25,15,30,20,45
35250350,male,25,40,35,15,10,55
35250351,female,0,15,15,25,10,15
35250351,male,0,10,0,0,10,25
35250352,female,15,25,30,15,15,50
35250352,male,30,45,30,15,10,20
35250353,female,10,25,20,15,20,20
35250353,male,25,40,15,15,0,35
35250354,female,0,15,35,35,25,15
35250354,male,10,30,25,35,20,10
35250355,female,0,35,20,25,10,10
35250355,male,15,50,20,15,15,15
35250356,female,10,25,45,45,10,10
35250356,male,15,40,30,25,10,40
35250357,female,0,35,45,35,10,40
35250357,male,20,50,35,25,0,45
35250358,female,0,30,20,20,20,10
35250358,male,10,60,20,15,10,20
35250359,female,0,10,15,35,15,40
35250359,male,25,30,15,20,10,20
35250360,female,10,15,50,30,10,30
35250360,male,25,40,20,10,10,35
35250361,female,20,15,20,25,0,10
35250361,male,10,15,35,10,0,30
35250362,female,15,25,40,30,15,15
35250362,male,25,35,30,10,15,35
35250363,female,0,0,35,25,10,25
35250363,male,20,35,20,25,0,0
35250364,female,0,10,15,15,10,30
35250364,male,0,10,10,0,10,15
35250365,female,15,30,60,80,20,55
35250365,male,25,80,25,40,25,25
35250366,female,15,15,30,20,15,20
35250366,male,20,30,35,20,15,25
35250367,female,15,15,20,25,10,30
35250367,male,15,30,20,25,0,20
35250368,female,10,20,20,55,20,10
35250368,male,35,20,30,10,10,30
35250369,female,0,25,40,30,10,15
35250369,male,10,40,40,10,10,30
35250370,female,0,15,40,20,25,10
35250370,male,20,30,20,0,10,20
35250371,female,10,20,25,25,25,30
35250371,male,10,25,30,20,0,20
35250372,female,10,20,45,35,0,10
35250372,male,20,35,15,10,10,25
35250373,female,0,15,25,15,10,20
35250373,male,10,15,30,15,15,10
35250374,female,0,15,35,40,0,25
35250374,male,15,20,35,10,10,45
35250375,female,10,20,25,20,25,30
35250375,male,25,55,35,15,20,15
35250376,female,10,20,30,35,10,30
35250376,male,0,40,35,25,0,30
35250377,female,20,10,45,25,20,15
35250377,male,40,40,20,0,10,30
35250378,female,0,25,50,20,15,35
35250378,male,25,35,35,20,10,35
35250379,female,0,25,20,15,20,10
35250379,male,10,10,15,10,0,20
35250380,female,10,10,30,25,55,0
35250380,male,0,35,45,35,0,20
35250381,female,10,30,30,10,10,15
35250381,male,10,20,10,15,10,15
35250382,female,0,15,30,40,30,10
35250382,male,25,20,40,25,10,20
35250383,female,0,15,20,15,0,15
35250383,male,15,25,25,10,20,40
35250384,female,0,10,10,30,10,0
35250384,male,20,25,10,10,25,80
35250385,female,0,15,50,15,15,15
35250385,male,10,20,30,15,0,30
35250387,female,10,0,35,35,20,10
35250387,male,0,10,30,45,30,0
35250388,female,0,25,20,55,20,0
35250388,male,15,15,25,40,10,10
35250389,female,0,0,30,50,10,0
35250389,male,0,25,40,15,15,10
35250390,female,0,30,30,70,15,30
35250390,male,15,10,45,15,10,15
35250391,female,0,15,45,45,25,25
35250391,male,0,25,55,35,15,30
35250392,female,10,15,40,55,30,25
35250392,male,0,15,30,45,15,0
35250393,female,0,20,20,40,15,35
35250393,male,0,40,30,25,10,20
35250394,female,10,15,45,35,25,35
35250394,male,20,40,20,45,25,50
35250395,female,10,10,40,40,10,0
35250395,male,10,35,15,30,30,40
35250396,female,10,30,15,50,20,35
35250396,male,20,35,35,10,20,25
35250397,female,10,35,30,50,30,35
35250397,male,0,40,35,15,25,30
35250398,female,0,0,0,0,10,10
35250398,male,0,10,10,0,10,20
35250399,female,0,0,0,0,0,20
35250399,male,0,10,0,15,15,10
35250400,female,0,35,30,35,30,50
35250400,male,15,30,20,25,30,15
35250401,female,10,50,30,20,35,50
35250401,male,20,30,20,45,25,35
35250402,female,0,15,30,30,20,20
35250402,male,0,25,25,25,0,25
35250403,female,0,20,45,55,20,20
35250403,male,0,35,60,35,35,25
35250404,female,0,20,35,25,25,10
35250404,male,20,10,25,0,25,15
35250405,female,0,20,30,35,20,0
35250405,male,0,25,30,10,30,20
35250406,female,0,25,50,50,25,30
35250406,male,25,40,15,20,25,15
35250407,female,0,25,20,25,30,40
35250407,male,10,10,20,20,15,30
35250408,female,10,10,35,25,0,10
35250408,male,10,15,25,20,10,15
35250409,female,10,10,15,20,20,0
35250409,male,0,20,25,0,25,10
35250410,female,10,15,30,15,10,30
35250410,male,0,15,25,30,0,20
35250411,female,15,10,20,45,25,15
35250411,male,25,20,15,25,20,15
35250412,female,0,15,15,20,20,10
35250412,male,0,10,0,20,0,10
35250413,female,0,35,40,30,20,30
35250413,male,25,35,20,40,20,30
35250416,female,0,25,20,30,30,30
35250416,male,0,35,35,10,15,30
35250417,female,15,15,20,0,30,15
35250417,male,15,15,15,10,0,15
35250418,female,10,10,40,40,20,30
35250418,male,0,25,35,25,20,35
35250419,female,0,20,15,15,10,30
35250419,male,20,35,10,25,30,25
35250420,female,10,40,60,70,25,20
35250420,male,10,35,55,70,55,30
35250421,female,0,30,35,40,30,20
35250421,male,10,35,45,35,20,25
35250422,female,0,10,0,40,0,0
35250422,male,15,40,40,20,0,25
35250423,female,10,25,35,35,20,45
35250423,male,10,30,35,30,20,20
35250424,female,0,15,20,45,20,20
35250424,male,0,15,25,15,35,40
35250425,female,10,25,40,60,10,60
35250425,male,15,35,50,35,25,45
35250426,female,0,10,50,50,20,0
35250426,male,0,0,25,40,15,15
35250427,female,10,30,20,25,25,25
35250427,male,15,10,15,25,25,20
35250428,female,10,25,25,25,10,15
35250428,male,15,10,20,25,15,15
35250429,female,10,10,15,20,0,20
35250429,male,25,10,30,30,0,20
35250430,female,0,10,30,30,20,15
35250430,male,10,10,35,20,35,20
35250431,female,10,20,35,25,25,35
35250431,male,10,15,10,20,15,45
35250434,female,15,35,70,55,55,70
35250434,male,15,65,55,50,50,90
35250435,female,0,20,0,15,10,15
35250435,male,0,25,25,25,25,35
35250436,female,0,35,10,10,20,10
35250436,male,20,20,10,20,0,30
35250437,female,0,0,30,25,15,20
35250437,male,30,10,40,35,15,20
35250438,female,0,10,10,20,0,20
35250438,male,20,35,0,10,10,10
35250439,female,10,25,40,40,10,45
35250439,male,25,40,15,0,10,55
35250440,female,0,30,30,30,20,35
35250440,male,10,35,50,25,10,55
35250441,female,15,55,25,45,30,30
35250441,male,20,20,20,20,15,30
35250442,female,0,10,55,25,25,30
35250442,male,50,25,20,30,15,45
35250443,female,10,0,40,25,15,25
35250443,male,45,30,30,0,20,25
35250444,female,10,15,20,30,10,20
35250444,male,10,15,15,0,20,25
35250445,female,0,10,35,15,0,10
35250445,male,15,25,30,0,0,10
35250446,female,0,10,35,25,25,30
35250446,male,30,30,30,20,0,20
35250447,female,0,10,10,15,15,15
35250447,male,15,25,15,10,0,15
35250448,female,0,45,40,25,20,45
35250448,male,20,25,40,35,10,45
35250449,female,10,20,20,15,0,15
35250449,male,20,35,0,20,15,15
35250450,female,0,30,15,10,20,30
35250450,male,15,15,20,10,0,35
35250451,female,0,15,10,10,0,0
35250451,male,10,10,10,15,10,10
35250452,female,10,10,25,15,15,15
35250452,male,10,10,20,10,10,30
35250453,female,10,0,25,30,15,15
35250453,male,15,20,25,15,35,20
35250454,female,10,30,15,35,25,20
35250454,male,25,35,50,15,0,45
35250455,female,0,0,10,20,25,15
35250455,male,20,0,25,10,10,30
35250456,female,0,20,10,10,10,30
35250456,male,15,10,10,0,0,20
35250457,female,x,x,x,x,x,x
35250457,male,x,x,x,x,x,x
35250458,female,0,10,15,10,0,20
35250458,male,10,10,15,0,10,10
35250459,female,15,15,25,25,20,20
35250459,male,20,30,55,15,15,30
35250460,female,0,10,20,15,0,15
35250460,male,25,20,0,10,0,15
35250461,female,10,25,15,20,15,15
35250461,male,25,50,10,10,0,15
35250462,female,0,20,0,30,15,10
35250462,male,10,10,10,0,0,0
35250463,female,10,20,20,0,10,30
35250463,male,15,15,15,10,10,25
35250464,female,0,10,15,25,0,20
35250464,male,10,10,25,10,0,15
35250465,female,0,10,20,35,10,20
35250465,male,25,35,15,15,55,60
35250466,female,10,15,20,25,15,25
35250466,male,10,10,10,15,15,15
35250467,female,10,10,25,10,10,10
35250467,male,0,15,20,25,25,30
35250468,female,10,10,20,10,20,10
35250468,male,0,35,25,30,20,10
35250471,female,10,0,15,10,10,10
35250471,male,10,20,10,10,0,15
35250472,female,10,15,15,30,15,20
35250472,male,20,35,0,10,10,15
35250473,female,0,20,15,30,0,30
35250473,male,10,10,0,10,0,15
35250474,female,10,10,20,0,20,15
35250474,male,10,55,20,10,30,30
35250475,female,0,15,20,15,10,15
35250475,male,10,20,25,10,20,15
35250476,female,0,10,20,10,10,10
35250476,male,15,15,15,0,10,15
35250477,female,0,30,0,0,10,40
35250477,male,30,45,30,10,10,10
35250478,female,20,15,10,25,0,10
35250478,male,20,20,20,10,10,0
35250479,female,10,30,10,25,15,10
35250479,male,25,30,20,30,15,30
35250480,female,15,25,25,10,30,15
35250480,male,15,40,20,10,15,10
35250481,female,0,10,10,0,10,20
35250481,male,10,20,20,10,10,20
35250482,female,10,0,30,10,10,20
35250482,male,20,15,10,10,10,30
35250483,female,10,20,0,10,10,25
35250483,male,30,25,10,15,0,15
35250484,female,0,0,0,15,10,15
35250484,male,10,10,20,0,10,20
35250485,female,0,15,20,15,25,10
35250485,male,20,25,20,15,10,20
35250486,female,10,10,50,30,0,15
35250486,male,30,20,45,15,0,35
35250487,female,10,0,25,30,0,10
35250487,male,0,20,25,10,15,10
35250488,female,10,20,25,20,10,20
35250488,male,20,50,10,30,20,10
35250489,female,10,15,10,20,20,0
35250489,male,20,15,30,10,15,10
35250490,female,0,0,30,50,15,0
35250490,male,10,35,20,20,10,50
35250491,female,0,0,10,20,0,10
35250491,male,0,10,0,15,0,15
35250492,female,10,10,10,35,15,20
35250492,male,15,35,10,15,10,10
35250493,female,10,30,25,25,25,0
35250493,male,15,25,30,15,0,10
35250494,female,0,10,15,15,10,25
35250494,male,15,15,30,15,10,30
35250495,female,0,30,35,20,10,0
35250495,male,10,20,25,0,10,15
35250496,female,0,10,25,10,0,0
35250496,male,10,15,15,15,0,0
35250497,female,10,15,35,40,25,20
35250497,male,10,35,30,30,10,30
35250498,female,10,0,30,30,20,20
35250498,male,25,30,35,15,15,25
35250499,female,20,15,10,35,20,10
35250499,male,20,30,20,30,15,15
35250501,female,0,10,35,55,15,15
35250501,male,0,15,20,60,0,15
35250502,female,10,0,40,35,20,20
35250502,male,0,10,25,45,35,20
35250503,female,0,0,20,50,20,20
35250503,male,15,35,20,50,20,10
35250504,female,15,0,15,30,20,30
35250504,male,10,20,20,30,20,0
35250506,female,10,20,45,20,15,25
35250506,male,15,15,35,15,10,20
35250507,female,10,25,30,35,0,25
35250507,male,20,20,35,15,0,30
35250508,female,0,15,35,40,30,15
35250508,male,0,20,25,50,15,35
35250509,female,0,10,50,75,35,25
35250509,male,0,20,40,40,15,40
35250510,female,0,10,30,65,20,0
35250510,male,15,15,35,50,15,10
35250511,female,0,30,45,55,15,10
35250511,male,15,40,40,40,10,25
35250512,female,0,10,40,35,25,10
35250512,male,0,10,10,25,25,10
35250513,female,10,10,55,45,20,15
35250513,male,10,45,35,25,35,25
35250514,female,0,40,45,90,35,15
35250514,male,0,25,70,70,45,25
35250515,female,0,10,15,35,0,10
35250515,male,10,20,20,20,10,20
35250516,female,0,15,55,50,40,30
35250516,male,10,35,50,45,30,35
35250517,female,0,10,25,30,10,20
35250517,male,15,20,10,15,10,10
35250518,female,0,10,15,20,0,10
35250518,male,0,25,25,10,0,0
35250519,female,10,20,50,25,10,15
35250519,male,20,40,35,20,20,15
35250520,female,10,25,40,35,25,30
35250520,male,35,30,15,25,25,75
35250521,female,0,10,15,50,15,15
35250521,male,0,45,30,30,15,40
35250522,female,0,0,15,10,10,20
35250522,male,0,15,15,10,0,10
35250523,female,0,10,30,10,20,15
35250523,male,20,30,20,15,10,15
35250524,female,0,15,20,35,10,10
35250524,male,10,10,20,15,10,15
35250525,female,10,15,30,30,10,15
35250525,male,25,0,30,10,10,15
35250526,female,10,15,50,60,30,50
35250526,male,15,70,25,10,15,55
35250527,female,0,15,20,0,25,20
35250527,male,20,30,20,15,10,20
35250528,female,10,0,30,10,10,10
35250528,male,0,25,30,10,0,10
35250529,female,10,20,15,10,15,15
35250529,male,25,0,30,0,0,10
35250530,female,0,10,20,30,10,20
35250530,male,10,25,10,15,15,40
35250531,female,10,10,10,30,10,35
35250531,male,15,20,20,10,0,45
35250532,female,0,0,35,25,10,25
35250532,male,15,20,20,20,10,20
35250533,female,0,45,65,20,15,40
35250533,male,30,35,0,25,30,60
35250534,female,0,25,20,25,15,20
35250534,male,15,35,25,10,10,40
35250535,female,0,20,10,40,30,10
35250535,male,10,25,15,10,10,35
35250536,female,15,10,25,20,20,15
35250536,male,30,20,35,10,20,15
35250537,female,10,30,40,45,15,25
35250537,male,10,15,65,40,10,30
35250538,female,0,35,30,15,15,30
35250538,male,0,20,25,30,10,55
35250539,female,10,45,65,45,15,20
35250539,male,45,25,30,25,30,20
35250540,female,15,15,35,20,20,20
35250540,male,35,35,15,10,15,40
35250541,female,0,0,30,25,20,15
35250541,male,15,25,25,15,15,20
35250542,female,10,10,25,20,10,30
35250542,male,0,30,20,10,10,45
35250545,female,0,20,15,15,25,15
35250545,male,15,25,10,10,15,10
35250546,female,0,15,10,30,10,15
35250546,male,10,35,10,10,10,35
35250547,female,0,15,0,25,10,30
35250547,male,20,20,35,10,10,35
35250548,female,10,20,20,35,10,45
35250548,male,30,25,15,10,0,45
35250549,female,10,10,30,35,0,10
35250549,male,20,35,25,10,0,20
35250550,female,10,25,20,25,10,25
35250550,male,10,35,30,10,15,15
35250551,female,10,20,25,20,15,25
35250551,male,15,35,20,15,10,30
35250552,female,15,20,20,15,15,15
35250552,male,25,25,10,0,0,10
35250553,female,0,15,55,30,10,35
35250553,male,25,25,10,10,15,30
35250554,female,15,15,30,25,15,25
35250554,male,30,25,30,10,10,25
35250555,female,0,25,50,35,0,30
35250555,male,10,15,25,10,0,40
35250556,female,0,20,35,30,10,10
35250556,male,25,65,30,20,15,30
35250557,female,0,25,25,30,25,65
35250557,male,35,35,25,10,15,40
35250558,female,10,10,15,30,15,15
35250558,male,30,25,15,20,20,35
35250559,female,0,25,40,35,15,0
35250559,male,0,30,15,20,0,35
35250560,female,0,10,40,30,15,15
35250560,male,15,25,25,10,10,30
35250561,female,0,10,35,10,20,0
35250561,male,25,20,10,15,0,10
35250562,female,10,10,45,25,10,35
35250562,male,25,30,30,15,10,25
35250563,female,10,25,40,20,20,30
35250563,male,30,15,40,10,15,30
35250564,female,10,10,45,10,0,15
35250564,male,20,20,35,15,0,10
35250565,female,0,20,75,45,10,15
35250565,male,35,40,60,10,50,60
35250566,female,10,20,35,15,10,15
35250566,male,25,25,30,20,0,20
35250567,female,0,15,20,25,15,25
35250567,male,35,40,20,25,0,20
35250568,female,20,20,35,25,30,55
35250568,male,35,45,40,25,0,10
35250569,female,0,10,10,0,10,30
35250569,male,10,20,10,0,10,25
35250570,female,0,20,10,35,25,15
35250570,male,0,25,15,10,10,10
35250571,female,0,15,10,25,10,20
35250571,male,0,10,10,0,0,0
35250572,female,15,10,30,20,15,15
35250572,male,20,25,30,20,0,30
35250573,female,15,30,95,65,15,70
35250573,male,30,50,50,60,10,55
35250574,female,10,0,25,40,25,10
35250574,male,15,30,15,10,10,25
35250578,female,15,35,40,15,25,50
35250578,male,30,45,45,15,15,40
35250579,female,0,15,25,35,10,25
35250579,male,10,30,40,30,10,30
35250580,female,10,25,10,15,10,10
35250580,male,10,10,10,10,0,10
35250581,female,10,40,40,30,30,45
35250581,male,25,45,40,30,15,40
35250582,female,0,25,55,35,10,20
35250582,male,20,30,25,10,0,40
35250583,female,0,50,45,50,10,35
35250583,male,25,35,50,30,10,15
35250585,female,10,10,50,15,10,45
35250585,male,10,20,20,10,45,65
35250586,female,10,65,90,80,30,45
35250586,male,45,40,80,60,15,90
35250587,female,0,15,30,10,20,25
35250587,male,30,10,25,0,0,10
35250588,female,0,15,20,25,20,0
35250588,male,25,20,25,10,0,10
35250589,female,10,20,65,40,20,15
35250589,male,20,45,50,35,10,25
35250590,female,0,10,25,30,10,25
35250590,male,20,10,20,0,10,25
35250591,female,15,30,70,30,15,45
35250591,male,20,40,35,15,15,70
35250592,female,10,25,45,35,25,30
35250592,male,15,25,25,25,15,20
35250593,female,10,20,30,15,15,15
35250593,male,10,15,0,10,20,20
35250594,female,10,10,25,15,10,55
35250594,male,25,20,10,15,10,35
35250595,female,0,15,25,20,30,45
35250595,male,15,40,35,0,10,20
35250596,female,10,35,30,50,10,30
35250596,male,15,30,50,25,15,25
35250597,female,0,0,10,30,10,0
35250597,male,15,20,10,10,0,30
35250598,female,10,25,35,30,10,20
35250598,male,25,30,25,10,0,30
35250599,female,10,25,0,15,20,20
35250599,male,15,25,15,0,0,0
35250600,female,0,15,25,15,10,15
35250600,male,10,20,35,0,10,30
35250601,female,0,15,30,10,0,10
35250601,male,20,10,20,15,10,25
35250602,female,10,10,10,10,15,0
35250602,male,10,10,20,10,0,25
35250603,female,0,30,55,50,40,25
35250603,male,30,45,40,15,10,30
35250604,female,0,10,20,15,15,20
35250604,male,10,20,45,0,10,20
35250605,female,10,0,15,20,10,25
35250605,male,0,15,10,10,10,25
35250606,female,10,25,15,25,10,35
35250606,male,15,40,15,10,20,10
35250607,female,15,45,35,15,10,25
35250607,male,20,40,35,10,0,30
35250608,female,0,15,15,0,20,30
35250608,male,0,20,10,0,0,45
35250609,female,10,15,40,40,10,45
35250609,male,15,20,40,15,0,25
35250610,female,10,10,30,30,10,40
35250610,male,25,40,15,10,15,25
35250611,female,0,15,25,20,0,10
35250611,male,10,20,20,10,0,25
35250612,female,15,20,45,30,20,40
35250612,male,20,15,25,20,15,45
35250613,female,25,50,65,65,30,75
35250613,male,35,80,35,15,0,80
35250614,female,10,15,0,15,0,10
35250614,male,20,15,10,0,0,10
35250615,female,0,10,25,20,0,20
35250615,male,15,15,10,0,10,15
35250616,female,0,15,10,0,0,10
35250616,male,10,0,0,10,10,10
35250617,female,15,20,25,15,15,15
35250617,male,20,15,30,10,15,25
35250618,female,0,15,0,20,15,10
35250618,male,15,10,10,10,15,10
35250619,female,0,25,10,10,25,25
35250619,male,15,35,20,15,15,50
35250620,female,0,10,35,30,0,10
35250620,male,20,20,25,25,10,15
35250621,female,40,35,60,60,30,15
35250621,male,30,40,15,40,20,45
35250622,female,0,20,30,20,10,10
35250622,male,10,40,25,10,0,15
35250623,female,0,10,30,25,15,20
35250623,male,0,10,30,10,0,15
35250624,female,0,10,35,0,10,15
35250624,male,10,15,30,10,0,30
35250625,female,10,10,15,20,0,0
35250625,male,15,10,15,10,0,15
35250626,female,10,20,20,35,0,20
35250626,male,15,45,25,0,0,25
35250627,female,0,20,20,30,25,25
35250627,male,0,35,25,15,10,65
35250628,female,10,0,15,10,0,20
35250628,male,15,10,0,25,0,15
35250629,female,20,25,60,35,0,10
35250629,male,20,25,25,30,15,40
35250630,female,15,25,45,15,25,15
35250630,male,45,40,15,10,15,25
35250631,female,0,15,15,35,15,15
35250631,male,15,30,25,10,0,25
35250632,female,10,25,30,35,20,30
35250632,male,0,35,20,20,0,35
35250633,female,10,0,25,0,0,0
35250633,male,15,15,30,10,0,0
35250634,female,0,15,30,35,0,35
35250634,male,10,10,20,30,10,35
35250635,female,0,10,25,15,25,15
35250635,male,0,0,30,10,15,15
35250636,female,15,30,55,50,25,25
35250636,male,35,55,40,20,35,40
35250637,female,30,50,40,55,45,45
35250637,male,50,40,35,20,20,85
35250638,female,0,10,10,30,10,15
35250638,male,0,20,0,10,10,10
35250639,female,0,15,35,65,45,20
35250639,male,15,20,30,35,10,30
35250640,female,15,25,25,25,25,25
35250640,male,20,40,10,35,10,15
35250641,female,0,30,10,45,20,0
35250641,male,20,25,20,10,10,40
35250642,female,0,15,35,35,15,45
35250642,male,10,25,25,20,15,35
35250643,female,0,0,30,40,15,20
35250643,male,25,40,40,20,10,30
35250644,female,10,15,35,20,10,10
35250644,male,15,20,20,20,0,20
35250645,female,0,20,50,25,20,10
35250645,male,10,15,50,25,0,35
35250646,female,10,20,70,55,50,40
35250646,male,60,50,60,20,10,35
35250647,female,0,20,75,85,30,35
35250647,male,30,55,60,25,20,35
35250648,female,10,50,60,65,20,50
35250648,male,40,35,60,10,10,55
35250649,female,10,20,35,45,30,20
35250649,male,15,20,55,10,30,35
35250650,female,0,10,25,15,10,30
35250650,male,10,30,25,15,0,25
35250651,female,10,15,25,20,0,20
35250651,male,0,30,25,20,20,15
35250652,female,0,35,30,60,10,30
35250652,male,20,50,45,25,25,25
35250655,female,25,70,120,70,60,75
35250655,male,30,70,125,65,40,125
35250656,female,0,20,40,25,10,0
35250656,male,10,10,25,10,10,10
35250657,female,0,25,50,65,20,25
35250657,male,15,40,30,30,40,20
35250658,female,0,10,15,15,10,20
35250658,male,15,25,0,0,10,10
35250659,female,15,15,30,40,25,30
35250659,male,20,40,25,20,15,20
35250661,female,0,40,80,80,25,60
35250661,male,35,50,85,20,35,80
35250662,female,0,60,120,115,55,75
35250662,male,85,90,85,85,25,75
35250663,female,0,25,40,70,30,20
35250663,male,15,35,40,30,10,35
35250664,female,10,10,25,45,10,20
35250664,male,35,20,25,20,0,15
35250665,female,10,10,45,25,10,20
35250665,male,10,45,45,15,10,25
35250666,female,0,10,30,20,10,15
35250666,male,10,30,30,10,10,15
35250667,female,0,10,0,15,0,15
35250667,male,0,0,0,0,10,0
35250668,female,0,0,10,0,10,10
35250668,male,0,20,10,25,10,20
35250669,female,0,0,15,10,25,0
35250669,male,10,10,0,0,15,10
35250670,female,0,10,10,0,10,0
35250670,male,10,10,25,15,30,10
35250671,female,0,20,15,0,0,10
35250671,male,10,20,0,0,15,0
35250672,female,0,15,10,15,0,15
35250672,male,0,0,15,10,15,0
35250675,female,0,0,10,25,20,15
35250675,male,10,25,25,35,20,10
35250676,female,10,10,10,30,0,0
35250676,male,0,20,30,50,0,15
35250677,female,0,10,30,65,25,0
35250677,male,10,0,45,35,10,0
35250678,female,10,0,20,45,55,20
35250678,male,0,20,30,40,30,15
35250679,female,0,15,30,40,15,0
35250679,male,0,15,45,30,25,10
35250680,female,0,10,25,30,30,20
35250680,male,0,20,10,35,30,20
35250681,female,10,10,30,45,20,40
35250681,male,30,25,35,55,50,35
35250692,female,0,0,25,10,15,20
35250692,male,20,15,15,15,10,15
35250693,female,10,20,15,20,0,20
35250693,male,10,15,0,10,10,15
35250694,female,10,15,25,10,0,10
35250694,male,15,15,0,0,10,10
35250695,female,10,10,0,0,20,10
35250695,male,25,25,0,10,0,15
35250696,female,0,0,10,10,0,10
35250696,male,0,10,10,0,0,25
35250700,female,10,20,25,10,10,25
35250700,male,15,40,10,10,0,30
35250701,female,0,30,15,30,10,25
35250701,male,10,15,20,0,10,25
35250702,female,0,35,30,25,40,30
35250702,male,35,20,25,20,0,25
35250703,female,10,20,15,15,15,15
35250703,male,20,20,15,10,10,25
35250704,female,10,20,15,20,15,10
35250704,male,40,30,20,15,0,10
35250705,female,0,25,20,20,20,20
35250705,male,25,25,20,25,20,25
35250706,female,0,30,15,15,10,35
35250706,male,25,45,15,15,0,45
35250707,female,10,10,20,30,10,15
35250707,male,25,15,15,10,10,25
35250708,female,0,10,20,20,25,30
35250708,male,25,45,25,10,10,50
35250709,female,0,20,25,35,20,20
35250709,male,10,35,30,0,10,25
35250710,female,10,15,10,40,10,25
35250710,male,45,20,10,15,20,20
35250711,female,10,15,0,25,0,20
35250711,male,20,10,35,0,0,10
35250712,female,15,0,20,15,15,0
35250712,male,25,25,40,0,0,25
35250713,female,0,10,25,10,10,10
35250713,male,15,30,15,10,0,10
35250714,female,10,25,10,35,15,25
35250714,male,0,40,25,10,10,20
35250715,female,10,15,30,35,15,0
35250715,male,15,35,35,0,10,30
35250716,female,10,10,20,35,25,20
35250716,male,30,35,25,20,15,50
35250717,female,10,20,15,15,25,20
35250717,male,20,60,35,10,10,15
35250718,female,15,10,35,0,20,15
35250718,male,10,15,25,10,0,30
35250719,female,10,10,20,15,10,25
35250719,male,20,15,10,10,10,20
35250720,female,10,25,35,45,10,20
35250720,male,10,30,45,15,15,25
35250721,female,20,10,35,30,0,10
35250721,male,30,30,20,15,25,15
35250724,female,15,0,20,10,20,10
35250724,male,15,15,20,35,25,15
35250725,female,10,10,20,15,20,15
35250725,male,0,40,15,25,10,15
35250726,female,10,25,35,30,15,20
35250726,male,10,30,15,15,15,25
35250727,female,0,0,25,10,0,10
35250727,male,0,15,20,0,15,15
35250728,female,10,20,30,15,10,25
35250728,male,25,35,25,10,0,50
35250729,female,10,20,25,35,0,20
35250729,male,10,35,20,10,15,30
35250730,female,10,25,15,15,0,15
35250730,male,15,20,25,30,0,25
35250731,female,0,10,40,30,10,35
35250731,male,25,30,15,20,15,25
35250732,female,10,20,10,40,15,20
35250732,male,10,20,10,15,15,30
35250733,female,10,20,45,45,25,15
35250733,male,10,40,55,15,20,10
35250734,female,10,25,20,60,30,30
35250734,male,20,20,40,25,0,25
35250735,female,10,30,30,25,10,10
35250735,male,0,25,30,10,15,10
35250736,female,10,15,45,40,10,10
35250736,male,25,55,15,10,10,20
35250737,female,0,25,45,35,15,10
35250737,male,10,40,40,0,15,15
35250738,female,0,10,40,40,20,25
35250738,male,20,35,25,10,10,10
35250739,female,10,40,40,30,10,15
35250739,male,20,35,30,20,10,40
35250740,female,10,30,30,15,15,20
35250740,male,30,45,35,10,0,20
35250741,female,10,10,35,30,15,30
35250741,male,30,50,25,20,0,10
35250742,female,0,40,20,30,20,20
35250742,male,30,45,25,20,20,25
35250743,female,0,15,40,15,10,15
35250743,male,35,40,20,25,10,10
35250744,female,25,30,50,45,30,25
35250744,male,35,50,35,20,10,30
35250745,female,20,20,15,10,10,0
35250745,male,10,35,20,0,10,20
35250746,female,20,15,15,25,10,25
35250746,male,10,30,0,15,10,15
35250747,female,10,10,10,50,10,15
35250747,male,15,35,15,10,0,35
35250748,female,10,35,30,15,0,20
35250748,male,25,35,20,10,0,40
35250749,female,0,30,35,10,15,20
35250749,male,10,25,25,0,10,20
35250750,female,10,10,45,10,10,25
35250750,male,30,60,25,0,10,35
35250753,female,10,20,30,15,15,25
35250753,male,40,25,15,10,25,15
35250754,female,0,20,15,15,10,15
35250754,male,20,35,25,0,0,20
35250755,female,15,10,15,15,10,25
35250755,male,10,50,25,10,10,25
35250756,female,15,15,25,45,0,40
35250756,male,35,40,35,0,10,30
35250757,female,15,10,60,0,10,15
35250757,male,10,25,45,25,0,40
35250758,female,0,10,30,10,15,25
35250758,male,0,15,35,10,10,10
35250759,female,10,0,30,20,15,30
35250759,male,20,55,15,10,0,15
35250760,female,20,25,15,10,10,20
35250760,male,25,30,25,0,0,20
35250761,female,15,10,25,15,10,15
35250761,male,20,25,15,0,15,25
35250762,female,10,10,20,30,0,25
35250762,male,30,25,15,0,15,20
35250763,female,10,20,25,40,10,45
35250763,male,25,40,30,10,10,55
35250764,female,0,30,30,15,20,25
35250764,male,15,30,10,15,15,0
35250765,female,0,15,45,25,0,10
35250765,male,25,20,20,0,0,25
35250766,female,10,15,40,10,15,10
35250766,male,15,35,30,0,10,15
35250767,female,0,10,20,0,10,20
35250767,male,10,25,40,10,10,10
35250768,female,10,15,25,20,10,15
35250768,male,30,40,15,0,0,10
35250769,female,15,15,30,10,10,20
35250769,male,15,55,15,15,15,10
35250770,female,15,0,10,35,25,10
35250770,male,15,15,10,15,10,20
35250771,female,0,10,25,30,0,30
35250771,male,40,20,10,25,0,40
35250772,female,0,30,15,25,10,15
35250772,male,25,0,20,15,0,40
35250773,female,0,20,15,30,15,50
35250773,male,10,55,30,10,25,25
35250774,female,0,10,10,20,0,30
35250774,male,0,30,15,0,10,20
35250775,female,15,15,0,15,0,10
35250775,male,10,20,30,10,20,15
35250776,female,0,10,15,0,10,10
35250776,male,10,10,10,0,10,20
35250777,female,15,10,20,50,20,20
35250777,male,10,30,25,15,0,30
35250778,female,10,15,20,20,15,20
35250778,male,30,30,10,15,15,20
35250779,female,0,30,20,10,10,15
35250779,male,10,25,10,15,0,20
35250780,female,10,10,20,25,0,20
35250780,male,20,15,15,15,10,25
35250781,female,0,15,15,35,10,15
35250781,male,25,35,35,10,20,30
35250782,female,10,25,45,15,10,15
35250782,male,20,35,10,10,10,20
35250783,female,15,20,30,20,15,15
35250783,male,30,30,35,10,15,10
35250784,female,10,20,20,40,10,15
35250784,male,10,35,20,20,15,15
35250785,female,10,30,25,40,10,20
35250785,male,20,40,25,10,10,15
35250786,female,10,15,15,35,15,35
35250786,male,30,40,10,15,0,45
35250787,female,10,45,50,65,15,20
35250787,male,30,40,40,45,15,25
35250788,female,10,0,20,40,10,35
35250788,male,10,55,45,15,10,10
35250789,female,10,15,50,20,15,25
35250789,male,10,25,55,10,10,25
35250790,female,20,25,50,40,10,30
35250790,male,15,40,15,30,15,30
35250791,female,0,20,50,50,20,10
35250791,male,10,40,35,25,0,20
35250792,female,10,20,30,25,25,25
35250792,male,0,50,30,15,10,15
35250793,female,0,20,30,25,0,20
35250793,male,15,0,20,15,10,15
35250798,female,10,0,10,10,10,10
35250798,male,15,10,10,0,20,25
35250799,female,10,0,10,20,10,30
35250799,male,15,10,20,15,15,20
35250800,female,0,15,35,20,15,25
35250800,male,10,15,15,10,0,50
35250801,female,10,30,50,50,20,35
35250801,male,15,15,35,35,25,15
35250802,female,0,10,35,30,20,20
35250802,male,20,10,25,35,10,15
35250803,female,0,25,30,25,0,20
35250803,male,10,20,40,25,10,20
35250804,female,25,75,195,145,70,70
35250804,male,55,125,150,115,75,70
35250805,female,10,30,90,50,20,20
35250805,male,35,60,90,75,15,55
35250806,female,0,20,30,35,10,15
35250806,male,25,30,25,10,20,30
35250807,female,10,25,115,40,35,25
35250807,male,35,70,85,50,10,50
35250810,female,20,30,50,50,15,20
35250810,male,30,85,55,20,0,15
35250812,female,0,0,40,30,0,10
35250812,male,10,30,35,20,0,15
35250813,female,0,20,50,45,10,15
35250813,male,10,20,65,35,10,10
35250814,female,10,25,40,10,30,0
35250814,male,15,40,40,10,10,15
35250815,female,15,35,150,60,60,35
35250815,male,70,80,85,60,20,50
35250826,female,10,10,40,70,35,30
35250826,male,15,25,60,35,30,35
35250827,female,15,25,10,0,10,0
35250827,male,15,45,15,15,10,10
35250828,female,10,10,35,25,0,0
35250828,male,0,20,20,15,10,0
35250829,female,0,25,20,25,15,40
35250829,male,10,25,65,15,0,15
35250830,female,0,0,15,50,25,35
35250830,male,10,25,30,25,0,15
35250831,female,0,15,60,25,35,20
35250831,male,10,25,35,20,15,15
35250832,female,10,10,10,15,0,25
35250832,male,10,20,0,10,10,15
35250833,female,10,10,30,20,15,0
35250833,male,10,15,15,15,0,0
35250834,female,0,0,55,30,10,15
35250834,male,10,25,35,25,0,10
35250835,female,0,15,30,20,15,10
35250835,male,15,15,30,0,0,25
35250836,female,15,15,30,25,10,10
35250836,male,10,40,50,10,0,10
35250843,female,0,40,90,65,30,40
35250843,male,15,65,50,40,30,30
35250845,female,10,40,20,35,40,55
35250845,male,75,75,40,30,10,120
35250846,female,0,25,10,25,25,30
35250846,male,40,10,20,15,0,20
35250847,female,0,20,15,30,0,30
35250847,male,25,40,15,25,40,20
35250848,female,0,15,45,65,35,35
35250848,male,15,15,65,65,30,20
35250849,female,10,60,70,65,25,55
35250849,male,40,120,60,30,15,30
35250850,female,10,25,65,55,40,40
35250850,male,70,60,75,10,35,40
35250851,female,45,80,60,60,40,95
35250851,male,80,110,100,50,25,125
35250852,female,35,75,80,95,55,70
35250852,male,55,115,80,35,25,115
35250853,female,40,20,30,45,15,30
35250853,male,50,55,10,35,40,50
35250854,female,10,35,35,30,55,55
35250854,male,10,45,55,50,25,40
35250855,female,10,15,50,50,40,75
35250855,male,25,50,50,65,45,40
35250857,female,0,30,20,25,25,20
35250857,male,35,50,25,15,0,40
35250859,female,0,20,40,35,20,25
35250859,male,25,25,25,25,10,15
35250860,female,25,65,110,90,55,70
35250860,male,70,70,90,80,45,115
35250861,female,0,25,30,20,45,40
35250861,male,10,35,25,20,15,30
35250862,female,10,25,45,20,10,0
35250862,male,0,55,45,20,10,15
35250863,female,0,10,25,15,20,10
35250863,male,25,25,30,45,10,0
35250864,female,10,15,35,20,25,30
35250864,male,20,45,65,20,15,0
35250865,female,10,20,20,45,35,0
35250865,male,10,45,25,20,0,20
35250866,female,0,10,40,40,30,15
35250866,male,15,50,50,45,10,0
35250867,female,10,30,35,20,20,20
35250867,male,15,30,55,35,0,40
35250868,female,0,10,20,30,10,10
35250868,male,10,35,10,20,15,20
35250869,female,0,10,50,45,15,0
35250869,male,25,25,45,15,10,15
35250870,female,0,20,30,45,40,20
35250870,male,30,35,85,30,20,15
35250871,female,0,15,45,35,25,20
35250871,male,0,30,40,30,10,20
35250872,female,10,25,60,35,30,10
35250872,male,10,25,65,40,20,25
35250873,female,0,30,50,45,20,10
35250873,male,25,50,45,30,20,40
35250874,female,0,25,35,45,15,40
35250874,male,25,50,55,25,10,25
35250875,female,10,25,35,50,10,10
35250875,male,10,50,50,30,10,25
35250876,female,0,10,25,25,25,15
35250876,male,15,40,55,20,0,15
35250877,female,0,15,20,25,0,0
35250877,male,10,30,45,10,0,15
35250878,female,10,25,45,30,0,15
35250878,male,10,10,50,35,30,0
35250879,female,10,15,50,55,15,20
35250879,male,20,55,40,30,15,20
35250880,female,10,25,25,50,15,15
35250880,male,0,25,20,0,10,30
35250881,female,15,20,30,35,35,10
35250881,male,20,25,40,20,20,20
35250882,female,0,40,70,40,35,30
35250882,male,30,45,90,30,20,30
35250883,female,0,25,75,45,20,15
35250883,male,0,30,45,35,0,20
35250884,female,0,25,50,55,10,60
35250884,male,30,15,40,50,15,25
35250885,female,10,15,35,45,15,15
35250885,male,0,35,40,30,20,15
35250886,female,0,20,50,30,30,10
35250886,male,15,55,55,20,0,55
35250887,female,10,20,50,65,20,50
35250887,male,10,40,50,15,0,35
35250888,female,0,15,55,40,20,10
35250888,male,0,60,65,20,10,15
35250889,female,0,0,55,45,25,25
35250889,male,10,40,45,40,15,15
35250890,female,10,20,25,45,15,30
35250890,male,15,20,30,20,15,15
35250891,female,10,15,40,25,20,25
35250891,male,10,30,15,40,10,20
35250892,female,15,135,210,180,75,85
35250892,male,90,160,200,95,50,85
35250893,female,0,30,50,35,10,20
35250893,male,0,25,80,30,10,15
35250894,female,0,10,25,35,30,15
35250894,male,10,55,20,15,0,20
35250895,female,10,25,45,40,35,0
35250895,male,0,35,65,25,10,15
35250896,female,0,15,15,55,15,20
35250896,male,0,15,45,20,10,10
35250897,female,0,15,40,30,15,10
35250897,male,20,60,30,10,10,15
35250898,female,10,10,15,50,10,10
35250898,male,10,25,35,20,0,10
35250899,female,0,10,25,15,10,15
35250899,male,15,35,25,15,0,0
35250900,female,10,15,40,0,10,0
35250900,male,15,35,25,20,15,10
35250901,female,0,25,35,25,20,10
35250901,male,25,30,30,35,10,10
35250902,female,10,25,35,30,15,20
35250902,male,25,35,50,25,0,20
35250903,female,0,15,45,15,10,0
35250903,male,15,50,65,15,10,20
35250904,female,10,15,65,30,10,20
35250904,male,0,65,50,35,0,15
35250905,female,10,30,25,20,25,10
35250905,male,15,25,75,15,10,20
35250906,female,0,25,25,35,10,25
35250906,male,10,30,45,15,25,20
35250907,female,0,10,30,20,10,10
35250907,male,0,40,25,10,10,20
35250908,female,10,10,30,55,10,15
35250908,male,0,40,45,35,15,10
35250909,female,15,35,100,145,45,50
35250909,male,35,95,115,65,60,90
35250910,female,15,55,70,120,40,75
35250910,male,10,60,70,110,35,80
35250911,female,10,35,60,25,20,25
35250911,male,10,45,50,35,20,20
35250912,female,0,15,25,50,25,20
35250912,male,25,30,25,50,15,15
35250913,female,0,25,45,45,30,10
35250913,male,10,25,25,35,25,40
35250914,female,10,25,15,15,15,10
35250914,male,0,25,35,25,10,10
35250918,female,0,20,35,35,45,25
35250918,male,0,25,25,20,0,15
35250919,female,10,15,60,35,30,40
35250919,male,25,40,45,15,15,40
35250920,female,0,30,110,90,35,35
35250920,male,35,60,75,65,15,50
35250921,female,0,35,50,30,25,30
35250921,male,20,60,55,10,15,45
35250922,female,10,15,50,50,25,15
35250922,male,35,40,50,30,25,25
35250923,female,0,10,55,35,10,50
35250923,male,35,40,30,30,10,35
35250924,female,10,15,35,35,10,25
35250924,male,20,40,25,20,0,20
35250925,female,10,30,15,40,15,10
35250925,male,20,45,35,25,0,20
35250928,female,10,10,25,20,10,15
35250928,male,10,35,25,45,0,15
35250929,female,10,10,40,30,10,30
35250929,male,30,45,45,20,10,35
35250930,female,15,30,35,30,35,10
35250930,male,25,60,35,25,0,10
35250931,female,15,15,45,35,10,20
35250931,male,40,20,50,25,0,45
35250932,female,10,15,10,15,0,20
35250932,male,35,25,25,15,0,10
35250933,female,0,30,25,10,15,15
35250933,male,25,25,30,20,0,15
35250934,female,0,20,25,20,10,20
35250934,male,15,25,30,35,10,25
35250935,female,10,65,20,25,10,30
35250935,male,10,70,15,10,10,50
35250936,female,10,10,35,50,15,15
35250936,male,10,35,45,20,10,20
35250937,female,0,15,70,55,40,25
35250937,male,20,65,55,45,25,25
35250938,female,10,40,55,35,20,15
35250938,male,30,40,55,20,15,20
35250939,female,0,15,30,45,20,15
35250939,male,10,20,45,35,0,25
35250940,female,0,10,35,30,20,20
35250940,male,0,25,30,35,10,10
35250941,female,0,20,40,25,15,30
35250941,male,40,45,45,15,30,20
35250942,female,10,10,35,10,20,15
35250942,male,20,25,35,25,15,25
35250943,female,10,20,70,85,35,15
35250943,male,20,50,60,50,25,45
35250944,female,0,10,30,40,40,25
35250944,male,20,35,35,30,10,15
35250945,female,10,25,55,60,20,25
35250945,male,25,40,45,35,20,30
35250946,female,0,20,25,15,0,20
35250946,male,10,40,35,20,10,20
35250947,female,0,10,60,55,30,30
35250947,male,15,30,55,35,10,25
35250948,female,15,30,110,90,40,45
35250948,male,50,65,100,70,15,60
35250949,female,0,0,35,30,20,15
35250949,male,10,35,15,15,10,35
35250950,female,10,25,50,35,10,30
35250950,male,20,35,30,20,10,25
35250951,female,10,30,50,55,10,20
35250951,male,15,50,35,35,10,15
35250952,female,20,95,195,140,50,60
35250952,male,45,135,210,105,70,75
35250953,female,10,10,15,0,0,35
35250953,male,0,25,25,20,0,15
35250954,female,10,20,30,10,10,10
35250954,male,10,20,20,15,10,35
35250955,female,0,15,0,0,0,15
35250955,male,0,15,10,0,0,10
35250956,female,10,10,0,0,10,15
35250956,male,0,0,10,15,10,20
35250957,female,0,25,30,20,30,10
35250957,male,20,25,35,0,10,10
35250958,female,10,35,20,10,15,15
35250958,male,10,20,20,15,10,10
35250959,female,0,20,20,25,10,35
35250959,male,15,20,15,15,20,25
35250960,female,10,0,15,15,10,15
35250960,male,10,10,0,10,10,25
35250961,female,20,15,15,20,0,30
35250961,male,10,40,10,10,10,30
35250962,female,10,30,35,30,15,10
35250962,male,0,30,30,30,40,25
35250963,female,20,120,145,115,95,145
35250963,male,45,65,130,110,50,115
35250964,female,0,20,30,40,35,25
35250964,male,10,50,35,15,30,30
35250965,female,0,10,10,20,25,30
35250965,male,10,15,20,20,15,0
35250966,female,x,x,x,x,x,x
35250966,male,x,x,x,x,x,x
35250967,female,0,15,60,20,10,20
35250967,male,0,15,40,25,15,0
35250968,female,0,20,20,25,10,40
35250968,male,15,20,10,45,15,20
35250969,female,10,20,30,15,10,35
35250969,male,15,40,30,25,10,25
35250970,female,10,15,0,25,20,35
35250970,male,0,10,35,20,0,35
35250971,female,10,20,25,20,10,25
35250971,male,20,35,45,0,20,25
35250972,female,0,20,25,20,25,15
35250972,male,10,35,40,10,0,10
35250973,female,0,15,40,10,10,15
35250973,male,10,35,20,15,0,15
35250974,female,0,25,30,15,10,10
35250974,male,0,50,15,0,15,20
35250975,female,0,10,25,20,10,0
35250975,male,15,20,45,10,10,10
35250976,female,10,10,15,0,0,15
35250976,male,20,25,25,10,15,10
35250978,female,10,75,215,150,75,85
35250978,male,105,130,175,80,20,95
35250980,female,0,15,10,25,20,0
35250980,male,15,25,30,15,10,25
35250981,female,10,85,160,145,85,85
35250981,male,55,120,145,75,60,130
35250982,female,0,0,0,0,0,0
35250982,male,0,0,0,0,0,0
35250983,female,10,20,15,45,0,20
35250983,male,10,25,20,15,10,30
35250985,female,10,30,70,105,30,60
35250985,male,55,95,95,60,20,30
35250986,female,0,25,110,105,50,30
35250986,male,25,80,95,85,30,20
35250987,female,10,30,55,35,25,20
35250987,male,20,65,45,35,10,15
35250988,female,15,55,75,35,35,40
35250988,male,25,40,40,35,20,50
35250989,female,20,65,65,60,35,65
35250989,male,40,80,25,25,30,65
35250990,female,0,15,30,50,10,35
35250990,male,10,25,10,0,10,50
35250991,female,0,25,25,30,15,0
35250991,male,25,50,30,25,10,15
35250992,female,0,15,40,25,0,10
35250992,male,15,25,65,10,0,25
35250993,female,0,10,0,10,0,0
35250993,male,0,10,20,0,15,10
35250994,female,10,50,80,65,10,30
35250994,male,35,70,60,30,40,25
35250995,female,30,65,90,60,55,65
35250995,male,45,25,85,40,30,100
35250996,female,30,45,100,75,45,15
35250996,male,15,65,90,75,40,30
35250997,female,0,25,35,35,15,15
35250997,male,30,35,40,25,0,10
35250998,female,0,0,30,55,20,15
35250998,male,20,25,15,45,20,0
35250999,female,0,20,25,55,40,15
35250999,male,10,15,75,120,20,20
35251000,female,0,20,35,15,10,10
35251000,male,15,0,45,20,0,20
35251001,female,0,20,20,35,15,15
35251001,male,15,35,35,30,15,30
35251002,female,0,45,40,30,40,25
35251002,male,10,40,55,25,25,45
35251003,female,0,0,25,50,10,20
35251003,male,15,10,15,15,25,10
35251004,female,20,20,35,40,30,35
35251004,male,20,25,35,10,20,35
35251005,female,10,20,75,70,20,15
35251005,male,25,25,75,75,40,40
35251006,female,10,20,40,35,35,25
35251006,male,15,35,35,55,20,30
35251007,female,0,15,45,80,60,25
35251007,male,30,35,50,55,30,25
35251008,female,0,10,30,50,15,15
35251008,male,10,35,40,15,0,15
35251009,female,15,25,70,45,55,35
35251009,male,40,45,50,50,15,40
35251010,female,0,10,65,60,20,0
35251010,male,10,40,50,25,0,30
35251011,female,0,10,85,60,15,25
35251011,male,15,45,35,20,10,40
35251012,female,0,30,40,60,20,30
35251012,male,25,25,60,15,0,40
35251013,female,0,30,95,65,50,30
35251013,male,15,75,60,55,15,65
35251014,female,0,10,30,45,0,0
35251014,male,20,15,15,10,10,25
35251015,female,10,15,90,30,20,30
35251015,male,30,30,50,20,15,40
35251016,female,10,20,45,30,10,25
35251016,male,10,40,40,25,10,30
35251017,female,0,20,30,45,15,25
35251017,male,45,25,15,20,10,40
35251018,female,10,20,65,55,15,25
35251018,male,15,40,60,15,10,30
35251019,female,0,15,35,40,15,20
35251019,male,30,25,15,25,20,0
35251020,female,10,45,70,45,35,35
35251020,male,15,75,75,30,25,50
35251021,female,0,50,55,65,20,25
35251021,male,25,55,55,20,0,35
35251022,female,15,50,130,130,65,40
35251022,male,65,105,90,95,40,65
35251023,female,0,10,75,70,30,30
35251023,male,20,30,80,55,35,20
35251024,female,0,45,85,80,25,25
35251024,male,15,55,85,60,30,30
35251025,female,10,20,10,35,10,50
35251025,male,0,10,10,0,10,30
35251026,female,0,30,40,45,15,35
35251026,male,15,45,15,15,10,25
35260307,female,10,30,65,70,25,30
35260307,male,30,40,50,45,10,15
35260309,female,20,70,100,85,35,60
35260309,male,60,115,105,30,20,55
35260310,female,0,20,35,35,0,10
35260310,male,25,25,25,10,10,30
35260311,female,0,40,45,40,35,15
35260311,male,20,45,60,20,20,25
35260313,female,10,10,50,10,15,25
35260313,male,25,20,40,20,0,15
35260314,female,0,0,10,45,0,35
35260314,male,10,30,35,20,10,20
35260315,female,0,10,20,20,15,15
35260315,male,35,15,25,20,20,10
35260316,female,0,10,35,15,25,15
35260316,male,20,55,20,15,15,40
35260317,female,0,10,35,40,10,20
35260317,male,15,20,15,10,0,20
35260318,female,10,15,20,45,20,25
35260318,male,25,25,35,10,20,25
35260319,female,0,20,25,15,10,25
35260319,male,0,20,20,15,10,25
35260320,female,0,20,40,25,20,15
35260320,male,25,35,15,0,0,15
35260321,female,0,30,30,40,15,20
35260321,male,15,35,30,10,0,55
35260322,female,15,10,25,45,10,10
35260322,male,10,25,25,15,10,10
35260323,female,10,10,20,35,10,15
35260323,male,0,40,20,25,10,20
35260324,female,10,10,55,60,15,10
35260324,male,20,30,20,20,25,30
35260325,female,0,0,20,25,10,10
35260325,male,10,15,0,10,0,25
35260326,female,10,15,25,25,0,25
35260326,male,10,60,20,15,10,20
35260327,female,10,0,30,0,15,15
35260327,male,0,0,55,10,10,20
35260328,female,0,15,35,15,0,0
35260328,male,15,15,25,10,10,0
35260330,female,0,10,30,35,0,25
35260330,male,10,15,35,20,0,40
35260332,female,0,20,30,35,20,35
35260332,male,15,35,25,30,10,20
35260333,female,0,35,30,45,15,20
35260333,male,15,35,35,40,10,15
35260334,female,0,15,15,35,15,20
35260334,male,25,10,30,10,10,15
35260335,female,10,40,120,115,55,60
35260335,male,45,85,130,95,15,40
35260336,female,15,55,95,120,25,65
35260336,male,40,95,140,80,15,55
35260337,female,15,10,35,10,10,10
35260337,male,10,25,0,10,0,15
35260338,female,10,60,120,160,70,70
35260338,male,50,100,155,80,40,70
35260339,female,0,20,45,60,20,30
35260339,male,10,60,45,35,0,20
35260340,female,0,45,60,90,10,45
35260340,male,40,85,65,45,10,50
35260341,female,0,15,20,25,25,20
35260341,male,30,30,15,20,0,25
35260342,female,0,20,35,45,0,10
35260342,male,25,15,40,30,10,35
35260734,female,10,45,110,90,25,60
35260734,male,55,80,105,55,0,60
35260828,female,0,20,20,25,0,15
35260828,male,10,35,15,20,10,15
35260829,female,0,15,55,25,0,25
35260829,male,0,35,35,30,0,30
35260830,female,0,20,70,55,25,15
35260830,male,25,45,65,45,10,50
35260831,female,0,0,40,40,25,30
35260831,male,10,30,25,35,10,15
35260832,female,0,15,65,45,20,30
35260832,male,25,45,75,35,0,25
35260833,female,0,25,30,25,30,15
35260833,male,10,50,60,20,25,0
