geo_code,,0 to 17 years (%),0 to 5 years (%),18 to 64 years (%),65 years and over (%)
35240317,female,7.1,20.0,3.6,0.0
35240317,male,0.0,0.0,2.3,0.0
35240318,female,23.8,16.7,10.3,0.0
35240318,male,30.0,0.0,2.2,0.0
35240319,female,9.1,0.0,3.2,0.0
35240319,male,9.1,0.0,3.0,0.0
35240320,female,0.0,0.0,6.5,0.0
35240320,male,14.3,0.0,5.7,0.0
35240321,female,6.7,0.0,3.8,0.0
35240321,male,5.9,0.0,4.3,0.0
35240322,female,0.0,0.0,0.0,0.0
35240322,male,0.0,0.0,0.0,0.0
35240323,female,0.0,0.0,0.0,0.0
35240323,male,0.0,0.0,0.0,0.0
35240324,female,5.0,0.0,3.6,11.1
35240324,male,5.3,0.0,5.8,14.3
35240325,female,0.0,0.0,3.4,0.0
35240325,male,0.0,33.3,3.4,0.0
35240326,female,12.5,0.0,2.9,0.0
35240326,male,8.3,0.0,0.0,0.0
35240327,female,16.7,0.0,3.2,0.0
35240327,male,0.0,0.0,3.2,0.0
35240328,female,0.0,0.0,3.7,13.3
35240328,male,0.0,0.0,3.8,7.7
35240329,female,16.7,0.0,10.3,0.0
35240329,male,21.4,33.3,5.1,11.1
35240330,female,17.6,0.0,17.1,0.0
35240330,male,35.7,66.7,9.4,0.0
35240331,female,11.8,0.0,4.9,8.3
35240331,male,10.0,0.0,6.8,12.5
35240332,female,14.3,0.0,6.7,10.0
35240332,male,25.0,0.0,8.8,0.0
35240333,female,16.7,0.0,0.0,10.0
35240333,male,0.0,0.0,9.1,0.0
35240334,female,25.0,0.0,3.8,7.7
35240334,male,0.0,0.0,10.7,0.0
35240335,female,22.2,50.0,4.0,0.0
35240335,male,30.0,25.0,4.2,0.0
35240336,female,9.1,25.0,3.4,0.0
35240336,male,16.7,25.0,7.4,0.0
35240337,female,11.1,0.0,3.7,0.0
35240337,male,11.1,25.0,7.7,0.0
35240338,female,12.5,25.0,5.7,0.0
35240338,male,10.0,20.0,5.8,16.7
35240339,female,9.1,25.0,6.7,5.3
35240339,male,7.7,0.0,3.8,4.3
35240340,female,16.7,0.0,0.0,0.0
35240340,male,14.3,0.0,4.0,0.0
35240341,female,11.8,12.5,8.9,8.3
35240341,male,12.5,20.0,9.3,10.0
35240342,female,8.3,0.0,5.4,5.9
35240342,male,0.0,0.0,8.3,0.0
35240343,female,0.0,0.0,0.0,0.0
35240343,male,14.3,0.0,5.3,0.0
35240344,female,0.0,0.0,3.7,0.0
35240344,male,10.0,0.0,7.4,0.0
35240345,female,11.1,0.0,6.1,0.0
35240345,male,12.5,0.0,3.7,0.0
35240346,female,11.1,0.0,2.8,0.0
35240346,male,0.0,0.0,0.0,0.0
35240347,female,10.0,0.0,2.9,0.0
35240347,male,0.0,0.0,0.0,0.0
35240348,female,0.0,0.0,0.0,0.0
35240348,male,9.1,0.0,2.9,0.0
35240349,female,9.1,0.0,4.9,0.0
35240349,male,8.3,0.0,2.4,0.0
35240350,female,0.0,0.0,2.0,0.0
35240350,male,8.3,0.0,2.1,0.0
35240351,female,11.1,0.0,5.0,0.0
35240351,male,5.9,0.0,2.6,0.0
35240352,female,0.0,0.0,4.5,0.0
35240352,male,11.1,0.0,10.0,0.0
35240353,female,29.4,0.0,13.3,0.0
35240353,male,47.1,20.0,8.1,0.0
35240354,female,0.0,0.0,0.0,0.0
35240354,male,14.3,0.0,0.0,0.0
35240355,female,0.0,0.0,0.0,0.0
35240355,male,0.0,0.0,3.7,0.0
35240356,female,0.0,0.0,5.0,0.0
35240356,male,0.0,0.0,2.7,0.0
35240357,female,0.0,0.0,3.6,25.0
35240357,male,0.0,0.0,0.0,0.0
35240358,female,0.0,0.0,2.1,0.0
35240358,male,0.0,0.0,1.8,0.0
35240359,female,0.0,0.0,0.0,0.0
35240359,male,0.0,0.0,0.0,0.0
35240363,female,0.0,0.0,2.6,0.0
35240363,male,6.7,0.0,0.0,0.0
35240364,female,0.0,0.0,0.0,0.0
35240364,male,9.1,0.0,3.3,0.0
35240365,female,0.0,0.0,0.0,0.0
35240365,male,0.0,0.0,0.0,0.0
35240366,female,0.0,0.0,2.6,0.0
35240366,male,0.0,0.0,0.0,0.0
35240367,female,7.1,0.0,0.0,14.3
35240367,male,0.0,33.3,2.7,0.0
35240368,female,0.0,0.0,0.0,0.0
35240368,male,0.0,0.0,2.7,0.0
35240369,female,7.1,20.0,2.4,0.0
35240369,male,11.8,0.0,4.9,0.0
35240370,female,0.0,0.0,2.8,0.0
35240370,male,0.0,0.0,5.9,0.0
35240371,female,0.0,0.0,0.0,0.0
35240371,male,0.0,0.0,4.3,0.0
35240372,female,11.1,0.0,3.3,0.0
35240372,male,11.1,0.0,3.6,14.3
35240373,female,14.3,0.0,4.0,0.0
35240373,male,0.0,0.0,4.0,0.0
35240374,female,12.5,0.0,3.6,0.0
35240374,male,0.0,0.0,0.0,0.0
35240375,female,13.3,16.7,2.5,0.0
35240375,male,5.6,0.0,5.1,0.0
35240376,female,9.1,0.0,3.2,0.0
35240376,male,0.0,0.0,3.4,25.0
35240377,female,12.5,0.0,0.0,0.0
35240377,male,12.5,0.0,4.2,0.0
35240378,female,6.7,0.0,4.8,25.0
35240378,male,6.7,0.0,5.3,0.0
35240379,female,20.0,0.0,5.6,0.0
35240379,male,0.0,0.0,0.0,0.0
35240380,female,9.1,0.0,3.8,16.7
35240380,male,0.0,0.0,0.0,0.0
35240381,female,3.4,0.0,5.3,2.6
35240381,male,4.0,0.0,4.1,0.0
35240382,female,0.0,0.0,0.0,0.0
35240382,male,12.5,0.0,4.3,0.0
35240383,female,0.0,0.0,3.4,0.0
35240383,male,0.0,0.0,3.2,0.0
35240384,female,0.0,0.0,5.3,0.0
35240384,male,0.0,0.0,8.8,0.0
35240385,female,0.0,0.0,0.0,0.0
35240385,male,0.0,0.0,0.0,0.0
35240386,female,0.0,0.0,5.9,0.0
35240386,male,0.0,0.0,0.0,0.0
35240387,female,0.0,0.0,3.6,0.0
35240387,male,11.1,0.0,3.8,0.0
35240388,female,11.1,0.0,4.3,0.0
35240388,male,9.1,0.0,2.3,0.0
35240391,female,14.3,50.0,4.3,0.0
35240391,male,20.0,50.0,4.8,0.0
35240392,female,14.3,0.0,14.6,0.0
35240392,male,0.0,0.0,7.1,7.1
35240393,female,0.0,0.0,2.9,0.0
35240393,male,10.0,0.0,3.3,0.0
35240394,female,0.0,50.0,3.7,0.0
35240394,male,14.3,0.0,3.8,0.0
35240395,female,0.0,0.0,5.4,10.0
35240395,male,0.0,0.0,5.7,0.0
35240396,female,0.0,0.0,4.5,0.0
35240396,male,16.7,0.0,4.8,0.0
35240397,female,20.0,20.0,8.9,4.1
35240397,male,20.0,20.0,7.5,1.0
35240398,female,0.0,0.0,7.7,5.3
35240398,male,0.0,0.0,7.7,0.0
35240399,female,11.1,0.0,2.8,0.0
35240399,male,0.0,0.0,6.3,0.0
35240400,female,13.3,12.5,7.2,4.3
35240400,male,2.9,0.0,4.9,0.0
35240401,female,0.0,25.0,5.4,6.3
35240401,male,16.7,33.3,7.8,0.0
35240402,female,0.0,0.0,0.0,0.0
35240402,male,9.1,0.0,3.1,0.0
35240403,female,0.0,0.0,0.0,0.0
35240403,male,0.0,0.0,4.5,0.0
35240404,female,9.1,0.0,5.1,0.0
35240404,male,0.0,0.0,5.4,6.7
35240405,female,8.3,0.0,2.2,15.4
35240405,male,10.0,25.0,2.5,0.0
35240406,female,14.3,0.0,4.8,0.0
35240406,male,0.0,0.0,4.8,0.0
35240409,female,9.5,14.3,9.3,0.0
35240409,male,6.3,0.0,8.6,0.0
35240410,female,16.7,0.0,11.1,0.0
35240410,male,12.5,0.0,5.9,0.0
35240411,female,0.0,0.0,0.0,0.0
35240411,male,0.0,0.0,5.3,0.0
35240412,female,0.0,33.3,3.7,0.0
35240412,male,22.2,0.0,3.7,0.0
35240413,female,9.1,0.0,0.0,0.0
35240413,male,11.1,0.0,6.9,0.0
35240414,female,14.3,0.0,9.7,0.0
35240414,male,25.0,0.0,7.7,0.0
35240417,female,60.0,50.0,16.3,6.3
35240417,male,28.6,33.3,20.9,0.0
35240420,female,14.3,0.0,5.9,11.1
35240420,male,0.0,0.0,6.1,0.0
35240421,female,25.0,0.0,12.5,0.0
35240421,male,0.0,0.0,12.5,0.0
35240422,female,0.0,0.0,20.7,16.7
35240422,male,33.3,100.0,16.7,12.5
35240423,female,0.0,...,16.7,23.7
35240423,male,0.0,0.0,14.3,20.0
35240425,female,33.3,0.0,9.7,0.0
35240425,male,0.0,0.0,10.0,33.3
35240427,female,25.0,0.0,11.7,3.6
35240427,male,0.0,0.0,9.3,2.6
35240428,female,40.0,50.0,15.6,17.6
35240428,male,25.0,0.0,20.0,9.1
35240429,female,50.0,33.3,18.8,13.3
35240429,male,60.0,0.0,20.0,11.1
35240431,female,0.0,0.0,4.8,16.7
35240431,male,0.0,...,4.5,0.0
35240432,female,0.0,0.0,7.4,0.0
35240432,male,14.3,0.0,7.7,6.3
35240433,female,0.0,0.0,4.9,0.0
35240433,male,7.7,0.0,2.7,0.0
35240436,female,25.0,0.0,11.1,14.3
35240436,male,25.0,0.0,5.6,0.0
35240437,female,14.3,0.0,3.2,17.2
35240437,male,0.0,0.0,3.7,20.0
35240438,female,11.1,0.0,2.6,0.0
35240438,male,8.3,0.0,2.6,0.0
35240439,female,12.5,0.0,6.7,0.0
35240439,male,11.1,0.0,6.3,11.1
35240440,female,16.7,0.0,9.7,20.0
35240440,male,28.6,50.0,7.4,0.0
35240441,female,16.7,25.0,8.9,7.7
35240441,male,0.0,0.0,8.7,10.0
35240442,female,0.0,0.0,7.1,10.0
35240442,male,0.0,0.0,10.7,14.3
35240443,female,0.0,0.0,4.9,0.0
35240443,male,7.7,0.0,5.6,0.0
35240444,female,12.5,25.0,17.2,14.3
35240444,male,10.0,50.0,12.1,20.0
35240445,female,33.3,100.0,18.6,20.0
35240445,male,20.0,33.3,16.3,14.3
35240446,female,40.0,100.0,15.2,3.6
35240446,male,20.0,50.0,12.9,5.6
35240447,female,57.1,0.0,13.5,20.0
35240447,male,37.5,33.3,13.6,12.5
35240448,female,9.1,0.0,2.9,9.1
35240448,male,0.0,0.0,5.4,11.1
35240449,female,16.7,0.0,10.0,0.0
35240449,male,14.3,0.0,5.3,0.0
35240450,female,18.2,25.0,15.0,11.1
35240450,male,16.7,25.0,13.3,0.0
35240451,female,18.2,0.0,7.9,16.7
35240451,male,8.3,0.0,10.0,0.0
35240452,female,11.1,0.0,0.0,0.0
35240452,male,0.0,0.0,4.2,0.0
35240453,female,7.7,0.0,5.7,0.0
35240453,male,15.4,0.0,2.7,0.0
35240455,female,0.0,0.0,10.0,12.7
35240455,male,20.0,0.0,13.0,4.0
35240459,female,0.0,0.0,4.5,11.1
35240459,male,0.0,0.0,0.0,0.0
35240460,female,0.0,0.0,3.6,0.0
35240460,male,0.0,0.0,3.8,0.0
35240461,female,0.0,0.0,0.0,0.0
35240461,male,0.0,0.0,0.0,0.0
35240462,female,0.0,0.0,4.3,5.6
35240462,male,0.0,0.0,0.0,0.0
35240463,female,0.0,0.0,7.5,6.7
35240463,male,8.3,0.0,5.6,8.3
35240464,female,0.0,0.0,5.3,14.3
35240464,male,0.0,...,0.0,0.0
35240465,female,16.7,0.0,9.6,8.8
35240465,male,14.3,0.0,9.1,0.0
35240466,female,20.0,25.0,11.6,9.5
35240466,male,12.5,0.0,10.0,0.0
35240467,female,0.0,0.0,3.1,8.0
35240467,male,0.0,0.0,3.2,0.0
35240468,female,0.0,0.0,3.0,0.0
35240468,male,0.0,0.0,6.7,0.0
35240469,female,11.1,0.0,6.3,7.7
35240469,male,0.0,0.0,10.0,0.0
35240470,female,7.7,0.0,5.4,0.0
35240470,male,0.0,0.0,2.9,0.0
35240471,female,0.0,20.0,0.0,11.1
35240471,male,0.0,0.0,6.3,11.1
35240472,female,6.7,0.0,2.3,0.0
35240472,male,7.7,25.0,5.3,0.0
35240473,female,9.1,0.0,3.0,9.1
35240473,male,7.1,0.0,6.7,11.1
35240474,female,0.0,0.0,0.0,6.7
35240474,male,7.1,0.0,0.0,0.0
35240475,female,0.0,0.0,5.3,0.0
35240475,male,0.0,33.3,2.7,0.0
35240476,female,11.8,0.0,6.3,0.0
35240476,male,6.7,0.0,3.1,0.0
35240477,female,0.0,0.0,2.4,7.7
35240477,male,0.0,33.3,2.8,9.1
35240478,female,0.0,0.0,4.8,0.0
35240478,male,0.0,0.0,0.0,0.0
35240479,female,0.0,0.0,6.7,43.5
35240479,male,0.0,0.0,0.0,38.5
35240480,female,30.4,50.0,18.3,16.7
35240480,male,34.6,14.3,10.4,9.1
35240481,female,11.1,0.0,6.7,11.1
35240481,male,10.0,0.0,6.9,14.3
35240482,female,0.0,0.0,4.5,5.0
35240482,male,15.4,0.0,4.7,0.0
35240483,female,0.0,0.0,3.0,7.7
35240483,male,0.0,0.0,3.3,0.0
35240484,female,14.3,12.5,4.8,0.0
35240484,male,13.0,0.0,6.1,0.0
35240485,female,0.0,0.0,0.0,0.0
35240485,male,0.0,0.0,0.0,0.0
35240486,female,9.1,0.0,2.8,0.0
35240486,male,14.3,0.0,2.6,0.0
35240487,female,0.0,0.0,0.0,0.0
35240487,male,0.0,0.0,0.0,0.0
35240488,female,7.4,0.0,3.6,0.0
35240488,male,10.0,0.0,3.7,0.0
35240489,female,0.0,0.0,7.4,0.0
35240489,male,0.0,0.0,4.0,0.0
35240490,female,0.0,0.0,5.9,0.0
35240490,male,14.3,0.0,11.1,0.0
35240491,female,8.3,0.0,0.0,0.0
35240491,male,0.0,0.0,2.9,0.0
35240492,female,9.1,0.0,4.9,14.3
35240492,male,0.0,0.0,5.3,0.0
35240493,female,40.0,100.0,10.3,1.9
35240493,male,25.0,0.0,11.5,0.0
35240494,female,0.0,50.0,3.3,0.0
35240494,male,0.0,0.0,0.0,0.0
35240495,female,11.1,0.0,6.9,44.4
35240495,male,9.1,33.3,10.3,37.5
35240496,female,0.0,0.0,8.3,0.0
35240496,male,7.7,0.0,3.8,0.0
35240497,female,0.0,0.0,3.3,0.0
35240497,male,10.0,0.0,3.3,0.0
35240498,female,0.0,0.0,0.0,0.0
35240498,male,0.0,0.0,4.5,0.0
35240499,female,0.0,0.0,0.0,0.0
35240499,male,0.0,0.0,5.3,0.0
35240501,female,0.0,0.0,0.0,0.0
35240501,male,0.0,0.0,7.1,0.0
35240503,female,16.7,0.0,7.4,0.0
35240503,male,0.0,0.0,6.5,0.0
35240504,female,10.0,0.0,3.6,0.0
35240504,male,0.0,0.0,3.8,0.0
35240505,female,38.9,66.7,15.4,0.0
35240505,male,33.3,0.0,9.1,0.0
35240506,female,12.5,0.0,8.0,0.0
35240506,male,8.3,0.0,7.4,0.0
35240507,female,11.1,25.0,9.4,0.0
35240507,male,0.0,0.0,9.7,0.0
35240508,female,6.3,0.0,8.7,9.1
35240508,male,5.9,0.0,6.4,0.0
35240509,female,9.1,0.0,5.0,6.7
35240509,male,16.7,0.0,3.1,9.1
35240512,female,50.0,0.0,13.6,7.7
35240512,male,20.0,100.0,19.0,12.5
35240513,female,0.0,0.0,6.9,6.3
35240513,male,12.5,25.0,7.7,0.0
35240516,female,10.0,0.0,2.8,0.0
35240516,male,7.1,0.0,2.9,0.0
35240517,female,0.0,0.0,0.0,9.1
35240517,male,0.0,0.0,0.0,12.5
35240518,female,8.3,0.0,5.4,0.0
35240518,male,13.3,0.0,5.0,0.0
35240519,female,0.0,0.0,4.2,0.0
35240519,male,0.0,0.0,3.8,0.0
35240520,female,9.1,0.0,6.4,6.7
35240520,male,14.3,0.0,4.5,7.1
35240521,female,7.7,0.0,2.6,0.0
35240521,male,0.0,0.0,2.7,0.0
35240522,female,0.0,0.0,0.0,0.0
35240522,male,0.0,0.0,0.0,0.0
35240523,female,10.0,0.0,0.0,0.0
35240523,male,0.0,0.0,3.7,0.0
35240524,female,12.5,0.0,6.9,0.0
35240524,male,15.4,0.0,7.7,8.3
35240525,female,7.1,0.0,2.7,0.0
35240525,male,7.7,0.0,3.0,0.0
35240526,female,0.0,0.0,0.0,0.0
35240526,male,0.0,0.0,0.0,0.0
35240528,female,0.0,0.0,3.4,0.0
35240528,male,11.1,0.0,6.7,0.0
35240529,female,0.0,0.0,3.2,0.0
35240529,male,10.0,0.0,3.1,0.0
35240530,female,0.0,0.0,3.6,0.0
35240530,male,0.0,0.0,0.0,0.0
35240531,female,0.0,0.0,0.0,0.0
35240531,male,0.0,0.0,0.0,0.0
35240532,female,0.0,0.0,4.7,6.7
35240532,male,12.5,14.3,3.6,0.0
35240533,female,16.7,0.0,8.3,0.0
35240533,male,10.0,25.0,4.3,0.0
35240534,female,30.8,20.0,10.3,25.0
35240534,male,28.6,33.3,12.1,25.0
35240535,female,14.3,0.0,6.9,11.1
35240535,male,10.0,0.0,9.4,0.0
35240536,female,16.7,0.0,9.5,4.3
35240536,male,22.2,20.0,9.8,0.0
35240537,female,9.1,0.0,7.1,0.0
35240537,male,10.0,25.0,7.3,0.0
35240538,female,44.0,25.0,22.1,10.0
35240538,male,42.9,28.6,13.6,0.0
35240539,female,12.5,0.0,5.3,0.0
35240539,male,20.0,0.0,4.2,9.1
35240540,female,0.0,0.0,3.6,12.5
35240540,male,10.0,33.3,3.7,0.0
35240541,female,12.5,0.0,3.7,0.0
35240541,male,9.1,0.0,3.6,0.0
35240542,female,0.0,0.0,6.1,6.3
35240542,male,0.0,0.0,4.0,0.0
35240543,female,0.0,0.0,0.0,0.0
35240543,male,11.1,0.0,0.0,7.1
35240544,female,20.0,0.0,10.0,0.0
35240544,male,28.6,50.0,5.9,0.0
35240545,female,0.0,0.0,1.6,6.3
35240545,male,3.7,0.0,1.7,7.1
35240546,female,29.4,0.0,11.5,11.1
35240546,male,22.2,14.3,8.7,0.0
35240590,female,0.0,0.0,7.7,8.8
35240590,male,7.1,0.0,8.6,12.0
35240591,female,33.3,20.0,13.7,8.7
35240591,male,35.0,28.6,14.7,6.3
35240592,female,38.1,26.7,20.0,8.3
35240592,male,41.5,40.0,16.3,10.5
35240593,female,4.5,0.0,4.8,3.8
35240593,male,5.3,0.0,6.3,0.0
35240594,female,13.6,0.0,7.0,11.1
35240594,male,22.7,16.7,11.1,0.0
35240595,female,23.1,0.0,10.7,7.5
35240595,male,16.7,33.3,8.0,4.3
35240596,female,14.3,0.0,10.9,4.5
35240596,male,22.2,0.0,12.2,1.7
35240598,female,42.9,28.6,14.0,4.3
35240598,male,39.1,22.2,9.3,0.0
35240641,female,0.0,0.0,2.9,0.0
35240641,male,8.3,0.0,2.8,0.0
35240642,female,10.0,0.0,3.7,0.0
35240642,male,10.0,0.0,0.0,0.0
35240643,female,11.1,0.0,2.3,0.0
35240643,male,9.1,0.0,2.4,0.0
35240644,female,20.0,0.0,5.7,0.0
35240644,male,11.1,0.0,3.1,0.0
35240645,female,25.0,0.0,3.2,11.1
35240645,male,20.0,0.0,6.7,0.0
35240647,female,11.1,0.0,2.4,0.0
35240647,male,11.1,0.0,2.8,0.0
35240648,female,20.0,20.0,8.9,0.0
35240648,male,12.5,0.0,4.5,0.0
35240649,female,7.7,0.0,2.4,16.7
35240649,male,0.0,0.0,2.5,0.0
35240650,female,0.0,0.0,2.0,0.0
35240650,male,0.0,0.0,2.1,0.0
35240651,female,10.0,0.0,2.9,0.0
35240651,male,0.0,0.0,3.0,0.0
35240654,female,5.3,33.3,5.3,0.0
35240654,male,5.6,0.0,2.5,0.0
35240655,female,4.3,0.0,6.3,2.2
35240655,male,0.0,0.0,3.3,2.5
35240656,female,0.0,0.0,3.7,0.0
35240656,male,0.0,0.0,0.0,0.0
35240659,female,39.1,42.9,19.7,11.1
35240659,male,40.9,60.0,13.0,16.7
35240660,female,8.3,0.0,9.3,0.0
35240660,male,8.3,0.0,5.7,0.0
35240661,female,0.0,0.0,0.0,16.7
35240661,male,0.0,0.0,3.1,0.0
35240662,female,9.5,14.3,6.6,5.2
35240662,male,8.7,0.0,6.5,2.2
35240663,female,8.3,33.3,2.6,0.0
35240663,male,11.1,0.0,3.1,0.0
35240664,female,0.0,0.0,2.5,0.0
35240664,male,0.0,0.0,2.8,0.0
35240665,female,0.0,0.0,3.3,0.0
35240665,male,7.7,33.3,3.4,0.0
35240666,female,5.6,0.0,5.6,5.9
35240666,male,13.3,0.0,7.1,0.0
35240667,female,0.0,0.0,4.2,0.0
35240667,male,0.0,0.0,0.0,0.0
35240668,female,8.3,0.0,8.3,0.0
35240668,male,18.8,0.0,6.5,50.0
35240669,female,9.4,8.3,4.3,0.0
35240669,male,5.0,7.7,3.0,0.0
35240670,female,5.0,0.0,2.3,0.0
35240670,male,8.3,0.0,2.4,0.0
35240671,female,5.6,0.0,4.8,0.0
35240671,male,4.3,20.0,5.0,0.0
35240672,female,5.9,0.0,1.8,0.0
35240672,male,3.4,0.0,1.9,0.0
35240673,female,9.1,0.0,6.3,0.0
35240673,male,13.3,0.0,3.4,0.0
35240674,female,3.1,0.0,2.1,0.0
35240674,male,6.5,0.0,2.3,0.0
35240675,female,5.3,0.0,4.2,0.0
35240675,male,2.4,0.0,1.5,0.0
35240676,female,7.1,0.0,8.8,0.0
35240676,male,3.8,0.0,6.5,20.0
35240677,female,6.7,0.0,0.0,33.3
35240677,male,0.0,0.0,0.0,0.0
35240678,female,3.6,0.0,7.2,2.8
35240678,male,8.0,0.0,6.2,0.0
35240679,female,5.0,0.0,6.3,0.0
35240679,male,7.7,0.0,4.7,0.0
35240680,female,17.6,0.0,11.2,11.1
35240680,male,15.0,0.0,6.3,0.0
35240681,female,6.7,0.0,2.6,0.0
35240681,male,6.3,0.0,3.0,0.0
35240682,female,5.3,0.0,6.1,0.0
35240682,male,5.6,16.7,2.3,0.0
35240683,female,0.0,0.0,2.2,0.0
35240683,male,4.8,0.0,0.0,12.5
35240684,female,50.0,0.0,6.5,12.5
35240684,male,0.0,0.0,5.1,0.0
35240685,female,11.4,6.7,6.2,0.0
35240685,male,7.0,7.1,4.2,0.0
35240686,female,4.3,0.0,3.9,20.0
35240686,male,4.3,10.0,1.4,25.0
35240756,female,0.0,0.0,4.9,0.0
35240756,male,7.1,12.5,5.1,0.0
35240757,female,4.3,0.0,2.3,0.0
35240757,male,4.3,0.0,0.0,0.0
35240758,female,8.3,0.0,4.7,6.3
35240758,male,11.1,0.0,3.5,0.0
35240759,female,0.0,0.0,3.3,0.0
35240759,male,0.0,0.0,0.0,0.0
35240780,female,9.1,0.0,2.7,0.0
35240780,male,0.0,12.5,1.6,0.0
35240782,female,10.0,0.0,5.9,12.5
35240782,male,8.7,20.0,4.2,0.0
35240783,female,16.7,0.0,4.5,0.0
35240783,male,0.0,100.0,0.0,0.0
35240785,female,4.8,0.0,1.6,0.0
35240785,male,4.2,0.0,3.7,0.0
35240807,female,20.0,0.0,10.6,9.5
35240807,male,16.7,66.7,15.1,5.6
35240808,female,100.0,...,2.8,3.2
35240808,male,0.0,0.0,10.3,2.4
35240809,female,x,x,x,x
35240809,male,x,x,x,x
35240898,female,4.1,4.8,3.1,0.0
35240898,male,4.9,0.0,2.6,6.3
35240903,female,x,x,x,x
35240903,male,x,x,x,x
35240904,female,6.3,0.0,3.1,4.0
35240904,male,7.4,10.0,3.1,0.0
35250030,female,0.0,0.0,0.0,0.0
35250030,male,14.3,0.0,3.7,14.3
35250031,female,0.0,0.0,4.0,0.0
35250031,male,0.0,0.0,4.0,0.0
35250032,female,0.0,0.0,5.3,0.0
35250032,male,7.7,33.3,2.4,0.0
35250033,female,8.3,0.0,5.4,0.0
35250033,male,7.7,0.0,5.6,0.0
35250034,female,8.3,0.0,10.4,0.0
35250034,male,15.4,0.0,7.0,11.1
35250035,female,14.3,0.0,13.0,0.0
35250035,male,14.3,0.0,7.4,0.0
35250036,female,6.7,16.7,10.3,0.0
35250036,male,6.3,0.0,5.7,11.1
35250037,female,22.2,0.0,8.8,9.1
35250037,male,16.7,0.0,9.4,0.0
35250038,female,0.0,0.0,14.7,10.3
35250038,male,0.0,0.0,16.7,6.3
35250039,female,0.0,50.0,17.9,12.0
35250039,male,25.0,...,13.0,8.3
35250040,female,62.5,33.3,36.4,8.3
35250040,male,53.8,40.0,30.4,0.0
35250041,female,25.0,50.0,20.0,7.1
35250041,male,0.0,0.0,16.7,11.1
35250042,female,x,x,x,x
35250042,male,x,x,x,x
35250043,female,11.1,0.0,5.9,5.3
35250043,male,0.0,0.0,6.5,0.0
35250044,female,12.5,0.0,4.0,0.0
35250044,male,0.0,0.0,4.0,0.0
35250045,female,16.7,50.0,28.6,42.9
35250045,male,40.0,50.0,25.8,14.3
35250046,female,0.0,0.0,12.5,9.1
35250046,male,0.0,0.0,6.9,0.0
35250047,female,10.0,0.0,3.3,9.1
35250047,male,0.0,0.0,3.6,0.0
35250048,female,0.0,0.0,5.9,0.0
35250048,male,0.0,...,0.0,0.0
35250049,female,12.5,0.0,8.7,0.0
35250049,male,0.0,0.0,0.0,0.0
35250050,female,0.0,0.0,3.8,0.0
35250050,male,0.0,0.0,4.5,0.0
35250051,female,5.0,0.0,1.4,2.5
35250051,male,3.8,0.0,1.4,3.1
35250052,female,12.5,0.0,5.6,0.0
35250052,male,14.3,0.0,5.0,0.0
35250053,female,0.0,0.0,2.9,0.0
35250053,male,9.1,0.0,0.0,0.0
35250054,female,0.0,0.0,4.2,0.0
35250054,male,14.3,0.0,0.0,0.0
35250055,female,6.7,0.0,8.2,5.9
35250055,male,13.3,25.0,7.9,0.0
35250056,female,x,x,x,x
35250056,male,x,x,x,x
35250059,female,4.8,0.0,3.0,4.0
35250059,male,5.6,16.7,3.4,5.0
35250060,female,9.1,100.0,5.0,0.0
35250060,male,14.3,16.7,5.6,0.0
35250061,female,0.0,0.0,0.0,12.5
35250061,male,10.0,0.0,8.7,0.0
35250062,female,0.0,0.0,0.0,0.0
35250062,male,0.0,0.0,2.9,0.0
35250064,female,7.1,0.0,4.2,0.0
35250064,male,10.0,0.0,4.4,0.0
35250065,female,10.0,0.0,2.8,0.0
35250065,male,9.1,0.0,5.9,0.0
35250066,female,0.0,0.0,4.5,0.0
35250066,male,0.0,0.0,0.0,0.0
35250067,female,6.3,20.0,2.4,0.0
35250067,male,0.0,0.0,3.0,0.0
35250070,female,0.0,0.0,10.7,0.0
35250070,male,11.1,0.0,6.9,0.0
35250073,female,11.1,0.0,6.5,0.0
35250073,male,0.0,0.0,3.7,0.0
35250074,female,25.0,0.0,5.0,0.0
35250074,male,20.0,0.0,5.0,0.0
35250075,female,14.3,0.0,3.7,0.0
35250075,male,14.3,0.0,0.0,12.5
35250077,female,36.4,33.3,15.8,7.7
35250077,male,38.5,33.3,13.8,0.0
35250078,female,0.0,0.0,3.6,0.0
35250078,male,0.0,0.0,8.0,12.5
35250079,female,0.0,0.0,5.9,0.0
35250079,male,0.0,0.0,0.0,0.0
35250080,female,40.0,25.0,27.5,10.0
35250080,male,45.5,28.6,16.1,0.0
35250081,female,39.3,25.0,11.9,6.7
35250081,male,31.0,25.0,6.7,0.0
35250082,female,x,x,x,x
35250082,male,x,x,x,x
35250083,female,62.1,50.0,37.7,12.5
35250083,male,54.5,40.0,27.5,14.3
35250084,female,0.0,0.0,9.1,0.0
35250084,male,11.1,0.0,5.0,0.0
35250085,female,25.0,0.0,15.0,14.3
35250085,male,33.3,50.0,11.1,0.0
35250086,female,9.1,0.0,9.4,0.0
35250086,male,27.3,0.0,8.3,16.7
35250087,female,12.5,0.0,6.1,0.0
35250087,male,22.2,33.3,9.7,0.0
35250088,female,0.0,0.0,6.7,0.0
35250088,male,0.0,0.0,4.0,0.0
35250089,female,44.4,25.0,12.9,11.1
35250089,male,28.6,50.0,14.3,9.1
35250093,female,22.2,33.3,6.5,7.7
35250093,male,11.1,0.0,8.8,0.0
35250094,female,16.7,0.0,12.0,0.0
35250094,male,22.2,0.0,11.1,20.0
35250095,female,0.0,0.0,0.0,7.7
35250095,male,14.3,0.0,4.3,8.3
35250096,female,15.4,50.0,5.7,22.2
35250096,male,33.3,0.0,6.9,12.5
35250097,female,16.7,0.0,0.0,0.0
35250097,male,0.0,0.0,4.8,0.0
35250098,female,x,x,x,x
35250098,male,x,x,x,x
35250099,female,27.8,25.0,10.7,5.9
35250099,male,25.0,25.0,8.5,6.3
35250100,female,33.3,0.0,6.9,0.0
35250100,male,11.1,0.0,7.7,0.0
35250101,female,0.0,0.0,0.0,0.0
35250101,male,9.1,0.0,0.0,0.0
35250102,female,12.5,0.0,5.6,0.0
35250102,male,0.0,0.0,0.0,0.0
35250105,female,12.5,0.0,3.0,6.7
35250105,male,9.1,0.0,3.0,0.0
35250106,female,0.0,0.0,3.7,7.7
35250106,male,0.0,0.0,6.9,0.0
35250107,female,0.0,0.0,3.3,0.0
35250107,male,0.0,0.0,0.0,0.0
35250108,female,20.0,0.0,6.7,0.0
35250108,male,0.0,0.0,6.3,0.0
35250109,female,7.1,25.0,7.1,0.0
35250109,male,6.7,33.3,7.5,0.0
35250110,female,10.0,0.0,5.9,0.0
35250110,male,0.0,0.0,8.8,8.3
35250111,female,16.7,0.0,8.0,23.7
35250111,male,11.1,0.0,4.3,0.0
35250112,female,10.0,0.0,12.0,7.7
35250112,male,10.0,0.0,4.0,0.0
35250113,female,0.0,0.0,10.5,0.0
35250113,male,20.0,0.0,10.5,0.0
35250114,female,0.0,0.0,4.3,9.1
35250114,male,0.0,0.0,5.3,0.0
35250115,female,38.2,22.2,16.8,6.3
35250115,male,36.8,25.0,15.7,0.0
35250116,female,7.7,0.0,8.7,12.5
35250116,male,17.4,25.0,6.7,0.0
35250117,female,0.0,0.0,5.6,0.0
35250117,male,28.6,0.0,5.3,0.0
35250118,female,37.5,25.0,12.0,0.0
35250118,male,37.5,50.0,8.0,0.0
35250119,female,11.1,0.0,6.5,0.0
35250119,male,11.1,33.3,3.3,0.0
35250120,female,22.2,0.0,13.3,0.0
35250120,male,33.3,0.0,12.0,0.0
35250121,female,33.3,33.3,15.2,0.0
35250121,male,41.7,66.7,12.5,0.0
35250122,female,14.3,0.0,4.2,0.0
35250122,male,0.0,0.0,5.0,0.0
35250123,female,0.0,0.0,4.5,14.3
35250123,male,0.0,0.0,4.0,0.0
35250124,female,11.1,0.0,6.3,0.0
35250124,male,22.2,0.0,3.6,0.0
35250125,female,16.7,0.0,0.0,16.7
35250125,male,12.5,0.0,4.8,0.0
35250126,female,33.3,33.3,23.8,25.0
35250126,male,35.3,20.0,15.8,20.0
35250127,female,10.3,0.0,6.4,7.7
35250127,male,7.1,6.7,5.1,0.0
35250128,female,11.1,0.0,3.3,0.0
35250128,male,0.0,0.0,3.3,0.0
35250129,female,0.0,0.0,0.0,0.0
35250129,male,20.0,0.0,0.0,0.0
35250130,female,0.0,...,4.3,0.0
35250130,male,0.0,0.0,0.0,0.0
35250133,female,...,0.0,0.0,7.5
35250133,male,...,...,25.0,0.0
35250134,female,7.1,0.0,4.4,4.3
35250134,male,10.0,0.0,5.0,0.0
35250135,female,9.8,7.1,7.3,5.6
35250135,male,15.9,6.3,6.7,0.0
35250136,female,20.0,0.0,0.0,0.0
35250136,male,14.3,0.0,5.0,12.5
35250137,female,0.0,0.0,3.8,0.0
35250137,male,0.0,0.0,0.0,0.0
35250144,female,8.0,11.1,4.8,0.0
35250144,male,6.7,6.3,5.0,0.0
35250145,female,0.0,0.0,4.5,0.0
35250145,male,0.0,0.0,4.5,0.0
35250146,female,6.7,25.0,2.2,0.0
35250146,male,7.1,33.3,6.1,0.0
35250147,female,0.0,0.0,4.0,0.0
35250147,male,0.0,0.0,8.7,0.0
35250148,female,0.0,50.0,7.1,9.1
35250148,male,0.0,0.0,7.4,11.1
35250149,female,0.0,0.0,2.8,0.0
35250149,male,0.0,0.0,2.5,0.0
35250150,female,12.5,33.3,10.0,5.3
35250150,male,14.3,25.0,4.5,0.0
35250151,female,0.0,25.0,3.8,10.0
35250151,male,0.0,0.0,0.0,0.0
35250152,female,6.5,0.0,2.4,2.5
35250152,male,7.7,14.3,2.7,3.2
35250153,female,0.0,0.0,3.0,0.0
35250153,male,10.0,0.0,2.8,0.0
35250156,female,12.5,0.0,3.8,0.0
35250156,male,0.0,0.0,4.0,0.0
35250158,female,9.1,0.0,2.9,0.0
35250158,male,0.0,0.0,3.0,0.0
35250159,female,0.0,0.0,0.0,0.0
35250159,male,11.1,0.0,0.0,0.0
35250160,female,0.0,0.0,4.2,0.0
35250160,male,0.0,0.0,0.0,0.0
35250161,female,0.0,0.0,0.0,0.0
35250161,male,0.0,0.0,2.3,0.0
35250162,female,12.5,0.0,8.7,0.0
35250162,male,16.7,0.0,4.2,0.0
35250163,female,9.1,0.0,3.0,6.7
35250163,male,10.0,0.0,3.1,0.0
35250164,female,0.0,100.0,7.1,21.7
35250164,male,22.2,0.0,11.5,7.1
35250172,female,0.0,0.0,3.0,0.0
35250172,male,10.0,0.0,3.0,0.0
35250173,female,2.5,0.0,2.6,0.0
35250173,male,2.7,0.0,1.4,0.0
35250175,female,27.8,15.8,14.7,0.0
35250175,male,31.4,31.6,9.1,0.0
35250176,female,7.7,0.0,2.0,0.0
35250176,male,13.3,0.0,2.0,0.0
35250177,female,25.0,0.0,15.7,14.3
35250177,male,29.2,16.7,6.8,16.7
35250178,female,0.0,0.0,2.5,12.5
35250178,male,9.1,0.0,5.4,0.0
35250179,female,7.7,0.0,2.3,0.0
35250179,male,6.3,25.0,2.2,0.0
35250180,female,19.0,5.9,5.7,7.7
35250180,male,14.9,5.6,5.0,0.0
35250181,female,25.0,0.0,8.0,0.0
35250181,male,14.3,0.0,8.0,0.0
35250183,female,x,x,x,x
35250183,male,x,x,x,x
35250184,female,0.0,0.0,3.6,0.0
35250184,male,12.5,0.0,3.8,0.0
35250185,female,9.1,0.0,0.0,0.0
35250185,male,14.3,0.0,0.0,0.0
35250186,female,12.5,0.0,5.3,0.0
35250186,male,0.0,0.0,5.6,0.0
35250188,female,12.5,16.7,1.9,12.5
35250188,male,6.3,20.0,4.5,0.0
35250189,female,9.1,0.0,2.4,0.0
35250189,male,18.2,25.0,2.3,0.0
35250190,female,22.2,33.3,12.9,25.0
35250190,male,10.0,50.0,8.0,0.0
35250191,female,10.0,0.0,3.9,0.0
35250191,male,7.1,0.0,4.1,0.0
35250192,female,6.5,0.0,5.1,0.0
35250192,male,12.5,8.3,5.5,8.3
35250193,female,20.0,0.0,0.0,0.0
35250193,male,25.0,0.0,0.0,0.0
35250194,female,14.3,0.0,0.0,0.0
35250194,male,0.0,0.0,3.0,0.0
35250196,female,14.3,0.0,8.3,14.3
35250196,male,17.6,20.0,5.9,16.7
35250197,female,25.0,50.0,2.9,0.0
35250197,male,18.2,33.3,0.0,11.1
35250199,female,33.7,21.9,12.1,16.1
35250199,male,30.5,18.2,10.3,4.3
35250200,female,33.3,0.0,3.0,7.1
35250200,male,11.1,33.3,5.9,16.7
35250201,female,33.3,100.0,5.9,0.0
35250201,male,33.3,0.0,5.9,20.0
35250202,female,26.7,27.3,18.9,18.2
35250202,male,44.0,30.0,18.9,10.0
35250203,female,25.0,16.7,18.9,12.5
35250203,male,30.8,33.3,14.3,0.0
35250204,female,57.1,42.9,32.8,14.3
35250204,male,65.4,62.5,23.1,20.0
35250205,female,x,x,x,x
35250205,male,x,x,x,x
35250206,female,9.1,25.0,7.3,0.0
35250206,male,11.1,33.3,5.4,0.0
35250207,female,16.7,0.0,0.0,0.0
35250207,male,0.0,0.0,6.3,0.0
35250208,female,0.0,0.0,5.0,0.0
35250208,male,14.3,100.0,0.0,0.0
35250209,female,20.0,50.0,5.6,0.0
35250209,male,16.7,0.0,5.6,0.0
35250210,female,16.7,0.0,0.0,0.0
35250210,male,0.0,0.0,3.4,0.0
35250211,female,100.0,...,20.0,4.0
35250211,male,0.0,0.0,12.5,0.0
35250212,female,0.0,0.0,9.1,10.0
35250212,male,16.7,0.0,4.3,7.1
35250213,female,0.0,0.0,5.6,6.7
35250213,male,25.0,50.0,5.0,0.0
35250216,female,14.3,0.0,4.0,0.0
35250216,male,0.0,0.0,0.0,0.0
35250217,female,47.4,28.6,17.1,11.1
35250217,male,33.3,33.3,11.4,0.0
35250218,female,38.5,50.0,8.6,0.0
35250218,male,27.3,0.0,10.8,0.0
35250221,female,71.4,0.0,25.0,14.3
35250221,male,57.1,25.0,21.6,9.1
35250222,female,10.0,33.3,10.0,0.0
35250222,male,20.0,0.0,3.3,0.0
35250223,female,0.0,0.0,12.0,0.0
35250223,male,0.0,0.0,3.6,0.0
35250224,female,57.1,66.7,29.2,14.3
35250224,male,33.3,66.7,22.2,16.7
35250225,female,25.0,50.0,10.5,0.0
35250225,male,14.3,33.3,8.7,0.0
35250226,female,0.0,0.0,17.2,15.4
35250226,male,40.0,0.0,13.6,13.3
35250227,female,46.7,40.0,23.1,30.0
35250227,male,45.5,40.0,17.6,12.5
35250230,female,33.3,50.0,10.7,0.0
35250230,male,30.0,0.0,3.3,0.0
35250231,female,10.0,0.0,4.9,4.3
35250231,male,0.0,0.0,4.8,5.9
35250232,female,73.3,60.0,43.6,25.0
35250232,male,62.9,66.7,33.3,0.0
35250233,female,14.3,0.0,8.0,17.4
35250233,male,30.0,0.0,10.3,0.0
35250234,female,22.2,25.0,8.0,0.0
35250234,male,28.6,0.0,12.5,0.0
35250238,female,63.6,44.4,32.1,28.6
35250238,male,60.0,42.9,27.1,20.0
35250239,female,33.3,50.0,15.4,25.0
35250239,male,37.5,33.3,16.7,0.0
35250240,female,58.3,33.3,34.9,28.6
35250240,male,63.6,40.0,35.9,28.6
35250241,female,25.0,0.0,13.3,0.0
35250241,male,25.0,0.0,5.6,0.0
35250242,female,x,x,x,x
35250242,male,x,x,x,x
35250243,female,45.8,55.6,25.9,13.6
35250243,male,44.4,60.0,17.6,6.3
35250248,female,7.1,0.0,5.6,4.8
35250248,male,9.1,0.0,4.0,0.0
35250249,female,33.3,0.0,32.1,16.7
35250249,male,0.0,...,25.9,0.0
35250250,female,0.0,0.0,3.4,10.0
35250250,male,11.1,0.0,11.8,0.0
35250251,female,42.9,33.3,21.4,16.7
35250251,male,33.3,50.0,20.0,16.7
35250254,female,11.1,33.3,7.5,17.6
35250254,male,20.0,0.0,11.1,5.9
35250255,female,14.3,25.0,16.7,17.6
35250255,male,14.3,0.0,9.4,0.0
35250256,female,0.0,0.0,5.9,16.0
35250256,male,11.1,0.0,6.5,7.1
35250257,female,25.0,0.0,20.0,15.4
35250257,male,33.3,50.0,15.6,6.7
35250258,female,25.0,0.0,8.6,6.8
35250258,male,12.5,0.0,9.4,0.0
35250259,female,11.1,0.0,10.0,8.3
35250259,male,22.2,0.0,6.9,0.0
35250260,female,16.7,0.0,14.3,14.3
35250260,male,20.0,0.0,12.0,0.0
35250261,female,0.0,100.0,29.0,33.3
35250261,male,57.1,66.7,16.7,9.1
35250262,female,14.3,0.0,3.0,3.3
35250262,male,0.0,0.0,3.4,5.0
35250263,female,0.0,0.0,1.8,5.0
35250263,male,7.7,0.0,1.8,0.0
35250264,female,20.0,0.0,4.0,0.0
35250264,male,0.0,0.0,0.0,0.0
35250265,female,0.0,0.0,3.3,8.3
35250265,male,0.0,0.0,0.0,0.0
35250266,female,0.0,0.0,9.5,0.0
35250266,male,0.0,0.0,0.0,0.0
35250267,female,14.3,100.0,6.9,0.0
35250267,male,10.0,0.0,10.0,0.0
35250269,female,0.0,0.0,0.0,0.0
35250269,male,0.0,0.0,6.3,0.0
35250270,female,0.0,0.0,5.3,10.0
35250270,male,0.0,0.0,0.0,0.0
35250271,female,25.0,0.0,5.3,0.0
35250271,male,0.0,0.0,10.0,0.0
35250272,female,0.0,...,6.3,28.6
35250272,male,25.0,...,5.9,14.3
35250273,female,0.0,0.0,4.5,0.0
35250273,male,25.0,0.0,4.5,0.0
35250274,female,14.3,0.0,8.8,6.7
35250274,male,20.8,12.5,8.9,8.3
35250275,female,11.1,0.0,6.7,0.0
35250275,male,0.0,0.0,3.0,0.0
35250276,female,20.0,0.0,7.7,9.1
35250276,male,8.3,20.0,7.0,0.0
35250277,female,25.0,25.0,11.1,11.1
35250277,male,10.0,0.0,8.3,0.0
35250278,female,0.0,50.0,3.8,11.1
35250278,male,10.0,0.0,3.8,0.0
35250279,female,9.1,50.0,4.9,4.8
35250279,male,9.1,0.0,7.3,6.3
35250280,female,0.0,...,3.8,11.1
35250280,male,14.3,0.0,8.0,0.0
35250281,female,27.3,25.0,17.6,12.5
35250281,male,26.7,20.0,12.5,0.0
35250282,female,9.1,0.0,9.1,8.3
35250282,male,10.0,0.0,11.1,0.0
35250283,female,12.5,0.0,5.1,0.0
35250283,male,0.0,0.0,7.9,6.3
35250284,female,33.3,0.0,5.0,0.0
35250284,male,14.3,0.0,8.0,0.0
35250285,female,14.3,0.0,5.9,4.8
35250285,male,11.8,20.0,6.5,0.0
35250286,female,0.0,0.0,5.3,8.3
35250286,male,0.0,0.0,6.7,0.0
35250287,female,0.0,0.0,0.0,0.0
35250287,male,0.0,0.0,0.0,0.0
35250288,female,0.0,0.0,4.0,0.0
35250288,male,0.0,0.0,4.3,8.3
35250289,female,0.0,0.0,6.1,0.0
35250289,male,0.0,0.0,2.7,7.7
35250290,female,20.0,0.0,4.8,9.1
35250290,male,9.1,0.0,7.3,7.7
35250291,female,8.7,0.0,9.3,8.3
35250291,male,16.7,14.3,8.2,10.0
35250293,female,17.6,16.7,5.7,3.7
35250293,male,15.4,0.0,3.5,0.0
35250294,female,16.7,0.0,6.9,0.0
35250294,male,14.3,0.0,4.0,0.0
35250295,female,20.0,0.0,4.2,20.0
35250295,male,14.3,0.0,8.7,0.0
35250296,female,16.7,0.0,3.6,0.0
35250296,male,0.0,0.0,4.0,0.0
35250297,female,0.0,0.0,8.8,0.0
35250297,male,16.7,0.0,2.9,0.0
35250298,female,0.0,0.0,0.0,12.5
35250298,male,0.0,0.0,0.0,0.0
35250299,female,14.3,0.0,2.8,0.0
35250299,male,0.0,0.0,5.6,0.0
35250300,female,13.3,25.0,4.0,0.0
35250300,male,7.1,0.0,2.1,0.0
35250302,female,0.0,0.0,4.8,0.0
35250302,male,16.7,0.0,4.3,0.0
35250303,female,0.0,0.0,3.7,0.0
35250303,male,0.0,0.0,4.0,0.0
35250304,female,9.1,0.0,3.4,6.7
35250304,male,9.1,33.3,3.1,8.3
35250305,female,22.2,0.0,5.7,7.7
35250305,male,15.4,0.0,3.2,0.0
35250306,female,11.1,0.0,8.3,0.0
35250306,male,14.3,0.0,4.2,16.7
35250307,female,11.1,33.3,11.4,0.0
35250307,male,15.4,0.0,10.0,0.0
35250308,female,10.5,0.0,9.1,0.0
35250308,male,10.5,0.0,3.5,0.0
35250309,female,0.0,0.0,8.0,0.0
35250309,male,0.0,0.0,4.0,0.0
35250310,female,14.3,100.0,0.0,0.0
35250310,male,0.0,0.0,4.0,0.0
35250311,female,8.3,25.0,2.6,0.0
35250311,male,12.5,0.0,2.8,0.0
35250312,female,14.3,0.0,3.8,0.0
35250312,male,14.3,25.0,3.8,16.7
35250313,female,22.2,0.0,6.4,12.5
35250313,male,11.1,0.0,11.6,5.3
35250315,female,0.0,0.0,9.1,4.1
35250315,male,0.0,...,4.0,0.0
35250316,female,18.2,0.0,6.0,9.1
35250316,male,15.4,0.0,7.5,0.0
35250317,female,12.5,0.0,8.1,0.0
35250317,male,0.0,0.0,8.1,0.0
35250318,female,x,x,x,x
35250318,male,x,x,x,x
35250319,female,33.3,0.0,13.8,25.0
35250319,male,33.3,20.0,12.9,0.0
35250320,female,22.2,50.0,10.3,8.3
35250320,male,22.2,0.0,10.7,0.0
35250321,female,16.7,0.0,15.8,0.0
35250321,male,16.7,33.3,21.7,0.0
35250322,female,40.0,0.0,10.3,0.0
35250322,male,16.7,50.0,7.1,12.5
35250323,female,14.3,50.0,13.9,8.3
35250323,male,20.0,0.0,8.6,0.0
35250324,female,78.6,61.5,50.0,18.2
35250324,male,75.6,66.7,35.3,12.5
35250326,female,58.3,33.3,24.0,33.3
35250326,male,62.5,0.0,8.3,33.3
35250327,female,54.2,50.0,35.4,16.7
35250327,male,76.7,60.0,32.5,0.0
35250328,female,12.5,50.0,10.3,0.0
35250328,male,0.0,0.0,15.4,0.0
35250329,female,0.0,0.0,5.7,11.1
35250329,male,10.0,0.0,12.1,11.1
35250330,female,50.0,50.0,18.8,11.1
35250330,male,66.7,0.0,16.7,14.3
35250331,female,54.5,66.7,28.6,33.3
35250331,male,53.3,75.0,17.4,0.0
35250332,female,20.0,33.3,8.6,0.0
35250332,male,12.5,0.0,5.9,0.0
35250333,female,11.1,33.3,4.8,8.3
35250333,male,20.0,33.3,4.9,0.0
35250334,female,20.0,0.0,11.8,8.3
35250334,male,16.7,0.0,13.9,9.1
35250335,female,0.0,0.0,12.0,20.0
35250335,male,0.0,0.0,6.9,0.0
35250336,female,14.3,0.0,6.1,10.0
35250336,male,12.5,0.0,5.6,0.0
35250337,female,25.0,33.3,16.3,16.7
35250337,male,33.3,25.0,13.5,7.7
35250338,female,54.5,60.0,30.9,28.6
35250338,male,45.5,40.0,25.5,18.2
35250339,female,0.0,25.0,5.6,10.0
35250339,male,11.1,0.0,7.7,0.0
35250340,female,0.0,0.0,0.0,20.0
35250340,male,0.0,0.0,0.0,0.0
35250341,female,20.0,33.3,18.2,21.4
35250341,male,25.0,33.3,16.3,9.1
35250342,female,33.3,0.0,8.1,16.7
35250342,male,28.6,0.0,9.7,0.0
35250343,female,16.7,0.0,6.5,0.0
35250343,male,0.0,0.0,3.0,0.0
35250344,female,12.5,0.0,6.5,10.0
35250344,male,0.0,0.0,5.9,0.0
35250345,female,11.1,0.0,3.8,0.0
35250345,male,0.0,0.0,7.7,0.0
35250346,female,0.0,0.0,3.3,0.0
35250346,male,0.0,0.0,3.2,0.0
35250347,female,0.0,0.0,7.7,9.1
35250347,male,16.7,0.0,9.4,0.0
35250348,female,0.0,0.0,3.2,0.0
35250348,male,0.0,0.0,2.8,0.0
35250349,female,9.1,0.0,6.1,12.5
35250349,male,12.5,0.0,3.6,0.0
35250350,female,30.0,0.0,23.1,0.0
35250350,male,25.0,33.3,15.0,8.3
35250351,female,0.0,...,13.6,10.5
35250351,male,50.0,...,11.1,0.0
35250352,female,44.4,50.0,17.9,10.0
35250352,male,36.4,33.3,14.7,0.0
35250353,female,33.3,25.0,18.4,13.3
35250353,male,12.5,50.0,16.1,0.0
35250354,female,10.0,0.0,2.7,0.0
35250354,male,14.3,0.0,5.9,0.0
35250355,female,11.1,33.3,3.0,0.0
35250355,male,7.7,0.0,8.6,0.0
35250356,female,11.1,0.0,5.4,7.1
35250356,male,8.3,0.0,7.3,10.0
35250357,female,12.5,50.0,3.0,11.1
35250357,male,0.0,0.0,2.9,0.0
35250358,female,14.3,50.0,8.6,7.7
35250358,male,25.0,50.0,2.8,0.0
35250359,female,22.2,0.0,15.6,0.0
35250359,male,20.0,33.3,6.3,0.0
35250360,female,12.5,0.0,3.0,0.0
35250360,male,0.0,0.0,5.9,0.0
35250361,female,12.5,0.0,3.1,9.1
35250361,male,16.7,0.0,6.5,11.1
35250362,female,25.0,0.0,12.5,0.0
35250362,male,12.5,0.0,6.3,0.0
35250363,female,40.0,100.0,17.2,16.7
35250363,male,14.3,33.3,12.9,0.0
35250364,female,x,x,x,x
35250364,male,x,x,x,x
35250365,female,22.2,25.0,17.7,9.7
35250365,male,33.3,25.0,16.7,5.3
35250366,female,53.8,40.0,30.2,25.0
35250366,male,55.6,40.0,24.5,22.2
35250367,female,36.4,20.0,13.9,16.7
35250367,male,45.5,25.0,15.8,0.0
35250368,female,22.2,33.3,10.5,14.3
35250368,male,12.5,0.0,17.1,0.0
35250369,female,10.0,0.0,6.1,0.0
35250369,male,11.1,0.0,8.8,0.0
35250370,female,42.9,33.3,16.1,0.0
35250370,male,25.0,33.3,17.9,0.0
35250371,female,22.2,66.7,9.1,0.0
35250371,male,11.1,25.0,6.5,0.0
35250372,female,14.3,0.0,8.1,0.0
35250372,male,20.0,0.0,8.6,0.0
35250373,female,14.3,0.0,7.1,0.0
35250373,male,14.3,0.0,10.0,0.0
35250374,female,0.0,25.0,5.9,14.3
35250374,male,0.0,0.0,6.1,0.0
35250375,female,22.2,0.0,8.6,0.0
35250375,male,0.0,0.0,5.6,20.0
35250376,female,12.5,0.0,6.1,0.0
35250376,male,12.5,0.0,6.3,0.0
35250377,female,16.7,25.0,8.6,0.0
35250377,male,27.3,0.0,14.6,0.0
35250378,female,28.6,50.0,6.3,0.0
35250378,male,12.5,33.3,9.7,0.0
35250379,female,33.3,0.0,9.1,8.3
35250379,male,25.0,0.0,10.0,0.0
35250380,female,12.5,0.0,3.1,0.0
35250380,male,0.0,0.0,3.6,14.3
35250381,female,0.0,50.0,6.7,0.0
35250381,male,0.0,0.0,7.7,0.0
35250382,female,20.0,0.0,6.3,14.3
35250382,male,11.1,33.3,14.7,0.0
35250383,female,50.0,50.0,32.5,14.3
35250383,male,60.0,75.0,30.2,28.6
35250384,female,25.0,0.0,34.6,0.0
35250384,male,27.3,0.0,47.5,25.0
35250385,female,22.2,33.3,15.6,12.5
35250385,male,20.0,20.0,21.2,0.0
35250387,female,12.5,0.0,3.7,0.0
35250387,male,0.0,0.0,3.7,0.0
35250388,female,7.7,0.0,5.7,0.0
35250388,male,0.0,0.0,6.5,0.0
35250389,female,16.7,0.0,7.7,0.0
35250389,male,0.0,0.0,4.0,0.0
35250390,female,11.1,0.0,9.8,20.0
35250390,male,0.0,0.0,12.1,0.0
35250391,female,20.0,0.0,14.6,12.5
35250391,male,14.3,0.0,22.9,28.6
35250392,female,0.0,0.0,15.4,0.0
35250392,male,0.0,0.0,8.6,20.0
35250393,female,50.0,50.0,32.4,25.0
35250393,male,50.0,100.0,23.5,25.0
35250394,female,50.0,66.7,31.5,20.0
35250394,male,62.5,33.3,35.8,0.0
35250395,female,66.7,66.7,31.0,15.0
35250395,male,75.0,66.7,32.7,20.0
35250396,female,50.0,50.0,23.7,18.8
35250396,male,33.3,25.0,23.1,11.1
35250397,female,40.0,50.0,27.1,50.0
35250397,male,60.0,33.3,22.2,33.3
35250398,female,...,...,85.7,100.0
35250398,male,...,...,91.2,66.7
35250399,female,100.0,...,88.2,77.8
35250399,male,100.0,...,84.9,72.4
35250400,female,71.4,40.0,32.0,9.1
35250400,male,100.0,50.0,34.7,11.1
35250401,female,40.0,0.0,34.0,14.3
35250401,male,37.5,0.0,34.0,16.7
35250402,female,33.3,0.0,17.1,0.0
35250402,male,50.0,33.3,21.2,14.3
35250403,female,42.9,25.0,15.2,15.4
35250403,male,66.7,0.0,20.0,11.1
35250404,female,28.6,0.0,14.7,0.0
35250404,male,10.0,0.0,13.3,0.0
35250405,female,33.3,25.0,15.6,14.3
35250405,male,0.0,0.0,11.1,20.0
35250406,female,20.0,33.3,32.0,18.2
35250406,male,80.0,33.3,34.7,16.7
35250407,female,28.6,0.0,28.9,0.0
35250407,male,30.0,0.0,24.3,0.0
35250408,female,16.7,0.0,26.7,14.3
35250408,male,33.3,0.0,32.3,20.0
35250409,female,40.0,0.0,27.3,20.0
35250409,male,0.0,0.0,37.0,33.3
35250410,female,14.3,33.3,13.3,28.6
35250410,male,16.7,33.3,12.9,20.0
35250411,female,33.3,0.0,16.1,11.1
35250411,male,25.0,33.3,9.4,0.0
35250412,female,33.3,0.0,40.0,58.3
35250412,male,0.0,0.0,44.4,38.1
35250413,female,44.4,33.3,13.2,11.1
35250413,male,37.5,66.7,15.4,0.0
35250416,female,37.5,33.3,15.2,25.0
35250416,male,33.3,50.0,21.6,14.3
35250417,female,50.0,50.0,35.1,25.0
35250417,male,66.7,50.0,36.4,25.0
35250418,female,80.0,66.7,38.1,25.0
35250418,male,60.0,66.7,42.2,50.0
35250419,female,60.0,33.3,39.5,28.6
35250419,male,40.0,33.3,40.7,33.3
35250420,female,28.6,33.3,18.8,11.8
35250420,male,20.0,0.0,17.6,7.7
35250421,female,20.0,100.0,18.6,12.5
35250421,male,50.0,0.0,25.0,8.3
35250422,female,66.7,100.0,48.6,68.0
35250422,male,50.0,33.3,56.0,70.4
35250423,female,62.5,66.7,31.1,21.4
35250423,male,50.0,40.0,41.5,11.1
35250424,female,200.0,...,23.5,9.5
35250424,male,0.0,0.0,31.6,6.7
35250425,female,42.9,50.0,22.4,10.5
35250425,male,33.3,100.0,26.8,16.7
35250426,female,0.0,0.0,15.6,8.3
35250426,male,0.0,0.0,22.2,0.0
35250427,female,0.0,0.0,20.7,50.0
35250427,male,33.3,0.0,20.8,0.0
35250428,female,66.7,66.7,45.2,33.3
35250428,male,88.9,75.0,40.5,16.7
35250429,female,20.0,33.3,29.2,25.0
35250429,male,50.0,50.0,30.0,0.0
35250430,female,33.3,100.0,26.5,20.0
35250430,male,25.0,0.0,31.6,25.0
35250431,female,57.1,50.0,33.3,16.7
35250431,male,60.0,100.0,28.6,25.0
35250434,female,68.4,55.6,37.5,13.0
35250434,male,63.2,60.0,42.5,14.3
35250435,female,66.7,66.7,41.9,60.0
35250435,male,57.1,33.3,45.9,25.0
35250436,female,50.0,50.0,41.7,25.0
35250436,male,42.9,33.3,41.5,33.3
35250437,female,60.0,100.0,36.4,60.0
35250437,male,75.0,50.0,37.8,33.3
35250438,female,66.7,50.0,35.0,25.0
35250438,male,25.0,50.0,41.4,20.0
35250439,female,53.8,40.0,33.3,16.7
35250439,male,53.8,60.0,32.6,0.0
35250440,female,33.3,0.0,22.5,25.0
35250440,male,50.0,50.0,26.9,8.3
35250441,female,28.6,25.0,17.1,11.1
35250441,male,33.3,0.0,27.9,12.5
35250442,female,14.3,0.0,14.6,16.7
35250442,male,22.2,0.0,14.0,12.5
35250443,female,20.0,0.0,13.8,12.5
35250443,male,22.2,0.0,12.1,0.0
35250444,female,50.0,50.0,31.3,15.0
35250444,male,62.5,100.0,21.4,18.2
35250445,female,42.9,25.0,10.7,0.0
35250445,male,20.0,25.0,15.4,0.0
35250446,female,25.0,0.0,17.6,28.6
35250446,male,20.0,0.0,12.2,16.7
35250447,female,33.3,0.0,27.3,0.0
35250447,male,42.9,50.0,33.3,0.0
35250448,female,66.7,40.0,32.1,14.3
35250448,male,57.1,16.7,33.3,33.3
35250449,female,60.0,50.0,32.1,100.0
35250449,male,28.6,50.0,35.5,0.0
35250450,female,37.5,25.0,25.0,11.1
35250450,male,66.7,50.0,23.5,16.7
35250451,female,x,x,x,x
35250451,male,x,x,x,x
35250452,female,66.7,100.0,23.1,0.0
35250452,male,33.3,0.0,21.7,0.0
35250453,female,55.6,75.0,26.7,0.0
35250453,male,37.5,33.3,27.6,25.0
35250454,female,42.9,33.3,30.4,20.0
35250454,male,33.3,25.0,35.3,33.3
35250455,female,60.0,33.3,34.4,25.0
35250455,male,42.9,0.0,31.6,25.0
35250456,female,77.8,100.0,51.6,50.0
35250456,male,71.4,100.0,53.1,33.3
35250457,female,x,x,x,x
35250457,male,x,x,x,x
35250458,female,83.3,33.3,51.6,50.0
35250458,male,60.0,60.0,39.1,25.0
35250459,female,66.7,57.1,41.3,33.3
35250459,male,53.3,50.0,42.0,25.0
35250460,female,33.3,0.0,23.8,20.0
35250460,male,44.4,0.0,29.2,25.0
35250461,female,63.6,50.0,30.0,0.0
35250461,male,50.0,50.0,24.0,0.0
35250462,female,50.0,100.0,30.4,14.3
35250462,male,55.6,66.7,34.6,20.0
35250463,female,60.0,0.0,30.8,28.6
35250463,male,66.7,50.0,32.1,16.7
35250464,female,60.0,0.0,28.0,25.0
35250464,male,57.1,50.0,32.0,25.0
35250465,female,54.5,40.0,35.7,50.0
35250465,male,55.6,50.0,36.7,50.0
35250466,female,37.5,25.0,25.9,33.3
35250466,male,62.5,33.3,37.9,25.0
35250467,female,57.1,60.0,56.5,75.0
35250467,male,66.7,60.0,55.6,72.7
35250468,female,33.3,50.0,29.2,33.3
35250468,male,66.7,50.0,32.5,50.0
35250471,female,40.0,50.0,24.0,14.3
35250471,male,57.1,50.0,26.7,0.0
35250472,female,50.0,0.0,25.8,16.7
35250472,male,20.0,100.0,28.6,16.7
35250473,female,40.0,0.0,29.4,20.0
35250473,male,50.0,50.0,30.0,0.0
35250474,female,64.3,60.0,37.5,25.0
35250474,male,63.2,42.9,42.9,40.0
35250475,female,42.9,33.3,26.7,0.0
35250475,male,50.0,50.0,32.4,20.0
35250476,female,33.3,0.0,25.0,0.0
35250476,male,42.9,33.3,25.0,20.0
35250477,female,33.3,0.0,25.8,16.7
35250477,male,33.3,25.0,29.3,25.0
35250478,female,20.0,25.0,16.7,0.0
35250478,male,37.5,0.0,20.8,0.0
35250479,female,33.3,16.7,16.7,0.0
35250479,male,22.2,33.3,21.4,14.3
35250480,female,50.0,33.3,27.0,0.0
35250480,male,50.0,50.0,29.7,20.0
35250481,female,33.3,25.0,19.2,33.3
35250481,male,33.3,50.0,19.2,20.0
35250482,female,50.0,33.3,20.0,0.0
35250482,male,50.0,16.7,17.6,33.3
35250483,female,30.0,25.0,15.6,33.3
35250483,male,27.3,33.3,15.6,33.3
35250484,female,33.3,50.0,25.9,33.3
35250484,male,41.7,25.0,25.0,25.0
35250485,female,36.4,50.0,17.1,0.0
35250485,male,41.7,50.0,10.8,0.0
35250486,female,40.0,50.0,19.0,11.1
35250486,male,28.6,25.0,26.1,0.0
35250487,female,50.0,0.0,14.8,16.7
35250487,male,37.5,50.0,13.0,16.7
35250488,female,40.0,0.0,16.7,0.0
35250488,male,50.0,33.3,13.3,16.7
35250489,female,33.3,100.0,17.4,12.5
35250489,male,33.3,0.0,16.7,0.0
35250490,female,25.0,33.3,7.4,0.0
35250490,male,25.0,0.0,7.4,0.0
35250491,female,78.6,50.0,37.5,0.0
35250491,male,66.7,66.7,37.5,0.0
35250492,female,62.5,25.0,15.4,0.0
35250492,male,33.3,0.0,12.5,0.0
35250493,female,16.7,0.0,17.9,20.0
35250493,male,33.3,25.0,14.8,25.0
35250494,female,33.3,0.0,26.1,28.6
35250494,male,40.0,0.0,16.7,0.0
35250495,female,45.5,33.3,23.3,0.0
35250495,male,38.5,33.3,18.5,25.0
35250496,female,x,x,x,x
35250496,male,x,x,x,x
35250497,female,33.3,0.0,23.1,20.0
35250497,male,25.0,0.0,18.4,25.0
35250498,female,20.0,50.0,21.2,9.1
35250498,male,25.0,0.0,24.3,0.0
35250499,female,28.6,0.0,16.2,14.3
35250499,male,30.0,0.0,11.1,0.0
35250501,female,18.2,0.0,14.3,9.1
35250501,male,16.7,0.0,12.5,10.0
35250502,female,16.7,25.0,13.9,0.0
35250502,male,8.3,0.0,14.3,20.0
35250503,female,12.5,0.0,21.9,0.0
35250503,male,12.5,33.3,27.8,0.0
35250504,female,44.4,33.3,50.0,25.0
35250504,male,50.0,100.0,46.9,0.0
35250506,female,0.0,0.0,6.1,14.3
35250506,male,8.3,0.0,12.5,20.0
35250507,female,12.5,0.0,12.1,0.0
35250507,male,11.1,0.0,13.8,16.7
35250508,female,0.0,0.0,3.4,0.0
35250508,male,0.0,0.0,3.4,0.0
35250509,female,10.0,0.0,7.5,0.0
35250509,male,10.0,0.0,8.1,0.0
35250510,female,0.0,0.0,2.8,0.0
35250510,male,0.0,0.0,3.1,0.0
35250511,female,7.1,0.0,11.8,10.0
35250511,male,7.7,0.0,4.2,0.0
35250512,female,0.0,0.0,18.8,14.3
35250512,male,16.7,0.0,15.4,0.0
35250513,female,25.0,0.0,13.2,14.3
35250513,male,14.3,0.0,13.9,20.0
35250514,female,17.6,0.0,7.1,5.6
35250514,male,5.3,0.0,6.3,6.3
35250515,female,0.0,0.0,9.1,7.7
35250515,male,0.0,0.0,4.3,11.1
35250516,female,15.4,0.0,8.7,0.0
35250516,male,14.3,0.0,10.0,6.3
35250517,female,14.3,50.0,8.7,0.0
35250517,male,22.2,0.0,8.3,0.0
35250518,female,16.7,0.0,5.6,11.1
35250518,male,16.7,0.0,0.0,0.0
35250519,female,14.3,0.0,11.4,0.0
35250519,male,0.0,33.3,11.9,7.1
35250520,female,20.0,25.0,7.1,0.0
35250520,male,8.3,0.0,8.7,7.7
35250521,female,12.5,0.0,10.3,0.0
35250521,male,27.3,33.3,12.1,10.0
35250522,female,x,x,x,x
35250522,male,x,x,x,x
35250523,female,12.5,100.0,7.1,7.1
35250523,male,0.0,50.0,6.7,0.0
35250524,female,50.0,66.7,20.8,0.0
35250524,male,60.0,66.7,15.0,0.0
35250525,female,12.5,50.0,13.6,0.0
35250525,male,14.3,50.0,9.1,0.0
35250526,female,70.6,58.3,36.1,10.3
35250526,male,57.9,63.6,31.7,6.3
35250527,female,14.3,50.0,4.0,0.0
35250527,male,12.5,0.0,4.0,0.0
35250528,female,0.0,0.0,4.5,0.0
35250528,male,0.0,0.0,4.2,9.1
35250529,female,53.8,40.0,33.3,11.1
35250529,male,50.0,100.0,21.7,0.0
35250530,female,41.7,25.0,20.0,0.0
35250530,male,41.7,33.3,20.7,0.0
35250531,female,11.1,0.0,3.7,9.1
35250531,male,11.1,0.0,10.7,0.0
35250532,female,0.0,0.0,4.0,20.0
35250532,male,14.3,0.0,3.7,11.1
35250533,female,30.0,25.0,20.8,20.0
35250533,male,33.3,0.0,22.9,0.0
35250534,female,28.6,0.0,12.9,6.7
35250534,male,14.3,50.0,7.4,12.5
35250535,female,43.8,33.3,22.9,7.1
35250535,male,50.0,40.0,18.8,0.0
35250536,female,16.7,0.0,14.3,18.2
35250536,male,33.3,20.0,17.2,0.0
35250537,female,20.0,0.0,15.0,10.0
35250537,male,25.0,40.0,15.9,12.5
35250538,female,9.1,25.0,9.1,7.1
35250538,male,22.2,0.0,5.3,7.7
35250539,female,18.2,0.0,11.4,0.0
35250539,male,20.0,25.0,9.1,10.0
35250540,female,14.3,0.0,5.9,5.9
35250540,male,11.1,0.0,5.6,0.0
35250541,female,22.2,0.0,18.2,7.1
35250541,male,10.0,0.0,14.7,0.0
35250542,female,20.0,50.0,10.7,16.7
35250542,male,14.3,0.0,14.7,11.1
35250545,female,14.3,0.0,13.6,0.0
35250545,male,20.0,0.0,16.7,10.0
35250546,female,100.0,100.0,27.6,33.3
35250546,male,40.0,0.0,26.7,0.0
35250547,female,16.7,0.0,4.2,0.0
35250547,male,14.3,0.0,3.7,16.7
35250548,female,35.7,20.0,15.6,21.4
35250548,male,38.5,20.0,22.5,0.0
35250549,female,16.7,0.0,18.9,20.0
35250549,male,11.1,0.0,14.7,0.0
35250550,female,12.5,0.0,3.6,0.0
35250550,male,11.1,0.0,0.0,0.0
35250551,female,16.7,0.0,6.3,8.3
35250551,male,0.0,0.0,6.1,0.0
35250552,female,50.0,50.0,26.7,0.0
35250552,male,58.8,50.0,16.7,0.0
35250553,female,45.5,33.3,21.1,14.3
35250553,male,33.3,25.0,18.8,16.7
35250554,female,9.1,0.0,5.6,0.0
35250554,male,0.0,0.0,9.7,0.0
35250555,female,0.0,0.0,12.9,16.7
35250555,male,20.0,0.0,3.8,0.0
35250556,female,0.0,0.0,5.7,0.0
35250556,male,0.0,0.0,7.7,0.0
35250557,female,47.6,44.4,27.1,9.1
35250557,male,45.0,42.9,16.7,14.3
35250558,female,28.6,0.0,3.4,9.1
35250558,male,10.0,25.0,8.8,0.0
35250559,female,12.5,50.0,3.4,9.1
35250559,male,12.5,0.0,6.7,0.0
35250560,female,0.0,0.0,9.1,11.1
35250560,male,0.0,...,12.5,0.0
35250561,female,0.0,0.0,4.5,0.0
35250561,male,16.7,0.0,3.7,0.0
35250562,female,16.7,50.0,5.6,0.0
35250562,male,20.0,0.0,10.5,0.0
35250563,female,37.5,50.0,19.0,11.1
35250563,male,30.0,20.0,18.4,0.0
35250564,female,16.7,33.3,9.1,0.0
35250564,male,14.3,0.0,12.5,0.0
35250565,female,15.4,0.0,4.9,0.0
35250565,male,17.6,0.0,6.8,0.0
35250566,female,0.0,0.0,6.7,11.1
35250566,male,10.0,0.0,3.6,0.0
35250567,female,20.0,0.0,12.5,14.3
35250567,male,10.0,0.0,12.9,0.0
35250568,female,30.0,0.0,12.5,15.4
35250568,male,30.0,20.0,14.3,10.0
35250569,female,28.6,0.0,8.3,6.7
35250569,male,20.0,0.0,4.2,7.7
35250570,female,11.1,0.0,10.0,0.0
35250570,male,10.0,25.0,7.1,0.0
35250571,female,25.0,0.0,5.6,9.7
35250571,male,0.0,...,7.7,5.6
35250572,female,0.0,0.0,5.9,9.1
35250572,male,9.1,0.0,5.9,9.1
35250573,female,8.7,0.0,6.6,11.1
35250573,male,13.0,20.0,5.6,5.9
35250574,female,0.0,0.0,0.0,11.1
35250574,male,0.0,0.0,0.0,0.0
35250578,female,41.7,16.7,21.4,0.0
35250578,male,56.0,42.9,13.6,0.0
35250579,female,14.3,0.0,5.7,0.0
35250579,male,0.0,0.0,3.2,0.0
35250580,female,61.5,50.0,34.6,0.0
35250580,male,69.2,66.7,25.0,0.0
35250581,female,10.5,20.0,7.0,0.0
35250581,male,21.1,16.7,5.5,14.3
35250582,female,26.7,33.3,9.1,0.0
35250582,male,35.3,25.0,8.1,0.0
35250583,female,0.0,25.0,2.1,0.0
35250583,male,15.4,25.0,0.0,0.0
35250585,female,30.8,20.0,12.8,12.5
35250585,male,27.8,20.0,6.3,0.0
35250586,female,11.8,10.0,4.9,7.7
35250586,male,10.5,10.0,4.2,6.7
35250587,female,0.0,0.0,4.0,0.0
35250587,male,20.0,0.0,0.0,0.0
35250588,female,0.0,0.0,7.4,0.0
35250588,male,12.5,50.0,4.2,0.0
35250589,female,8.3,0.0,4.2,0.0
35250589,male,10.0,0.0,2.0,0.0
35250590,female,0.0,0.0,3.7,0.0
35250590,male,0.0,0.0,4.0,0.0
35250591,female,6.3,0.0,4.3,0.0
35250591,male,6.7,0.0,2.1,11.1
35250592,female,18.2,33.3,5.3,0.0
35250592,male,18.2,0.0,6.5,0.0
35250593,female,53.8,50.0,19.2,14.3
35250593,male,46.7,40.0,17.4,0.0
35250594,female,25.0,0.0,9.8,0.0
35250594,male,18.2,50.0,11.4,8.3
35250595,female,9.1,0.0,6.9,0.0
35250595,male,12.5,0.0,7.1,0.0
35250596,female,9.1,0.0,7.3,10.0
35250596,male,7.1,0.0,5.0,0.0
35250597,female,37.5,25.0,20.8,0.0
35250597,male,33.3,100.0,21.7,0.0
35250598,female,0.0,33.3,6.9,0.0
35250598,male,20.0,0.0,7.4,16.7
35250599,female,40.0,100.0,15.0,12.9
35250599,male,0.0,...,10.5,6.7
35250600,female,37.5,50.0,16.7,16.7
35250600,male,33.3,0.0,17.9,0.0
35250601,female,33.3,25.0,26.7,55.0
35250601,male,14.3,0.0,16.0,33.3
35250602,female,33.3,0.0,9.5,11.1
35250602,male,0.0,0.0,9.1,0.0
35250603,female,7.7,0.0,4.9,6.7
35250603,male,13.3,0.0,9.1,0.0
35250604,female,0.0,33.3,7.4,0.0
35250604,male,0.0,0.0,9.4,9.1
35250605,female,38.5,33.3,21.9,16.7
35250605,male,42.9,25.0,15.4,0.0
35250606,female,12.5,0.0,0.0,5.3
35250606,male,0.0,0.0,3.6,0.0
35250607,female,25.0,0.0,11.8,12.5
35250607,male,33.3,33.3,10.0,0.0
35250608,female,62.5,60.0,34.5,0.0
35250608,male,53.3,50.0,21.7,0.0
35250609,female,20.0,33.3,5.1,0.0
35250609,male,23.1,0.0,6.1,0.0
35250610,female,8.3,0.0,5.9,0.0
35250610,male,16.7,16.7,2.9,0.0
35250611,female,36.4,25.0,17.6,0.0
35250611,male,27.3,0.0,14.8,14.3
35250612,female,25.0,0.0,10.6,0.0
35250612,male,27.8,33.3,8.1,20.0
35250613,female,25.9,22.2,13.0,10.0
35250613,male,33.3,20.0,12.3,0.0
35250614,female,18.2,25.0,8.3,0.0
35250614,male,25.0,33.3,4.3,0.0
35250615,female,28.6,0.0,8.3,0.0
35250615,male,16.7,0.0,3.8,0.0
35250616,female,16.7,0.0,9.1,0.0
35250616,male,12.5,0.0,6.7,0.0
35250617,female,44.4,33.3,18.8,11.1
35250617,male,40.0,40.0,16.0,0.0
35250618,female,0.0,0.0,0.0,0.0
35250618,male,20.0,0.0,0.0,0.0
35250619,female,22.2,0.0,6.7,0.0
35250619,male,11.1,0.0,6.3,14.3
35250620,female,0.0,0.0,6.7,0.0
35250620,male,0.0,0.0,3.4,0.0
35250621,female,12.5,0.0,12.0,11.8
35250621,male,22.2,0.0,10.0,0.0
35250622,female,38.5,25.0,20.7,0.0
35250622,male,46.2,50.0,16.0,0.0
35250623,female,16.7,0.0,11.5,0.0
35250623,male,37.5,50.0,8.3,0.0
35250624,female,14.3,0.0,17.4,25.0
35250624,male,0.0,0.0,11.5,26.7
35250625,female,37.5,33.3,20.0,11.1
35250625,male,45.5,50.0,16.7,14.3
35250626,female,12.5,0.0,3.1,0.0
35250626,male,12.5,0.0,6.3,0.0
35250627,female,25.0,0.0,5.7,11.1
35250627,male,7.7,0.0,6.1,0.0
35250628,female,0.0,0.0,21.1,53.1
35250628,male,0.0,0.0,6.3,21.4
35250629,female,40.0,50.0,15.1,26.3
35250629,male,23.1,25.0,15.6,5.3
35250630,female,0.0,0.0,3.2,0.0
35250630,male,0.0,0.0,3.4,0.0
35250631,female,11.1,33.3,6.9,7.7
35250631,male,10.0,33.3,3.3,0.0
35250632,female,41.7,25.0,21.7,12.5
35250632,male,50.0,40.0,23.3,12.5
35250633,female,x,x,x,x
35250633,male,x,x,x,x
35250634,female,57.7,40.0,29.4,9.1
35250634,male,52.6,40.0,17.9,0.0
35250635,female,30.0,25.0,14.8,0.0
35250635,male,27.3,25.0,4.5,14.3
35250636,female,9.5,14.3,8.8,12.5
35250636,male,21.4,0.0,6.5,0.0
35250637,female,28.0,16.7,12.8,5.6
35250637,male,23.1,50.0,4.3,0.0
35250638,female,50.0,50.0,4.8,0.0
35250638,male,25.0,0.0,5.9,50.0
35250639,female,47.1,50.0,18.8,0.0
35250639,male,41.2,50.0,10.0,14.3
35250640,female,14.3,0.0,5.6,16.7
35250640,male,14.3,0.0,5.7,0.0
35250641,female,20.0,50.0,6.7,0.0
35250641,male,18.2,25.0,7.4,20.0
35250642,female,43.8,50.0,28.6,16.7
35250642,male,38.5,33.3,18.2,25.0
35250643,female,10.0,0.0,2.6,0.0
35250643,male,9.1,0.0,2.4,0.0
35250644,female,0.0,0.0,4.2,0.0
35250644,male,0.0,...,8.7,0.0
35250645,female,0.0,0.0,4.9,0.0
35250645,male,18.2,0.0,4.9,0.0
35250646,female,10.0,16.7,5.2,0.0
35250646,male,16.0,12.5,6.9,0.0
35250647,female,8.0,0.0,4.6,16.7
35250647,male,13.3,0.0,5.6,0.0
35250648,female,39.3,50.0,14.3,20.0
35250648,male,39.1,60.0,7.0,0.0
35250649,female,38.9,50.0,17.6,0.0
35250649,male,46.2,62.5,9.3,25.0
35250650,female,50.0,25.0,23.3,0.0
35250650,male,38.9,33.3,9.1,0.0
35250651,female,16.7,0.0,4.5,0.0
35250651,male,16.7,50.0,4.5,0.0
35250652,female,7.7,0.0,4.3,0.0
35250652,male,17.6,33.3,6.3,0.0
35250655,female,10.8,12.5,5.8,5.0
35250655,male,9.3,0.0,7.1,4.8
35250656,female,50.0,33.3,15.0,0.0
35250656,male,46.7,33.3,11.5,0.0
35250657,female,21.4,20.0,6.8,0.0
35250657,male,23.1,0.0,4.5,0.0
35250658,female,0.0,0.0,0.0,0.0
35250658,male,0.0,0.0,0.0,0.0
35250659,female,33.3,20.0,14.0,0.0
35250659,male,31.3,0.0,8.1,0.0
35250661,female,13.3,16.7,8.5,6.7
35250661,male,13.3,12.5,6.5,0.0
35250662,female,10.5,9.1,5.3,5.3
35250662,male,10.2,6.7,5.2,0.0
35250663,female,6.7,0.0,6.0,0.0
35250663,male,11.8,25.0,14.3,11.1
35250664,female,20.0,0.0,3.7,11.1
35250664,male,0.0,0.0,6.9,0.0
35250665,female,11.1,0.0,3.4,0.0
35250665,male,0.0,0.0,0.0,0.0
35250666,female,22.2,0.0,4.0,0.0
35250666,male,11.1,0.0,3.8,0.0
35250667,female,x,x,x,x
35250667,male,x,x,x,x
35250668,female,33.3,0.0,45.8,16.7
35250668,male,33.3,0.0,48.1,0.0
35250669,female,0.0,...,60.0,16.7
35250669,male,0.0,0.0,50.0,0.0
35250670,female,0.0,...,30.0,0.0
35250670,male,0.0,...,38.1,0.0
35250671,female,33.3,...,31.6,0.0
35250671,male,0.0,...,35.0,25.0
35250672,female,50.0,...,46.2,0.0
35250672,male,0.0,0.0,44.0,0.0
35250675,female,25.0,...,29.6,0.0
35250675,male,0.0,0.0,38.2,0.0
35250676,female,16.7,0.0,9.1,20.0
35250676,male,9.1,0.0,27.6,0.0
35250677,female,0.0,0.0,13.8,0.0
35250677,male,0.0,0.0,3.8,0.0
35250678,female,8.3,0.0,4.0,0.0
35250678,male,8.3,0.0,4.2,0.0
35250679,female,33.3,0.0,48.7,0.0
35250679,male,0.0,0.0,41.9,0.0
35250680,female,0.0,...,40.6,12.5
35250680,male,25.0,0.0,50.0,0.0
35250681,female,33.3,25.0,33.3,5.9
35250681,male,23.1,0.0,27.1,8.3
35250692,female,16.7,20.0,23.3,20.0
35250692,male,30.0,50.0,27.3,25.0
35250693,female,50.0,50.0,29.6,16.7
35250693,male,44.4,50.0,23.1,0.0
35250694,female,40.0,66.7,29.6,33.3
35250694,male,37.5,0.0,33.3,0.0
35250695,female,76.5,83.3,40.7,0.0
35250695,male,72.2,83.3,36.7,0.0
35250696,female,44.4,0.0,32.0,0.0
35250696,male,66.7,50.0,37.9,33.3
35250700,female,40.0,25.0,26.5,0.0
35250700,male,50.0,33.3,33.3,20.0
35250701,female,16.7,25.0,16.1,16.7
35250701,male,33.3,20.0,16.1,0.0
35250702,female,25.0,33.3,20.0,40.0
35250702,male,40.0,50.0,17.6,0.0
35250703,female,37.5,33.3,25.8,0.0
35250703,male,50.0,25.0,21.2,11.1
35250704,female,31.3,20.0,22.2,16.7
35250704,male,40.0,40.0,23.1,16.7
35250705,female,44.4,0.0,14.3,14.3
35250705,male,44.4,50.0,19.4,50.0
35250706,female,36.4,25.0,20.0,25.0
35250706,male,45.5,25.0,18.2,33.3
35250707,female,55.6,0.0,21.4,20.0
35250707,male,45.5,33.3,22.2,0.0
35250708,female,56.3,50.0,23.8,22.2
35250708,male,38.9,50.0,22.2,0.0
35250709,female,27.3,25.0,25.0,14.3
35250709,male,30.0,33.3,15.2,20.0
35250710,female,25.0,33.3,16.1,20.0
35250710,male,33.3,33.3,19.4,25.0
35250711,female,25.0,33.3,12.5,0.0
35250711,male,12.5,0.0,8.3,0.0
35250712,female,20.0,0.0,16.0,25.0
35250712,male,14.3,50.0,14.8,25.0
35250713,female,37.5,25.0,14.8,0.0
35250713,male,25.0,66.7,17.9,0.0
35250714,female,45.5,20.0,18.2,25.0
35250714,male,46.2,33.3,26.3,25.0
35250715,female,40.0,33.3,27.3,33.3
35250715,male,30.8,20.0,14.7,20.0
35250716,female,33.3,25.0,21.6,14.3
35250716,male,27.3,0.0,18.6,16.7
35250717,female,37.5,33.3,22.9,16.7
35250717,male,25.0,33.3,20.0,0.0
35250718,female,42.9,50.0,21.4,20.0
35250718,male,50.0,33.3,21.4,0.0
35250719,female,50.0,33.3,30.8,16.7
35250719,male,50.0,33.3,23.3,25.0
35250720,female,50.0,33.3,20.0,28.6
35250720,male,45.5,100.0,27.5,25.0
35250721,female,54.5,60.0,22.5,20.0
35250721,male,30.0,66.7,29.8,20.0
35250724,female,25.0,0.0,22.6,16.7
35250724,male,37.5,33.3,17.1,20.0
35250725,female,25.0,0.0,10.7,0.0
35250725,male,20.0,50.0,18.8,0.0
35250726,female,33.3,25.0,21.4,25.0
35250726,male,22.2,33.3,17.9,0.0
35250727,female,14.3,0.0,11.8,0.0
35250727,male,22.2,0.0,16.7,0.0
35250728,female,30.0,20.0,19.4,0.0
35250728,male,25.0,16.7,11.1,25.0
35250729,female,16.7,0.0,19.4,33.3
35250729,male,33.3,33.3,20.7,20.0
35250730,female,50.0,25.0,30.8,31.8
35250730,male,30.0,20.0,24.3,20.0
35250731,female,64.3,50.0,37.8,37.5
35250731,male,77.8,60.0,31.6,20.0
35250732,female,0.0,0.0,4.2,12.5
35250732,male,14.3,0.0,8.0,0.0
35250733,female,12.5,25.0,9.8,0.0
35250733,male,7.7,25.0,8.6,12.5
35250734,female,22.2,0.0,20.0,40.0
35250734,male,33.3,50.0,22.9,16.7
35250735,female,25.0,50.0,6.7,25.0
35250735,male,9.1,20.0,9.4,0.0
35250736,female,14.3,0.0,2.8,12.5
35250736,male,22.2,0.0,7.9,16.7
35250737,female,12.5,0.0,6.5,0.0
35250737,male,12.5,25.0,3.3,0.0
35250738,female,9.1,0.0,5.3,0.0
35250738,male,10.0,25.0,9.1,0.0
35250739,female,20.0,0.0,19.4,12.5
35250739,male,20.0,0.0,11.1,0.0
35250740,female,12.5,33.3,10.5,0.0
35250740,male,11.1,33.3,8.3,12.5
35250741,female,0.0,0.0,5.6,11.1
35250741,male,0.0,0.0,5.6,0.0
35250742,female,9.1,0.0,5.9,12.5
35250742,male,10.0,0.0,5.6,0.0
35250743,female,0.0,0.0,7.1,14.3
35250743,male,0.0,0.0,6.7,0.0
35250744,female,9.1,0.0,9.3,15.4
35250744,male,8.3,0.0,4.4,0.0
35250745,female,0.0,0.0,10.3,11.1
35250745,male,0.0,0.0,13.3,11.1
35250746,female,33.3,0.0,7.4,12.5
35250746,male,20.0,0.0,8.7,0.0
35250747,female,28.6,50.0,21.7,14.3
35250747,male,40.0,0.0,14.3,0.0
35250748,female,28.6,0.0,11.1,0.0
35250748,male,16.7,0.0,12.9,16.7
35250749,female,28.6,0.0,13.3,11.1
35250749,male,20.0,0.0,16.1,14.3
35250750,female,25.0,33.3,12.5,25.0
35250750,male,14.3,50.0,10.8,25.0
35250753,female,14.3,0.0,6.7,11.1
35250753,male,16.7,0.0,3.3,0.0
35250754,female,14.3,0.0,6.7,0.0
35250754,male,12.5,50.0,10.3,0.0
35250755,female,16.7,0.0,7.1,0.0
35250755,male,33.3,50.0,9.7,0.0
35250756,female,22.2,33.3,8.8,0.0
35250756,male,42.9,66.7,14.3,0.0
35250757,female,50.0,66.7,24.1,16.7
35250757,male,44.4,33.3,14.7,20.0
35250758,female,12.5,50.0,23.1,25.0
35250758,male,50.0,100.0,14.8,20.0
35250759,female,33.3,0.0,9.1,12.5
35250759,male,11.1,25.0,5.6,16.7
35250760,female,50.0,25.0,21.9,0.0
35250760,male,62.5,33.3,20.6,20.0
35250761,female,22.2,0.0,13.3,11.1
35250761,male,14.3,20.0,10.0,14.3
35250762,female,33.3,25.0,26.3,0.0
35250762,male,42.9,50.0,27.9,20.0
35250763,female,0.0,25.0,11.8,0.0
35250763,male,11.1,0.0,12.5,0.0
35250764,female,50.0,0.0,9.4,0.0
35250764,male,33.3,33.3,9.7,0.0
35250765,female,30.0,20.0,29.4,10.0
35250765,male,37.5,20.0,13.8,28.6
35250766,female,22.2,33.3,21.6,16.7
35250766,male,55.6,100.0,20.6,0.0
35250767,female,55.6,0.0,20.0,0.0
35250767,male,30.0,25.0,20.0,16.7
35250768,female,27.3,25.0,12.5,12.5
35250768,male,25.0,50.0,9.4,0.0
35250769,female,28.6,0.0,17.2,0.0
35250769,male,33.3,0.0,17.9,16.7
35250770,female,61.5,60.0,37.1,40.0
35250770,male,45.5,75.0,25.7,0.0
35250771,female,25.0,0.0,16.1,28.6
35250771,male,40.0,33.3,18.9,20.0
35250772,female,40.0,60.0,16.7,33.3
35250772,male,40.0,50.0,22.6,25.0
35250773,female,42.9,40.0,21.1,20.0
35250773,male,42.9,0.0,21.6,20.0
35250774,female,28.6,0.0,19.4,11.1
35250774,male,33.3,0.0,17.9,14.3
35250775,female,36.4,0.0,30.0,16.7
35250775,male,37.5,50.0,34.3,20.0
35250776,female,33.3,0.0,36.0,50.0
35250776,male,33.3,0.0,35.5,16.7
35250777,female,28.6,0.0,17.6,14.3
35250777,male,22.2,0.0,16.7,20.0
35250778,female,28.6,50.0,10.3,16.7
35250778,male,14.3,0.0,7.7,0.0
35250779,female,28.6,0.0,16.0,0.0
35250779,male,14.3,0.0,12.5,0.0
35250780,female,33.3,25.0,19.4,16.7
35250780,male,25.0,25.0,10.3,20.0
35250781,female,28.6,50.0,21.4,16.7
35250781,male,16.7,0.0,20.0,25.0
35250782,female,40.0,50.0,16.7,0.0
35250782,male,12.5,0.0,15.4,20.0
35250783,female,57.1,50.0,18.4,0.0
35250783,male,18.2,20.0,22.9,20.0
35250784,female,27.3,25.0,12.5,16.7
35250784,male,27.3,33.3,12.9,20.0
35250785,female,11.1,0.0,8.6,0.0
35250785,male,14.3,50.0,6.7,16.7
35250786,female,14.3,0.0,12.1,12.5
35250786,male,18.2,0.0,14.3,14.3
35250787,female,30.0,20.0,8.5,9.1
35250787,male,40.0,25.0,13.3,0.0
35250788,female,25.0,0.0,16.7,0.0
35250788,male,0.0,0.0,13.2,0.0
35250789,female,10.0,33.3,5.1,0.0
35250789,male,0.0,0.0,6.3,0.0
35250790,female,11.1,0.0,5.1,11.1
35250790,male,0.0,0.0,5.9,11.1
35250791,female,16.7,33.3,6.5,16.7
35250791,male,0.0,0.0,3.2,0.0
35250792,female,16.7,16.7,12.2,20.0
35250792,male,14.3,20.0,14.3,0.0
35250793,female,22.2,0.0,5.6,12.5
35250793,male,0.0,0.0,3.1,16.7
35250798,female,28.6,0.0,28.6,33.3
35250798,male,37.5,0.0,30.8,0.0
35250799,female,60.0,50.0,25.0,25.0
35250799,male,45.5,66.7,25.8,0.0
35250800,female,66.7,0.0,17.6,16.7
35250800,male,53.8,25.0,20.0,20.0
35250801,female,25.0,0.0,24.1,11.5
35250801,male,33.3,25.0,20.0,6.7
35250802,female,14.3,0.0,18.8,0.0
35250802,male,14.3,0.0,18.5,0.0
35250803,female,0.0,0.0,12.5,0.0
35250803,male,20.0,0.0,12.0,0.0
35250804,female,17.4,10.5,8.1,3.3
35250804,male,12.0,10.0,7.3,6.3
35250805,female,9.4,7.7,5.2,0.0
35250805,male,10.0,0.0,6.4,7.1
35250806,female,12.5,0.0,3.4,0.0
35250806,male,9.1,0.0,6.5,0.0
35250807,female,3.4,9.1,2.8,0.0
35250807,male,3.6,0.0,2.9,0.0
35250810,female,11.1,20.0,3.8,5.9
35250810,male,5.3,0.0,3.8,5.9
35250812,female,28.6,0.0,8.0,0.0
35250812,male,14.3,0.0,3.7,0.0
35250813,female,0.0,33.3,3.1,0.0
35250813,male,0.0,0.0,2.9,0.0
35250814,female,0.0,0.0,3.2,0.0
35250814,male,11.1,0.0,3.2,0.0
35250815,female,3.4,0.0,1.2,2.8
35250815,male,2.9,0.0,3.9,0.0
35250826,female,13.0,0.0,7.3,0.0
35250826,male,4.5,0.0,8.9,9.1
35250827,female,42.9,0.0,10.0,0.0
35250827,male,33.3,0.0,10.0,0.0
35250828,female,16.7,0.0,4.5,0.0
35250828,male,0.0,0.0,5.6,0.0
35250829,female,0.0,0.0,13.3,18.2
35250829,male,0.0,0.0,7.7,20.0
35250830,female,37.5,0.0,19.4,0.0
35250830,male,37.5,33.3,14.8,11.1
35250831,female,22.2,0.0,10.9,2.7
35250831,male,11.1,0.0,12.8,4.4
35250832,female,0.0,...,6.3,12.5
35250832,male,0.0,0.0,14.3,0.0
35250833,female,0.0,0.0,8.0,14.3
35250833,male,0.0,0.0,13.0,0.0
35250834,female,11.1,0.0,0.0,0.0
35250834,male,0.0,0.0,4.3,0.0
35250835,female,12.5,0.0,3.7,9.1
35250835,male,0.0,0.0,7.4,0.0
35250836,female,0.0,0.0,3.6,0.0
35250836,male,14.3,0.0,7.7,0.0
35250843,female,36.7,44.4,16.9,5.9
35250843,male,33.3,27.3,12.3,0.0
35250845,female,66.7,50.0,39.8,25.8
35250845,male,70.4,66.7,33.1,17.2
35250846,female,37.5,33.3,25.0,40.8
35250846,male,28.6,50.0,18.4,16.7
35250847,female,46.7,50.0,40.0,40.0
35250847,male,38.5,33.3,40.0,20.0
35250848,female,22.2,16.7,29.0,14.3
35250848,male,16.7,28.6,27.0,8.3
35250849,female,4.3,0.0,3.6,7.7
35250849,male,12.9,8.3,4.6,0.0
35250850,female,28.6,33.3,13.6,18.2
35250850,male,15.0,25.0,14.5,5.0
35250851,female,47.6,43.8,27.7,16.3
35250851,male,48.2,45.0,26.5,11.9
35250852,female,37.1,23.1,21.8,17.6
35250852,male,45.7,31.3,16.9,11.1
35250853,female,65.9,53.3,37.9,42.9
35250853,male,56.5,40.0,38.0,28.6
35250854,female,50.0,62.5,45.5,12.5
35250854,male,66.7,50.0,50.0,16.7
35250855,female,54.5,57.1,35.9,22.2
35250855,male,55.6,40.0,37.5,20.0
35250857,female,27.3,0.0,4.9,0.0
35250857,male,10.0,0.0,5.1,0.0
35250859,female,7.1,0.0,2.2,5.0
35250859,male,5.9,0.0,2.3,0.0
35250860,female,24.2,20.0,12.3,5.3
35250860,male,28.8,25.0,8.9,0.0
35250861,female,7.1,0.0,9.1,0.0
35250861,male,13.3,0.0,6.3,0.0
35250862,female,10.0,0.0,2.9,10.0
35250862,male,0.0,0.0,0.0,9.1
35250863,female,14.3,0.0,0.0,0.0
35250863,male,0.0,...,4.8,0.0
35250864,female,11.1,0.0,3.2,0.0
35250864,male,16.7,0.0,2.9,0.0
35250865,female,9.1,0.0,2.5,0.0
35250865,male,8.3,25.0,7.9,0.0
35250866,female,9.1,0.0,0.0,0.0
35250866,male,0.0,0.0,2.5,0.0
35250867,female,9.1,0.0,3.0,0.0
35250867,male,8.3,0.0,2.9,0.0
35250868,female,20.0,0.0,3.6,0.0
35250868,male,9.1,0.0,3.7,0.0
35250869,female,9.1,0.0,0.0,0.0
35250869,male,6.7,0.0,0.0,0.0
35250870,female,5.3,0.0,4.4,0.0
35250870,male,0.0,0.0,4.3,0.0
35250871,female,10.0,0.0,3.1,0.0
35250871,male,8.3,0.0,0.0,0.0
35250872,female,0.0,0.0,2.2,0.0
35250872,male,0.0,0.0,2.1,0.0
35250873,female,0.0,0.0,0.0,0.0
35250873,male,7.1,0.0,2.2,0.0
35250874,female,8.3,0.0,2.2,0.0
35250874,male,7.7,33.3,2.0,0.0
35250875,female,6.7,0.0,0.0,0.0
35250875,male,16.7,0.0,4.0,7.7
35250876,female,0.0,0.0,0.0,0.0
35250876,male,0.0,0.0,0.0,12.5
35250877,female,10.0,0.0,6.3,0.0
35250877,male,8.3,33.3,3.3,0.0
35250878,female,9.1,0.0,3.1,0.0
35250878,male,0.0,0.0,3.2,0.0
35250879,female,7.1,20.0,11.1,0.0
35250879,male,13.3,16.7,4.7,0.0
35250880,female,33.3,50.0,22.9,7.7
35250880,male,50.0,75.0,20.7,0.0
35250881,female,25.0,0.0,11.4,22.2
35250881,male,25.0,0.0,15.2,9.1
35250882,female,4.8,0.0,3.7,7.1
35250882,male,9.1,0.0,1.9,0.0
35250883,female,5.9,0.0,2.3,0.0
35250883,male,11.1,0.0,2.6,50.0
35250884,female,0.0,0.0,2.6,0.0
35250884,male,0.0,0.0,0.0,0.0
35250885,female,6.3,0.0,0.0,0.0
35250885,male,0.0,0.0,2.8,0.0
35250886,female,6.7,20.0,2.7,0.0
35250886,male,7.7,0.0,0.0,25.0
35250887,female,0.0,0.0,3.9,16.7
35250887,male,0.0,0.0,0.0,0.0
35250888,female,0.0,0.0,0.0,16.7
35250888,male,0.0,0.0,0.0,16.7
35250889,female,0.0,0.0,2.8,25.0
35250889,male,5.9,14.3,2.9,0.0
35250890,female,0.0,0.0,3.1,0.0
35250890,male,8.3,0.0,0.0,0.0
35250891,female,0.0,0.0,0.0,0.0
35250891,male,0.0,0.0,0.0,0.0
35250892,female,5.4,2.9,2.7,10.5
35250892,male,6.0,4.4,3.4,6.3
35250893,female,10.0,33.3,0.0,14.3
35250893,male,6.7,0.0,2.5,0.0
35250894,female,0.0,0.0,3.0,12.5
35250894,male,12.5,0.0,0.0,0.0
35250895,female,8.3,0.0,2.7,0.0
35250895,male,9.1,33.3,2.6,0.0
35250896,female,9.1,0.0,3.2,0.0
35250896,male,0.0,0.0,6.9,0.0
35250897,female,7.1,25.0,2.7,0.0
35250897,male,8.3,33.3,2.7,0.0
35250898,female,11.1,0.0,0.0,0.0
35250898,male,0.0,0.0,0.0,0.0
35250899,female,11.1,0.0,3.3,0.0
35250899,male,0.0,0.0,3.1,0.0
35250900,female,10.0,0.0,0.0,0.0
35250900,male,7.1,0.0,3.7,0.0
35250901,female,0.0,0.0,3.0,0.0
35250901,male,0.0,0.0,3.2,0.0
35250902,female,0.0,0.0,3.4,0.0
35250902,male,7.7,0.0,0.0,0.0
35250903,female,0.0,0.0,0.0,8.3
35250903,male,11.8,0.0,0.0,8.3
35250904,female,6.7,0.0,2.9,0.0
35250904,male,6.3,0.0,0.0,0.0
35250905,female,0.0,0.0,3.0,0.0
35250905,male,7.1,0.0,0.0,0.0
35250906,female,6.7,0.0,2.9,0.0
35250906,male,7.7,0.0,2.7,0.0
35250907,female,9.1,0.0,3.3,0.0
35250907,male,8.3,33.3,3.7,0.0
35250908,female,14.3,0.0,3.3,0.0
35250908,male,0.0,0.0,5.4,0.0
35250909,female,15.7,12.5,8.4,0.0
35250909,male,13.6,17.6,7.8,7.7
35250910,female,9.1,0.0,7.8,0.0
35250910,male,15.2,16.7,5.9,0.0
35250911,female,5.0,25.0,4.1,0.0
35250911,male,5.6,0.0,4.0,0.0
35250912,female,6.7,50.0,4.2,0.0
35250912,male,5.9,0.0,4.2,0.0
35250913,female,33.3,50.0,15.0,6.7
35250913,male,26.3,33.3,17.1,0.0
35250914,female,16.7,0.0,3.8,0.0
35250914,male,20.0,0.0,8.3,0.0
35250918,female,0.0,0.0,4.2,1.8
35250918,male,0.0,...,3.0,0.8
35250919,female,0.0,0.0,2.2,0.0
35250919,male,0.0,0.0,2.3,9.1
35250920,female,3.2,9.1,2.3,0.0
35250920,male,3.0,8.3,2.4,0.0
35250921,female,25.0,0.0,10.6,8.3
35250921,male,15.4,0.0,10.2,0.0
35250922,female,0.0,0.0,4.9,0.0
35250922,male,5.9,0.0,0.0,8.3
35250923,female,11.1,0.0,3.3,0.0
35250923,male,0.0,0.0,3.0,0.0
35250924,female,16.7,0.0,0.0,0.0
35250924,male,11.1,0.0,3.6,0.0
35250925,female,10.0,0.0,2.5,0.0
35250925,male,0.0,0.0,5.0,0.0
35250928,female,27.3,25.0,3.6,0.0
35250928,male,22.2,0.0,3.2,10.0
35250929,female,7.1,0.0,2.7,0.0
35250929,male,7.1,0.0,2.2,0.0
35250930,female,14.3,0.0,2.5,0.0
35250930,male,13.3,0.0,2.6,0.0
35250931,female,0.0,0.0,2.6,0.0
35250931,male,0.0,0.0,2.4,0.0
35250932,female,40.0,0.0,0.0,0.0
35250932,male,25.0,0.0,4.2,0.0
35250933,female,9.1,0.0,0.0,0.0
35250933,male,20.0,0.0,0.0,0.0
35250934,female,20.0,0.0,3.6,0.0
35250934,male,10.0,0.0,2.9,0.0
35250935,female,0.0,0.0,4.7,1.8
35250935,male,33.3,100.0,2.5,0.0
35250936,female,16.7,0.0,0.0,0.0
35250936,male,0.0,0.0,3.2,0.0
35250937,female,7.7,0.0,4.8,5.3
35250937,male,10.0,0.0,5.4,4.5
35250938,female,12.5,0.0,4.7,0.0
35250938,male,0.0,0.0,2.4,0.0
35250939,female,11.1,0.0,2.6,0.0
35250939,male,9.1,0.0,3.0,7.1
35250940,female,14.3,0.0,3.8,0.0
35250940,male,11.1,0.0,0.0,0.0
35250941,female,10.5,0.0,4.7,0.0
35250941,male,7.1,0.0,5.8,0.0
35250942,female,0.0,0.0,6.5,0.0
35250942,male,10.0,0.0,5.7,0.0
35250943,female,5.3,0.0,3.3,6.3
35250943,male,5.3,0.0,3.5,7.1
35250944,female,7.7,0.0,2.9,0.0
35250944,male,0.0,0.0,6.1,0.0
35250945,female,6.7,16.7,2.3,12.5
35250945,male,7.1,0.0,4.5,0.0
35250946,female,0.0,0.0,0.0,6.3
35250946,male,0.0,0.0,3.8,10.0
35250947,female,12.5,20.0,4.7,0.0
35250947,male,6.3,25.0,2.5,8.3
35250948,female,9.7,7.7,4.6,0.0
35250948,male,8.6,8.3,2.3,0.0
35250949,female,7.7,0.0,3.6,20.0
35250949,male,10.0,0.0,3.7,0.0
35250950,female,9.1,0.0,2.9,0.0
35250950,male,0.0,0.0,3.0,0.0
35250951,female,9.1,0.0,2.4,0.0
35250951,male,5.0,16.7,0.0,0.0
35250952,female,5.6,3.7,4.3,5.9
35250952,male,7.1,3.7,3.1,8.3
35250953,female,66.7,50.0,36.0,0.0
35250953,male,57.1,100.0,32.1,25.0
35250954,female,38.5,33.3,33.3,0.0
35250954,male,47.1,33.3,26.9,0.0
35250955,female,72.0,80.0,60.7,0.0
35250955,male,72.7,71.4,53.3,...
35250956,female,33.3,0.0,60.0,74.2
35250956,male,50.0,...,66.7,57.7
35250957,female,36.4,40.0,26.5,33.3
35250957,male,40.0,25.0,26.5,50.0
35250958,female,37.5,25.0,32.3,20.0
35250958,male,37.5,33.3,23.5,0.0
35250959,female,40.0,100.0,30.0,16.7
35250959,male,44.4,0.0,23.3,25.0
35250960,female,54.5,25.0,31.0,0.0
35250960,male,36.4,33.3,38.2,0.0
35250961,female,63.6,33.3,33.3,0.0
35250961,male,45.5,50.0,31.3,0.0
35250962,female,37.5,50.0,26.7,12.5
35250962,male,38.5,42.9,27.1,12.5
35250963,female,37.9,28.6,28.8,12.3
35250963,male,57.1,58.3,25.4,4.3
35250964,female,16.7,0.0,16.2,5.9
35250964,male,20.0,100.0,16.2,10.0
35250965,female,0.0,0.0,23.1,0.0
35250965,male,0.0,0.0,21.4,0.0
35250966,female,F,F,F,F
35250966,male,F,F,F,F
35250967,female,0.0,0.0,3.4,9.1
35250967,male,7.7,0.0,4.0,0.0
35250968,female,50.0,50.0,40.0,0.0
35250968,male,57.1,50.0,48.8,0.0
35250969,female,25.0,0.0,24.2,0.0
35250969,male,28.6,33.3,33.3,14.3
35250970,female,50.0,50.0,28.2,11.1
35250970,male,44.4,66.7,24.2,0.0
35250971,female,28.6,0.0,0.0,0.0
35250971,male,0.0,0.0,3.3,0.0
35250972,female,12.5,0.0,4.0,0.0
35250972,male,10.0,0.0,4.0,12.5
35250973,female,22.2,33.3,0.0,0.0
35250973,male,16.7,...,3.1,0.0
35250974,female,14.3,0.0,0.0,0.0
35250974,male,11.1,0.0,3.3,0.0
35250975,female,16.7,100.0,8.3,0.0
35250975,male,0.0,0.0,7.4,9.1
35250976,female,0.0,0.0,0.0,0.0
35250976,male,16.7,0.0,4.5,0.0
35250978,female,7.5,6.7,4.1,0.0
35250978,male,8.5,6.1,3.5,5.9
35250980,female,16.7,0.0,0.0,0.0
35250980,male,14.3,0.0,0.0,0.0
35250981,female,7.6,5.9,5.1,5.3
35250981,male,10.3,10.0,4.6,5.9
35250982,female,0.0,0.0,33.3,7.7
35250982,male,0.0,...,0.0,0.0
35250983,female,11.1,0.0,9.4,0.0
35250983,male,12.5,0.0,7.1,20.0
35250985,female,13.0,0.0,3.6,8.3
35250985,male,12.0,0.0,1.2,0.0
35250986,female,3.8,0.0,1.0,0.0
35250986,male,3.1,0.0,1.1,0.0
35250987,female,41.2,50.0,10.0,0.0
35250987,male,40.0,50.0,7.1,12.5
35250988,female,32.3,22.2,8.9,0.0
35250988,male,21.9,11.1,7.7,0.0
35250989,female,21.9,11.1,6.8,0.0
35250989,male,20.0,12.5,8.7,12.5
35250990,female,43.8,33.3,24.3,16.7
35250990,male,33.3,40.0,12.9,16.7
35250991,female,21.4,0.0,9.5,6.7
35250991,male,21.4,20.0,15.0,0.0
35250992,female,8.3,0.0,0.0,0.0
35250992,male,0.0,0.0,0.0,0.0
35250993,female,x,x,x,x
35250993,male,x,x,x,x
35250994,female,12.5,0.0,4.3,6.3
35250994,male,11.1,0.0,6.7,8.3
35250995,female,45.2,22.2,18.7,7.8
35250995,male,38.9,36.4,17.4,5.6
35250996,female,2.8,0.0,1.2,0.0
35250996,male,6.1,0.0,2.7,7.7
35250997,female,7.7,0.0,5.3,1.4
35250997,male,8.3,0.0,2.6,0.0
35250998,female,9.1,0.0,5.9,0.0
35250998,male,0.0,0.0,5.9,0.0
35250999,female,11.8,0.0,3.1,0.0
35250999,male,5.3,0.0,3.6,4.0
35251000,female,0.0,0.0,3.7,0.0
35251000,male,11.1,0.0,11.5,0.0
35251001,female,0.0,0.0,2.5,0.0
35251001,male,6.7,0.0,2.6,0.0
35251002,female,18.2,0.0,7.9,0.0
35251002,male,23.1,50.0,6.1,20.0
35251003,female,10.0,0.0,3.7,20.0
35251003,male,18.2,50.0,5.0,0.0
35251004,female,22.2,0.0,5.7,0.0
35251004,male,7.7,0.0,3.7,0.0
35251005,female,3.8,0.0,3.6,0.0
35251005,male,3.8,0.0,3.5,0.0
35251006,female,4.8,0.0,1.9,0.0
35251006,male,5.3,0.0,4.3,0.0
35251007,female,12.5,0.0,4.8,14.3
35251007,male,10.0,20.0,5.2,0.0
35251008,female,0.0,0.0,0.0,0.0
35251008,male,12.5,0.0,3.4,0.0
35251009,female,4.5,14.3,3.1,0.0
35251009,male,4.3,0.0,4.8,14.3
35251010,female,5.6,0.0,4.5,0.0
35251010,male,8.7,0.0,5.0,0.0
35251011,female,5.6,0.0,2.6,0.0
35251011,male,6.7,25.0,4.9,0.0
35251012,female,5.9,25.0,2.6,0.0
35251012,male,0.0,0.0,2.7,0.0
35251013,female,3.6,0.0,3.0,20.0
35251013,male,5.9,0.0,3.4,20.0
35251014,female,0.0,0.0,4.2,0.0
35251014,male,0.0,0.0,0.0,0.0
35251015,female,0.0,0.0,2.1,0.0
35251015,male,5.0,0.0,2.1,0.0
35251016,female,0.0,0.0,5.6,0.0
35251016,male,20.0,50.0,3.1,0.0
35251017,female,5.9,0.0,0.0,0.0
35251017,male,0.0,0.0,2.9,0.0
35251018,female,51.9,40.0,20.7,16.7
35251018,male,45.2,50.0,14.3,0.0
35251019,female,0.0,0.0,0.0,0.0
35251019,male,12.5,0.0,0.0,0.0
35251020,female,9.1,0.0,3.1,12.5
35251020,male,7.1,0.0,3.1,11.1
35251021,female,9.5,0.0,2.2,16.7
35251021,male,5.3,16.7,2.3,0.0
35251022,female,3.6,5.9,4.3,5.6
35251022,male,5.6,0.0,3.7,0.0
35251023,female,7.4,9.1,5.0,0.0
35251023,male,6.7,0.0,5.0,12.5
35251024,female,8.3,10.0,5.4,0.0
35251024,male,13.5,8.3,4.3,0.0
35251025,female,74.2,76.9,49.2,11.1
35251025,male,71.9,76.9,31.4,14.3
35251026,female,9.1,25.0,4.8,0.0
35251026,male,20.0,0.0,2.9,9.1
35260307,female,0.0,0.0,2.0,7.7
35260307,male,0.0,0.0,2.1,0.0
35260309,female,2.9,0.0,3.4,5.6
35260309,male,5.6,0.0,2.4,0.0
35260310,female,0.0,0.0,0.0,0.0
35260310,male,7.7,0.0,3.7,0.0
35260311,female,0.0,0.0,3.2,4.0
35260311,male,7.1,0.0,3.5,4.3
35260313,female,11.1,50.0,8.6,0.0
35260313,male,10.0,33.3,3.2,0.0
35260314,female,10.0,0.0,0.0,0.0
35260314,male,0.0,0.0,0.0,0.0
35260315,female,0.0,0.0,3.7,0.0
35260315,male,11.1,0.0,7.1,10.0
35260316,female,20.0,0.0,5.9,0.0
35260316,male,10.0,...,9.1,0.0
35260317,female,0.0,0.0,6.7,0.0
35260317,male,0.0,0.0,0.0,0.0
35260318,female,0.0,0.0,3.6,0.0
35260318,male,0.0,0.0,0.0,0.0
35260319,female,0.0,0.0,9.5,9.1
35260319,male,0.0,...,5.0,0.0
35260320,female,18.2,0.0,3.3,14.3
35260320,male,12.5,0.0,3.8,20.0
35260321,female,25.0,0.0,21.2,19.0
35260321,male,33.3,40.0,18.9,13.3
35260322,female,12.5,0.0,14.8,8.3
35260322,male,0.0,0.0,15.4,0.0
35260323,female,10.0,0.0,3.4,7.1
35260323,male,0.0,33.3,6.9,0.0
35260324,female,8.3,33.3,5.3,19.0
35260324,male,7.1,0.0,5.7,7.1
35260325,female,33.3,0.0,30.0,18.2
35260325,male,25.0,0.0,25.0,10.0
35260326,female,0.0,0.0,2.9,0.0
35260326,male,7.7,25.0,3.0,0.0
35260327,female,0.0,0.0,4.8,0.0
35260327,male,0.0,0.0,4.8,0.0
35260328,female,0.0,0.0,0.0,0.0
35260328,male,0.0,0.0,0.0,0.0
35260330,female,0.0,0.0,5.7,0.0
35260330,male,7.7,0.0,0.0,0.0
35260332,female,0.0,0.0,4.2,0.0
35260332,male,12.5,0.0,0.0,0.0
35260333,female,25.0,33.3,5.3,0.0
35260333,male,8.3,0.0,5.1,0.0
35260334,female,9.1,0.0,3.4,0.0
35260334,male,25.0,0.0,3.3,11.1
35260335,female,6.4,0.0,2.6,9.5
35260335,male,2.6,0.0,2.8,0.0
35260336,female,5.3,0.0,3.1,4.3
35260336,male,7.1,0.0,1.1,4.5
35260337,female,0.0,0.0,4.8,0.0
35260337,male,20.0,0.0,5.0,0.0
35260338,female,8.8,8.3,4.1,5.3
35260338,male,8.6,7.7,3.4,0.0
35260339,female,7.1,0.0,5.1,0.0
35260339,male,5.6,0.0,5.7,0.0
35260340,female,10.0,11.8,2.7,0.0
35260340,male,3.2,7.1,2.8,7.1
35260341,female,0.0,0.0,5.7,0.0
35260341,male,9.1,0.0,5.4,0.0
35260342,female,10.0,0.0,9.7,0.0
35260342,male,8.3,0.0,3.2,0.0
35260734,female,7.1,0.0,4.9,2.5
35260734,male,6.3,7.7,6.3,3.6
35260828,female,0.0,0.0,3.8,5.0
35260828,male,0.0,0.0,9.1,0.0
35260829,female,10.0,0.0,6.3,0.0
35260829,male,10.0,0.0,3.6,0.0
35260830,female,0.0,0.0,1.7,0.0
35260830,male,3.8,0.0,2.0,0.0
35260831,female,0.0,0.0,0.0,0.0
35260831,male,0.0,0.0,0.0,0.0
35260832,female,4.3,0.0,3.7,0.0
35260832,male,4.2,11.1,4.1,8.3
35260833,female,9.1,16.7,4.5,0.0
35260833,male,5.3,0.0,4.7,10.0
