,geo_code,Income (M),Government Transfer (M)
0,35240317,57984,10528
1,35240318,47360,2424
2,35240319,66816,676
3,35240320,54400,1500
4,35240321,54272,638
5,35240322,44864,697
6,35240323,35968,984
7,35240324,41216,801
8,35240325,39936,4976
9,35240326,43776,7704
10,35240327,42880,3136
11,35240328,47168,10656
12,35240329,49024,1826
13,35240330,37120,1574
14,35240331,45440,775
15,35240332,40704,4848
16,35240333,51584,8064
17,35240334,48832,11040
18,35240335,43648,3264
19,35240336,44160,5072
20,35240337,46720,1128
21,35240338,39765,697
22,35240339,30144,13114
23,35240340,51072,5936
24,35240341,42027,1380
25,35240342,30112,11008
26,35240343,65152,8736
27,35240344,54912,834
28,35240345,45184,5568
29,35240346,57856,3496
30,35240347,47936,822
31,35240348,57472,558
32,35240349,46400,593
33,35240350,50432,1260
34,35240351,54144,558
35,35240352,44672,1452
36,35240353,53504,4416
37,35240354,46528,728
38,35240355,60032,505
39,35240356,63872,610
40,35240357,52480,557
41,35240358,64896,580
42,35240359,69888,592
43,35240363,61013,626
44,35240364,60096,674
45,35240365,48128,792
46,35240366,54400,2176
47,35240367,48256,1596
48,35240368,49344,3224
49,35240369,49408,1196
50,35240370,43968,3936
51,35240371,54464,4208
52,35240372,44672,3120
53,35240373,39168,1756
54,35240374,50816,1500
55,35240375,43136,702
56,35240376,55360,5312
57,35240377,60928,1996
58,35240378,47744,1298
59,35240379,45632,664
60,35240380,53376,1492
61,35240381,50560,2296
62,35240382,66304,5472
63,35240383,46016,964
64,35240384,38272,3544
65,35240385,67328,5264
66,35240386,71936,1524
67,35240387,48768,8928
68,35240388,52992,9568
69,35240391,34688,10464
70,35240392,41600,3384
71,35240393,62848,8533
72,35240394,47616,7856
73,35240395,44032,5968
74,35240396,46208,6064
75,35240397,28267,14184
76,35240398,26496,13075
77,35240399,67328,3728
78,35240400,52173,3160
79,35240401,58496,4112
80,35240402,34752,3640
81,35240403,38656,3624
82,35240404,41600,5072
83,35240405,51968,10432
84,35240406,46464,5488
85,35240409,37376,948
86,35240410,41856,5392
87,35240411,36352,4784
88,35240412,48768,3560
89,35240413,52608,5472
90,35240414,52864,6800
91,35240417,43520,1354
92,35240420,60672,1580
93,35240421,46080,1692
94,35240422,41856,9024
95,35240423,37376,10464
96,35240425,62848,690
97,35240427,49024,11785
98,35240428,32608,4624
99,35240429,27232,7608
100,35240431,63616,2824
101,35240432,50048,10768
102,35240433,54656,1092
103,35240436,32576,1580
104,35240437,48512,10592
105,35240438,40832,638
106,35240439,41280,4304
107,35240440,36480,2232
108,35240441,49536,1150
109,35240442,62592,1252
110,35240443,58112,1180
111,35240444,42624,822
112,35240445,33152,1964
113,35240446,31808,13056
114,35240447,36224,1468
115,35240448,41088,1444
116,35240449,45504,754
117,35240450,34496,1400
118,35240451,46976,882
119,35240452,38016,1220
120,35240453,48896,1632
121,35240455,31808,14752
122,35240459,55552,2092
123,35240460,40192,7472
124,35240461,48896,2552
125,35240462,32576,14176
126,35240463,49024,1428
127,35240464,42944,2628
128,35240465,29760,8288
129,35240466,38144,6688
130,35240467,47488,7184
131,35240468,68864,632
132,35240469,45696,3128
133,35240470,79360,1588
134,35240471,54016,572
135,35240472,68096,1732
136,35240473,55872,1412
137,35240474,55680,6352
138,35240475,52992,2080
139,35240476,72576,818
140,35240477,91392,644
141,35240478,40320,1052
142,35240479,30784,12064
143,35240480,36992,1844
144,35240481,50048,2880
145,35240482,39040,2824
146,35240483,45312,7504
147,35240484,55264,644
148,35240485,33920,2904
149,35240486,46528,1844
150,35240487,48000,4240
151,35240488,56704,654
152,35240489,38912,6088
153,35240490,47616,1108
154,35240491,62336,5296
155,35240492,48832,702
156,35240493,21312,15008
157,35240494,52352,854
158,35240495,37248,5600
159,35240496,50048,4944
160,35240497,47488,1268
161,35240498,56448,3208
162,35240499,59776,906
163,35240501,56064,5664
164,35240503,37760,3768
165,35240504,48640,723
166,35240505,26816,1308
167,35240506,51328,2200
168,35240507,31424,6600
169,35240508,46976,1192
170,35240509,42624,8448
171,35240512,31552,6624
172,35240513,50560,4448
173,35240516,65344,7248
174,35240517,52992,1516
175,35240518,52992,1644
176,35240519,56448,1508
177,35240520,45504,1500
178,35240521,69376,4672
179,35240522,54272,8288
180,35240523,46592,3224
181,35240524,73856,6704
182,35240525,60416,2584
183,35240526,37120,8288
184,35240528,48768,926
185,35240529,55424,699
186,35240530,56875,3096
187,35240531,48256,3096
188,35240532,54443,1248
189,35240533,41344,1582
190,35240534,38656,723
191,35240535,42880,4240
192,35240536,32811,4208
193,35240537,53632,742
194,35240538,35456,930
195,35240539,46720,2680
196,35240540,53120,3352
197,35240541,52224,720
198,35240542,58560,11680
199,35240543,37248,8608
200,35240544,37568,610
201,35240545,67584,1206
202,35240546,37056,1252
203,35240590,38016,5728
204,35240591,34624,1204
205,35240592,34483,1336
206,35240593,44160,6288
207,35240594,34560,846
208,35240595,34688,8224
209,35240596,30016,13984
210,35240598,40448,11915
211,35240641,63360,780
212,35240642,56192,4408
213,35240643,37376,1692
214,35240644,37120,9216
215,35240645,44032,1460
216,35240647,46976,5776
217,35240648,46720,1540
218,35240649,51328,503
219,35240650,67328,657
220,35240651,57984,962
221,35240654,81664,491
222,35240655,55872,10960
223,35240656,93184,559
224,35240659,45184,1524
225,35240660,50048,698
226,35240661,76629,580
227,35240662,47019,8496
228,35240663,65792,678
229,35240664,57728,1524
230,35240665,91904,646
231,35240666,57088,1148
232,35240667,78976,422
233,35240668,62720,558
234,35240669,66432,422
235,35240670,71253,414
236,35240671,63744,429
237,35240672,76288,272
238,35240673,57216,556
239,35240674,84480,188
240,35240675,74837,342
241,35240676,61141,514
242,35240677,89088,164
243,35240678,55104,4677
244,35240679,56192,699
245,35240680,53675,574
246,35240681,49984,2192
247,35240682,62208,560
248,35240683,71168,622
249,35240684,49984,582
250,35240685,81984,287
251,35240686,88320,166
252,35240756,86016,164
253,35240757,81408,348
254,35240758,70400,559
255,35240759,58752,10112
256,35240780,65472,558
257,35240782,59904,674
258,35240783,46720,7312
259,35240785,76544,557
260,35240807,44160,7992
261,35240808,32448,13888
262,35240809,0,0
263,35240898,60224,558
264,35240903,0,0
265,35240904,53205,1072
266,35250030,28992,4688
267,35250031,49024,6112
268,35250032,37184,1468
269,35250033,60352,3784
270,35250034,46336,2116
271,35250035,44416,3864
272,35250036,62080,2520
273,35250037,38144,4592
274,35250038,27968,11232
275,35250039,26656,12832
276,35250040,23957,9056
277,35250041,39936,6288
278,35250042,0,0
279,35250043,37504,7216
280,35250044,46848,1920
281,35250045,30336,1244
282,35250046,46720,6480
283,35250047,61824,9248
284,35250048,58496,3512
285,35250049,40384,8416
286,35250050,61440,7552
287,35250051,53952,8768
288,35250052,55168,7568
289,35250053,61440,8928
290,35250054,48000,2660
291,35250055,40832,2504
292,35250056,0,0
293,35250059,57216,1564
294,35250060,48128,6288
295,35250061,53120,7824
296,35250062,50176,8800
297,35250064,53632,5008
298,35250065,55680,788
299,35250066,52096,11808
300,35250067,59520,2712
301,35250070,35712,7400
302,35250073,43520,1560
303,35250074,31680,8408
304,35250075,48128,4496
305,35250077,29376,6320
306,35250078,35712,3792
307,35250079,34944,8384
308,35250080,25280,2632
309,35250081,34944,3120
310,35250082,0,0
311,35250083,20096,1876
312,35250084,41600,1860
313,35250085,34816,6064
314,35250086,37504,1996
315,35250087,37248,5168
316,35250088,42368,8848
317,35250089,27456,11104
318,35250093,40192,5392
319,35250094,31296,3808
320,35250095,39808,9312
321,35250096,31488,1444
322,35250097,49536,2512
323,35250098,0,0
324,35250099,39936,7392
325,35250100,49792,8112
326,35250101,49408,7792
327,35250102,53888,8864
328,35250105,44416,8480
329,35250106,37120,7728
330,35250107,42688,7568
331,35250108,44416,7872
332,35250109,43072,7536
333,35250110,48128,5824
334,35250111,45952,13120
335,35250112,39232,5888
336,35250113,30912,5328
337,35250114,44672,9920
338,35250115,30272,1915
339,35250116,44416,1624
340,35250117,33920,750
341,35250118,38528,3944
342,35250119,35072,2248
343,35250120,30720,845
344,35250121,39296,1432
345,35250122,41088,5456
346,35250123,42752,4496
347,35250124,27328,4560
348,35250125,37632,1412
349,35250126,22720,1200
350,35250127,41984,622
351,35250128,46165,631
352,35250129,50304,2824
353,35250130,43392,5568
354,35250133,782,15504
355,35250134,38016,6048
356,35250135,48981,750
357,35250136,30016,8480
358,35250137,53376,6400
359,35250144,64320,986
360,35250145,53376,3400
361,35250146,55744,1380
362,35250147,49536,5952
363,35250148,50432,6464
364,35250149,40704,667
365,35250150,45440,10080
366,35250151,45995,8395
367,35250152,44416,8352
368,35250153,39808,4040
369,35250156,51840,3552
370,35250158,69120,1828
371,35250159,64640,1208
372,35250160,62720,3736
373,35250161,81493,1324
374,35250162,50688,2536
375,35250163,72448,1908
376,35250164,39936,8288
377,35250172,50816,3848
378,35250173,67328,1664
379,35250175,45952,696
380,35250176,50304,1564
381,35250177,39936,1118
382,35250178,47232,1644
383,35250179,45056,602
384,35250180,47659,1200
385,35250181,37312,1756
386,35250183,0,0
387,35250184,56448,2792
388,35250185,38016,5168
389,35250186,41984,6800
390,35250188,44736,2816
391,35250189,42112,1052
392,35250190,43392,2736
393,35250191,36352,1596
394,35250192,51584,1436
395,35250193,51648,4112
396,35250194,44288,5952
397,35250196,45952,2392
398,35250197,36160,5936
399,35250199,47053,874
400,35250200,35968,8048
401,35250201,36992,6112
402,35250202,31712,1668
403,35250203,34406,2692
404,35250204,26624,1573
405,35250205,0,0
406,35250206,39083,2136
407,35250207,43520,9760
408,35250208,24704,9248
409,35250209,42624,11968
410,35250210,34176,4688
411,35250211,13920,15120
412,35250212,34176,12768
413,35250213,33408,14832
414,35250216,50048,5864
415,35250217,32192,4592
416,35250218,32064,2352
417,35250221,27552,7728
418,35250222,36949,3328
419,35250223,36736,11168
420,35250224,32640,6672
421,35250225,33664,6352
422,35250226,24448,14624
423,35250227,31680,4944
424,35250230,34304,3544
425,35250231,24768,6352
426,35250232,21696,2276
427,35250233,24896,7536
428,35250234,28736,2728
429,35250238,24320,1606
430,35250239,30528,4304
431,35250240,23744,2616
432,35250241,37760,1244
433,35250242,0,0
434,35250243,31424,4992
435,35250248,38592,7408
436,35250249,28480,13024
437,35250250,39808,5728
438,35250251,38528,1660
439,35250254,38016,7520
440,35250255,37440,10731
441,35250256,43008,11344
442,35250257,31808,11232
443,35250258,31040,13856
444,35250259,39552,8416
445,35250260,20992,14016
446,35250261,27264,8112
447,35250262,31392,13280
448,35250263,34176,4848
449,35250264,30912,9952
450,35250265,38272,8480
451,35250266,29440,11915
452,35250267,34176,8096
453,35250269,47232,6944
454,35250270,29504,12000
455,35250271,28928,8544
456,35250272,34176,12768
457,35250273,19776,10880
458,35250274,33152,2276
459,35250275,34176,2744
460,35250276,35789,1640
461,35250277,36480,2888
462,35250278,42539,2216
463,35250279,34432,8352
464,35250280,30912,3384
465,35250281,36864,2824
466,35250282,45440,2216
467,35250283,27712,5680
468,35250284,26432,6544
469,35250285,39296,7504
470,35250286,19392,13728
471,35250287,48448,8459
472,35250288,37248,11296
473,35250289,40320,6576
474,35250290,38592,4576
475,35250291,34688,919
476,35250293,40704,5440
477,35250294,46656,1508
478,35250295,50304,3384
479,35250296,44928,12896
480,35250297,36480,10400
481,35250298,45952,2648
482,35250299,34688,7808
483,35250300,54400,8832
484,35250302,33408,11552
485,35250303,19904,14000
486,35250304,42816,5784
487,35250305,37248,6056
488,35250306,41088,7904
489,35250307,35968,3736
490,35250308,44608,1174
491,35250309,40832,1420
492,35250310,48384,2028
493,35250311,48640,2584
494,35250312,43008,5328
495,35250313,39808,8272
496,35250315,17600,15066
497,35250316,48000,2616
498,35250317,47936,1584
499,35250318,0,0
500,35250319,34688,942
501,35250320,30656,7632
502,35250321,37376,4464
503,35250322,36864,7216
504,35250323,31008,6032
505,35250324,13536,4696
506,35250326,40320,1300
507,35250327,28032,3560
508,35250328,34688,4888
509,35250329,35200,6288
510,35250330,30016,2216
511,35250331,30464,2520
512,35250332,37504,5768
513,35250333,43008,4256
514,35250334,36736,6000
515,35250335,47872,5472
516,35250336,38560,6864
517,35250337,30656,9248
518,35250338,30880,7760
519,35250339,38400,2408
520,35250340,42112,3688
521,35250341,30528,8272
522,35250342,39232,3312
523,35250343,37760,8416
524,35250344,45184,7728
525,35250345,47488,5680
526,35250346,43136,4240
527,35250347,40064,3832
528,35250348,41280,2916
529,35250349,44928,1988
530,35250350,28992,5552
531,35250351,31072,12544
532,35250352,31552,7088
533,35250353,27072,7792
534,35250354,36288,8368
535,35250355,42368,7824
536,35250356,42880,3984
537,35250357,50304,2408
538,35250358,48256,5488
539,35250359,45696,3224
540,35250360,41856,2456
541,35250361,35712,6096
542,35250362,40704,3432
543,35250363,35328,3424
544,35250364,0,0
545,35250365,34944,9600
546,35250366,31936,2760
547,35250367,41728,4720
548,35250368,35904,4168
549,35250369,36096,3432
550,35250370,32512,2744
551,35250371,42539,6016
552,35250372,40192,5200
553,35250373,48000,6048
554,35250374,44032,5632
555,35250375,46720,1684
556,35250376,46208,1988
557,35250377,43264,4304
558,35250378,39552,3904
559,35250379,29696,8672
560,35250380,53120,1300
561,35250381,48000,8880
562,35250382,42112,3188
563,35250383,26016,1564
564,35250384,19392,654
565,35250385,32000,1262
566,35250387,54144,902
567,35250388,68864,423
568,35250389,46592,562
569,35250390,43648,598
570,35250391,39424,1348
571,35250392,53120,594
572,35250393,32320,2824
573,35250394,30912,642
574,35250395,27712,2984
575,35250396,33280,2760
576,35250397,33344,559
577,35250398,6632,9713
578,35250399,10656,10648
579,35250400,24192,2664
580,35250401,28608,978
581,35250402,29824,1460
582,35250403,34560,1108
583,35250404,50944,522
584,35250405,39680,1212
585,35250406,27200,1196
586,35250407,36096,2120
587,35250408,25792,1202
588,35250409,27968,3120
589,35250410,41664,1424
590,35250411,36544,1692
591,35250412,24256,14496
592,35250413,39584,1944
593,35250416,32320,3024
594,35250417,31936,4416
595,35250418,30272,861
596,35250419,26512,1206
597,35250420,43520,1116
598,35250421,29632,1628
599,35250422,24640,10144
600,35250423,27072,1772
601,35250424,21440,8224
602,35250425,32299,1052
603,35250426,38176,5216
604,35250427,40064,574
605,35250428,23104,3096
606,35250429,25280,5104
607,35250430,26848,709
608,35250431,32512,1896
609,35250434,22880,900
610,35250435,22080,5560
611,35250436,26240,8768
612,35250437,24512,3848
613,35250438,22848,8560
614,35250439,25280,1564
615,35250440,35968,906
616,35250441,31360,1628
617,35250442,36160,4704
618,35250443,38784,1132
619,35250444,29504,11616
620,35250445,35712,3304
621,35250446,32256,2492
622,35250447,27200,3312
623,35250448,26432,1972
624,35250449,32384,3928
625,35250450,28160,2980
626,35250451,0,0
627,35250452,34944,1464
628,35250453,37632,4144
629,35250454,28704,1916
630,35250455,30592,6448
631,35250456,20032,11744
632,35250457,0,0
633,35250458,23040,9760
634,35250459,26976,5152
635,35250460,27072,4336
636,35250461,28736,7168
637,35250462,28352,6688
638,35250463,24384,8544
639,35250464,29952,5288
640,35250465,23531,559
641,35250466,29568,1974
642,35250467,18944,11088
643,35250468,37888,1116
644,35250471,34091,6048
645,35250472,30080,3837
646,35250473,23744,6984
647,35250474,25280,8016
648,35250475,27840,4955
649,35250476,27712,7184
650,35250477,31296,4592
651,35250478,27840,5128
652,35250479,32960,4224
653,35250480,31424,3448
654,35250481,27456,5456
655,35250482,33664,6544
656,35250483,32576,5344
657,35250484,31072,6912
658,35250485,36992,4800
659,35250486,29952,5024
660,35250487,36736,5520
661,35250488,37248,4576
662,35250489,35456,4528
663,35250490,32448,6672
664,35250491,14624,1616
665,35250492,42496,2808
666,35250493,34944,2720
667,35250494,35883,7568
668,35250495,34816,5264
669,35250496,0,0
670,35250497,30656,2888
671,35250498,28672,2696
672,35250499,32896,2036
673,35250501,38528,2664
674,35250502,55424,622
675,35250503,23360,626
676,35250504,16533,557
677,35250506,37760,1300
678,35250507,34944,874
679,35250508,63744,617
680,35250509,51456,682
681,35250510,55680,468
682,35250511,49216,1752
683,35250512,43093,2944
684,35250513,36992,1148
685,35250514,51456,5616
686,35250515,49664,4576
687,35250516,43904,7336
688,35250517,45952,1564
689,35250518,40320,7904
690,35250519,44416,5552
691,35250520,39424,5360
692,35250521,37675,4848
693,35250522,0,0
694,35250523,26880,7824
695,35250524,29504,2896
696,35250525,43264,1556
697,35250526,19648,5000
698,35250527,39211,8640
699,35250528,29472,11136
700,35250529,34624,6832
701,35250530,28608,1196
702,35250531,41216,4912
703,35250532,28864,5792
704,35250533,25664,5024
705,35250534,30784,2904
706,35250535,27712,5520
707,35250536,33877,4880
708,35250537,31520,1532
709,35250538,36480,8528
710,35250539,38976,3080
711,35250540,44672,6896
712,35250541,33856,1756
713,35250542,38912,3144
714,35250545,28096,9568
715,35250546,34432,3592
716,35250547,39296,2824
717,35250548,35648,3632
718,35250549,39168,1588
719,35250550,40768,6656
720,35250551,38016,2952
721,35250552,23232,2056
722,35250553,41600,3364
723,35250554,41472,2424
724,35250555,48256,4896
725,35250556,48768,5936
726,35250557,27840,4496
727,35250558,42283,1556
728,35250559,42624,2968
729,35250560,29504,11360
730,35250561,44672,3264
731,35250562,31424,3064
732,35250563,37888,1624
733,35250564,49280,5280
734,35250565,44928,6224
735,35250566,46464,5424
736,35250567,29440,8416
737,35250568,36160,2088
738,35250569,22272,12480
739,35250570,27008,8544
740,35250571,3720,14816
741,35250572,30400,3688
742,35250573,45952,2360
743,35250574,39296,2536
744,35250578,46208,1844
745,35250579,37568,760
746,35250580,23616,3768
747,35250581,41344,1358
748,35250582,37760,1730
749,35250583,52096,616
750,35250585,35392,2776
751,35250586,44544,1412
752,35250587,41472,3640
753,35250588,36736,6432
754,35250589,46720,1596
755,35250590,48512,2268
756,35250591,40320,946
757,35250592,39936,3864
758,35250593,35200,1588
759,35250594,32704,8080
760,35250595,32768,7120
761,35250596,33664,3216
762,35250597,33152,7152
763,35250598,39040,2824
764,35250599,20416,14064
765,35250600,29248,2424
766,35250601,34432,13408
767,35250602,27968,13296
768,35250603,35200,6096
769,35250604,31936,8320
770,35250605,21568,6384
771,35250606,30592,10464
772,35250607,37248,7664
773,35250608,21184,1364
774,35250609,40320,1364
775,35250610,32192,2808
776,35250611,25280,5952
777,35250612,37120,1340
778,35250613,31552,1716
779,35250614,36736,4088
780,35250615,37504,8405
781,35250616,43392,1364
782,35250617,28352,2760
783,35250618,41088,2152
784,35250619,40192,1600
785,35250620,44672,1500
786,35250621,41600,4720
787,35250622,33024,1812
788,35250623,35840,6400
789,35250624,36864,12208
790,35250625,35456,7824
791,35250626,34944,7704
792,35250627,41344,1980
793,35250628,29120,14592
794,35250629,30272,8288
795,35250630,36224,4688
796,35250631,33664,7920
797,35250632,31968,2294
798,35250633,0,0
799,35250634,24896,4432
800,35250635,32576,8416
801,35250636,41344,1116
802,35250637,43456,6304
803,35250638,34688,3400
804,35250639,45952,1616
805,35250640,40192,2472
806,35250641,46720,2216
807,35250642,28416,1564
808,35250643,35456,631
809,35250644,49536,1644
810,35250645,27744,2824
811,35250646,41664,994
812,35250647,43104,710
813,35250648,39552,700
814,35250649,39808,1580
815,35250650,38272,1384
816,35250651,37696,650
817,35250652,40832,1116
818,35250655,45568,862
819,35250656,33152,1852
820,35250657,36352,1632
821,35250658,43648,5072
822,35250659,35456,2216
823,35250661,46677,924
824,35250662,50080,689
825,35250663,35200,1572
826,35250664,45952,6352
827,35250665,41216,3672
828,35250666,45013,6112
829,35250667,0,0
830,35250668,17312,600
831,35250669,11034,559
832,35250670,17792,574
833,35250671,13344,618
834,35250672,13088,560
835,35250675,13472,558
836,35250676,26176,559
837,35250677,78464,558
838,35250678,95488,559
839,35250679,14688,558
840,35250680,9824,559
841,35250681,26667,632
842,35250692,31488,2856
843,35250693,25216,6064
844,35250694,23136,7376
845,35250695,18624,2584
846,35250696,30352,5592
847,35250700,34944,4192
848,35250701,30720,2264
849,35250702,36800,2256
850,35250703,31136,8176
851,35250704,30656,3368
852,35250705,31808,1580
853,35250706,34880,1796
854,35250707,33536,6128
855,35250708,30400,5568
856,35250709,30464,1572
857,35250710,43840,3112
858,35250711,36480,2416
859,35250712,29120,2896
860,35250713,38208,2432
861,35250714,35456,3608
862,35250715,32640,2464
863,35250716,31360,1868
864,35250717,36352,6224
865,35250718,27456,4608
866,35250719,34240,8176
867,35250720,30677,1692
868,35250721,25152,1820
869,35250724,36523,1792
870,35250725,32384,2356
871,35250726,39936,5008
872,35250727,33088,8112
873,35250728,36224,1571
874,35250729,29952,3112
875,35250730,30912,9888
876,35250731,36992,6496
877,35250732,44800,4736
878,35250733,49280,3464
879,35250734,36992,4400
880,35250735,43179,2936
881,35250736,40064,5237
882,35250737,45184,3576
883,35250738,44928,3128
884,35250739,38656,2536
885,35250740,39296,2408
886,35250741,47232,4240
887,35250742,45952,2328
888,35250743,41344,2312
889,35250744,37696,6576
890,35250745,37248,9888
891,35250746,38656,2968
892,35250747,32960,3504
893,35250748,36736,4152
894,35250749,38016,5424
895,35250750,38656,3168
896,35250753,40384,2944
897,35250754,39552,6832
898,35250755,41280,5280
899,35250756,38272,1740
900,35250757,33152,7568
901,35250758,31104,8168
902,35250759,36992,6720
903,35250760,36480,6864
904,35250761,40192,5696
905,35250762,27968,6528
906,35250763,38528,6800
907,35250764,38272,4192
908,35250765,35968,6912
909,35250766,42624,2576
910,35250767,33408,5104
911,35250768,32320,5680
912,35250769,34645,7760
913,35250770,33408,3336
914,35250771,32512,4920
915,35250772,30784,4464
916,35250773,33440,5488
917,35250774,30912,5392
918,35250775,23232,6912
919,35250776,30592,7792
920,35250777,38784,5040
921,35250778,45184,8080
922,35250779,34368,5184
923,35250780,45312,3208
924,35250781,38400,5848
925,35250782,31851,5392
926,35250783,39296,8368
927,35250784,39424,2632
928,35250785,41899,2784
929,35250786,34688,4208
930,35250787,43392,3704
931,35250788,30464,6688
932,35250789,37504,8224
933,35250790,53568,3560
934,35250791,37504,3304
935,35250792,39808,1300
936,35250793,45056,3568
937,35250798,25408,3616
938,35250799,33152,6360
939,35250800,26688,2408
940,35250801,31328,8416
941,35250802,39808,966
942,35250803,41344,9280
943,35250804,50048,1774
944,35250805,48064,1220
945,35250806,34176,4240
946,35250807,48640,1208
947,35250810,57472,4144
948,35250812,42752,4336
949,35250813,45440,1476
950,35250814,39296,7440
951,35250815,43392,8768
952,35250826,62208,1604
953,35250827,32896,5872
954,35250828,48640,1488
955,35250829,46592,7984
956,35250830,22848,6032
957,35250831,18208,13568
958,35250832,42368,15136
959,35250833,45952,3320
960,35250834,44032,1516
961,35250835,52608,1516
962,35250836,46208,3464
963,35250843,34304,1572
964,35250845,27328,7248
965,35250846,26048,14848
966,35250847,19840,1392
967,35250848,38784,573
968,35250849,47317,1304
969,35250850,35392,5616
970,35250851,25408,3888
971,35250852,32000,3860
972,35250853,22592,2408
973,35250854,21664,574
974,35250855,21504,559
975,35250857,38272,4448
976,35250859,45440,3256
977,35250860,44928,834
978,35250861,44672,666
979,35250862,41536,8224
980,35250863,53888,1644
981,35250864,42880,808
982,35250865,53632,3528
983,35250866,44288,778
984,35250867,52224,1508
985,35250868,60288,998
986,35250869,85504,1828
987,35250870,63616,650
988,35250871,60608,1996
989,35250872,49664,820
990,35250873,49152,1260
991,35250874,41216,1644
992,35250875,41088,1240
993,35250876,44032,2056
994,35250877,56192,4112
995,35250878,48000,6992
996,35250879,49824,1544
997,35250880,36736,6360
998,35250881,36224,6992
999,35250882,68693,626
1000,35250883,56448,415
1001,35250884,70912,436
1002,35250885,69376,610
1003,35250886,52864,586
1004,35250887,64064,577
1005,35250888,56832,894
1006,35250889,64512,626
1007,35250890,60480,578
1008,35250891,74240,423
1009,35250892,58688,624
1010,35250893,44160,1300
1011,35250894,47744,6384
1012,35250895,35712,1572
1013,35250896,34773,1448
1014,35250897,46976,5440
1015,35250898,45952,5040
1016,35250899,39296,1676
1017,35250900,44800,1316
1018,35250901,57024,7504
1019,35250902,52736,1244
1020,35250903,39744,4112
1021,35250904,43904,7008
1022,35250905,40576,6896
1023,35250906,50112,4048
1024,35250907,35072,3176
1025,35250908,40320,1424
1026,35250909,59648,559
1027,35250910,43648,843
1028,35250911,59008,560
1029,35250912,53504,578
1030,35250913,35328,1500
1031,35250914,33984,12064
1032,35250918,1081,15086
1033,35250919,43968,2888
1034,35250920,57515,1316
1035,35250921,32768,6048
1036,35250922,27584,5520
1037,35250923,45952,3816
1038,35250924,38400,3752
1039,35250925,39296,6800
1040,35250928,30016,5061
1041,35250929,37248,1132
1042,35250930,51136,1900
1043,35250931,41984,3288
1044,35250932,41856,12768
1045,35250933,48512,4944
1046,35250934,46976,788
1047,35250935,21952,14868
1048,35250936,41088,6128
1049,35250937,50944,7768
1050,35250938,53696,1644
1051,35250939,44032,6720
1052,35250940,42112,8608
1053,35250941,45184,1916
1054,35250942,39552,1288
1055,35250943,49280,2052
1056,35250944,57856,668
1057,35250945,56064,806
1058,35250946,45440,5648
1059,35250947,48256,6096
1060,35250948,56192,712
1061,35250949,71424,694
1062,35250950,64128,554
1063,35250951,58496,457
1064,35250952,61077,572
1065,35250953,23392,6096
1066,35250954,27712,4656
1067,35250955,16512,3856
1068,35250956,8672,12896
1069,35250957,29504,2616
1070,35250958,32544,3088
1071,35250959,28352,1436
1072,35250960,20800,6336
1073,35250961,29056,2992
1074,35250962,21440,818
1075,35250963,24640,1569
1076,35250964,26496,1488
1077,35250965,36608,619
1078,35250966,0,0
1079,35250967,57408,7632
1080,35250968,17984,1044
1081,35250969,20928,1260
1082,35250970,26816,1006
1083,35250971,46272,3096
1084,35250972,39040,7152
1085,35250973,40576,3640
1086,35250974,32448,4272
1087,35250975,35392,3240
1088,35250976,41216,6392
1089,35250978,55872,876
1090,35250980,38784,3848
1091,35250981,53824,731
1092,35250982,654,15344
1093,35250983,40064,4304
1094,35250985,52224,742
1095,35250986,75008,646
1096,35250987,51328,2824
1097,35250988,36224,1108
1098,35250989,36672,1044
1099,35250990,25152,4816
1100,35250991,33664,6160
1101,35250992,48832,1434
1102,35250993,0,0
1103,35250994,49280,937
1104,35250995,26560,6480
1105,35250996,56704,1436
1106,35250997,22848,14629
1107,35250998,46848,8448
1108,35250999,55232,4816
1109,35251000,49280,1912
1110,35251001,39680,694
1111,35251002,43648,1148
1112,35251003,64384,1876
1113,35251004,44544,1204
1114,35251005,77824,559
1115,35251006,61440,3836
1116,35251007,62848,637
1117,35251008,49536,4152
1118,35251009,47232,558
1119,35251010,62400,588
1120,35251011,53632,1244
1121,35251012,52480,1084
1122,35251013,64128,559
1123,35251014,57984,2344
1124,35251015,53760,602
1125,35251016,53632,838
1126,35251017,49536,491
1127,35251018,34176,1148
1128,35251019,56704,894
1129,35251020,56704,658
1130,35251021,61632,559
1131,35251022,63360,860
1132,35251023,68480,646
1133,35251024,62976,990
1134,35251025,21184,6176
1135,35251026,40576,8608
1136,35260307,58368,1984
1137,35260309,54016,1780
1138,35260310,44416,6896
1139,35260311,43392,8656
1140,35260313,45184,8416
1141,35260314,41344,8320
1142,35260315,47744,7280
1143,35260316,41088,1980
1144,35260317,44032,5520
1145,35260318,37248,4800
1146,35260319,28992,11712
1147,35260320,37824,5104
1148,35260321,33280,11424
1149,35260322,44416,8144
1150,35260323,50048,11136
1151,35260324,47680,7312
1152,35260325,25024,10528
1153,35260326,47488,7840
1154,35260327,42624,8544
1155,35260328,73984,8768
1156,35260330,47744,2827
1157,35260332,39296,2240
1158,35260333,36779,2216
1159,35260334,40064,1876
1160,35260335,59584,1276
1161,35260336,60928,2104
1162,35260337,46592,8544
1163,35260338,56021,1564
1164,35260339,50816,458
1165,35260340,55808,2002
1166,35260341,36736,6544
1167,35260342,39552,2824
1168,35260734,51872,6632
1169,35260828,41600,12768
1170,35260829,45952,5344
1171,35260830,75520,1540
1172,35260831,52352,898
1173,35260832,61056,1540
1174,35260833,75520,640
