geo_code,,"Car, truck, van - as a driver","Car, truck, van - as a passenger",Public transit,Walked,Bicyle,Other
35240317,female,180,10,0,0,0,0
35240317,male,145,0,25,0,10,0
35240318,female,155,15,25,0,0,0
35240318,male,145,15,10,10,10,0
35240319,female,125,0,15,0,0,0
35240319,male,110,0,10,15,0,0
35240320,female,210,10,10,0,0,0
35240320,male,140,10,10,0,0,0
35240321,female,155,20,0,15,0,0
35240321,male,160,10,25,0,0,0
35240322,female,105,20,0,0,0,0
35240322,male,110,10,15,10,0,0
35240323,female,95,20,0,10,0,0
35240323,male,145,10,15,10,0,0
35240324,female,170,15,20,0,0,10
35240324,male,175,15,25,10,0,0
35240325,female,90,10,0,0,0,10
35240325,male,100,15,10,0,0,0
35240326,female,90,10,0,0,0,0
35240326,male,110,10,10,10,0,10
35240327,female,100,10,0,0,10,0
35240327,male,125,0,0,0,0,10
35240328,female,85,10,0,0,0,0
35240328,male,90,15,10,0,0,0
35240329,female,130,0,15,10,0,0
35240329,male,140,10,15,10,0,0
35240330,female,130,10,20,0,0,0
35240330,male,115,0,0,10,0,0
35240331,female,175,20,30,0,0,0
35240331,male,180,10,15,15,0,0
35240332,female,75,10,10,10,0,0
35240332,male,110,10,15,0,0,0
35240333,female,90,10,0,0,0,0
35240333,male,85,0,10,0,0,0
35240334,female,75,10,10,0,10,0
35240334,male,95,0,10,0,0,0
35240335,female,90,10,10,0,0,0
35240335,male,100,10,0,10,0,0
35240336,female,80,10,15,0,10,0
35240336,male,90,0,0,10,0,0
35240337,female,95,10,20,0,0,0
35240337,male,110,15,0,0,0,0
35240338,female,205,10,10,10,0,0
35240338,male,175,30,15,10,0,0
35240339,female,185,20,45,20,0,0
35240339,male,195,20,10,10,0,0
35240340,female,70,0,15,10,0,0
35240340,male,95,0,10,0,0,0
35240341,female,180,20,25,10,0,0
35240341,male,200,20,25,0,0,0
35240342,female,95,15,20,0,0,0
35240342,male,105,0,0,0,0,0
35240343,female,60,15,10,0,0,0
35240343,male,60,0,10,0,0,0
35240344,female,80,0,10,0,0,0
35240344,male,85,10,10,10,0,0
35240345,female,85,0,10,0,0,0
35240345,male,105,10,10,0,0,10
35240346,female,115,0,0,10,0,0
35240346,male,110,15,15,0,0,0
35240347,female,80,15,0,0,0,0
35240347,male,120,0,15,0,0,0
35240348,female,90,10,15,0,0,0
35240348,male,115,0,10,0,0,0
35240349,female,160,15,10,10,0,0
35240349,male,145,0,15,0,10,0
35240350,female,180,10,10,15,0,0
35240350,male,200,10,20,0,0,0
35240351,female,140,25,10,10,0,0
35240351,male,120,20,10,0,0,0
35240352,female,70,10,10,10,0,0
35240352,male,95,10,10,0,0,0
35240353,female,140,10,30,10,0,0
35240353,male,100,10,0,0,0,0
35240354,female,95,10,0,0,0,0
35240354,male,75,0,0,10,0,10
35240355,female,90,20,0,0,0,0
35240355,male,80,15,0,0,0,0
35240356,female,105,10,35,0,0,0
35240356,male,120,10,15,0,0,0
35240357,female,80,15,0,0,0,10
35240357,male,115,15,10,10,0,0
35240358,female,140,15,15,0,0,0
35240358,male,200,10,20,0,10,0
35240359,female,105,30,15,0,0,0
35240359,male,115,10,15,0,0,0
35240363,female,125,0,0,0,0,0
35240363,male,130,15,0,0,0,0
35240364,female,110,15,15,0,0,0
35240364,male,100,0,20,0,0,0
35240365,female,45,0,0,0,0,0
35240365,male,80,10,10,0,0,0
35240366,female,145,10,0,0,0,0
35240366,male,115,10,20,0,0,0
35240367,female,135,0,10,0,0,0
35240367,male,135,0,0,0,0,10
35240368,female,115,25,0,10,0,0
35240368,male,110,15,15,0,0,0
35240369,female,175,20,20,0,0,10
35240369,male,155,15,25,20,0,0
35240370,female,125,10,20,0,0,0
35240370,male,130,20,10,10,0,0
35240371,female,65,0,0,0,0,0
35240371,male,85,0,0,0,0,0
35240372,female,75,10,0,10,0,0
35240372,male,90,0,10,0,0,0
35240373,female,70,10,10,0,0,0
35240373,male,80,0,10,0,0,0
35240374,female,110,0,10,0,0,0
35240374,male,110,10,15,10,0,0
35240375,female,125,0,15,10,0,0
35240375,male,115,20,0,0,0,0
35240376,female,135,15,0,0,0,0
35240376,male,125,10,0,0,0,0
35240377,female,75,10,10,0,0,10
35240377,male,115,0,0,0,0,0
35240378,female,95,10,10,0,0,0
35240378,male,115,0,10,0,0,0
35240379,female,60,0,15,10,0,0
35240379,male,65,0,10,0,0,0
35240380,female,80,0,0,0,0,0
35240380,male,95,0,10,0,0,0
35240381,female,260,15,20,10,0,0
35240381,male,235,15,20,0,0,10
35240382,female,75,10,0,0,0,10
35240382,male,90,0,10,0,0,0
35240383,female,90,0,10,0,0,0
35240383,male,95,10,0,0,0,0
35240384,female,110,0,10,0,0,0
35240384,male,110,10,20,0,0,0
35240385,female,70,0,0,0,0,10
35240385,male,95,10,15,0,10,0
35240386,female,50,0,10,0,0,0
35240386,male,45,0,10,0,0,0
35240387,female,90,10,10,10,0,0
35240387,male,130,10,15,0,10,0
35240388,female,130,15,0,0,10,10
35240388,male,140,10,15,0,0,0
35240391,female,50,0,10,0,0,0
35240391,male,45,0,0,0,0,0
35240392,female,115,10,25,0,0,0
35240392,male,145,0,10,10,10,0
35240393,female,120,10,0,10,0,0
35240393,male,120,10,10,0,0,0
35240394,female,80,0,10,0,0,0
35240394,male,65,15,15,0,0,0
35240395,female,90,0,20,0,0,0
35240395,male,140,0,10,0,15,0
35240396,female,70,0,10,0,0,0
35240396,male,60,10,10,0,0,10
35240397,female,430,40,60,15,0,0
35240397,male,370,10,30,10,0,10
35240398,female,85,10,10,0,0,0
35240398,male,100,10,0,0,0,0
35240399,female,75,10,0,10,0,0
35240399,male,100,10,15,0,10,0
35240400,female,310,15,20,0,0,0
35240400,male,295,30,20,0,0,0
35240401,female,180,15,20,0,0,0
35240401,male,195,10,25,0,0,10
35240402,female,80,10,0,0,0,10
35240402,male,100,10,10,0,0,10
35240403,female,60,0,0,0,0,0
35240403,male,70,10,0,0,0,0
35240404,female,100,10,10,10,0,0
35240404,male,160,0,10,0,0,0
35240405,female,105,10,10,0,0,0
35240405,male,140,0,10,0,0,0
35240406,female,65,25,0,0,0,0
35240406,male,90,10,0,0,0,0
35240409,female,90,15,20,10,0,0
35240409,male,120,15,10,10,0,0
35240410,female,65,10,0,0,0,0
35240410,male,55,10,10,10,10,0
35240411,female,100,15,10,10,0,0
35240411,male,135,20,15,0,0,0
35240412,female,70,0,0,10,0,0
35240412,male,70,0,10,15,0,0
35240413,female,95,10,15,0,0,0
35240413,male,65,0,20,0,0,10
35240414,female,75,15,0,10,0,0
35240414,male,95,15,0,0,0,0
35240417,female,95,0,25,15,0,0
35240417,male,115,10,10,10,0,0
35240420,female,90,0,0,10,0,0
35240420,male,125,0,0,0,0,0
35240421,female,70,0,15,0,0,0
35240421,male,40,10,10,0,0,0
35240422,female,85,0,10,10,10,0
35240422,male,80,10,10,15,0,0
35240423,female,115,10,15,0,0,0
35240423,male,95,10,20,20,0,0
35240425,female,65,10,25,15,0,0
35240425,male,90,0,10,10,0,0
35240427,female,155,10,20,35,0,10
35240427,male,205,10,10,0,10,0
35240428,female,105,0,25,15,0,0
35240428,male,120,10,10,0,0,0
35240429,female,95,10,25,10,0,0
35240429,male,80,10,20,15,0,0
35240431,female,70,10,0,0,0,0
35240431,male,80,0,0,0,15,0
35240432,female,60,0,10,10,0,0
35240432,male,85,0,10,0,0,0
35240433,female,70,10,10,10,0,0
35240433,male,115,0,20,0,10,0
35240436,female,50,10,15,15,0,0
35240436,male,45,10,0,15,0,0
35240437,female,75,10,0,0,0,0
35240437,male,100,0,10,0,0,0
35240438,female,100,10,25,10,0,0
35240438,male,105,10,0,10,0,0
35240439,female,100,10,10,10,0,0
35240439,male,120,10,25,15,0,0
35240440,female,95,10,0,10,10,10
35240440,male,115,10,0,0,0,0
35240441,female,135,10,0,0,0,10
35240441,male,140,10,25,15,0,10
35240442,female,70,0,10,10,0,0
35240442,male,95,15,20,0,0,0
35240443,female,110,15,15,10,0,0
35240443,male,120,15,10,0,0,0
35240444,female,75,10,20,0,0,0
35240444,male,100,0,10,10,10,0
35240445,female,100,10,30,10,0,0
35240445,male,130,0,20,15,10,0
35240446,female,80,15,10,10,0,0
35240446,male,80,10,15,0,10,0
35240447,female,135,25,50,10,0,0
35240447,male,125,10,15,15,10,0
35240448,female,95,10,20,15,0,0
35240448,male,155,10,0,10,10,0
35240449,female,65,0,10,10,0,0
35240449,male,65,15,0,0,0,10
35240450,female,85,15,30,10,0,0
35240450,male,115,15,20,0,0,10
35240451,female,145,0,40,10,0,0
35240451,male,125,0,25,0,10,0
35240452,female,85,10,10,0,0,0
35240452,male,90,10,0,15,0,0
35240453,female,110,0,0,0,0,0
35240453,male,120,10,10,10,10,0
35240455,female,80,10,10,10,0,0
35240455,male,75,0,0,0,0,0
35240459,female,45,0,10,0,0,0
35240459,male,65,0,10,0,10,0
35240460,female,65,15,10,0,0,0
35240460,male,80,10,10,10,0,0
35240461,female,80,10,15,10,0,10
35240461,male,80,10,25,0,0,0
35240462,female,60,0,10,0,0,0
35240462,male,60,0,10,0,0,0
35240463,female,105,15,15,20,0,0
35240463,male,135,15,0,0,10,0
35240464,female,65,0,10,0,0,0
35240464,male,50,15,10,0,0,0
35240465,female,175,10,30,15,0,0
35240465,male,125,15,10,10,10,10
35240466,female,135,10,30,20,0,0
35240466,male,115,10,30,20,10,10
35240467,female,85,10,10,0,10,0
35240467,male,90,0,10,0,0,0
35240468,female,105,10,10,0,0,10
35240468,male,130,0,20,0,0,0
35240469,female,135,10,0,10,10,0
35240469,male,95,0,15,0,0,10
35240470,female,90,0,10,10,0,10
35240470,male,115,10,15,0,0,0
35240471,female,55,10,20,10,0,0
35240471,male,100,0,10,0,0,0
35240472,female,125,15,20,10,0,10
35240472,male,100,15,30,0,0,0
35240473,female,80,0,0,0,0,10
35240473,male,75,10,0,0,0,0
35240474,female,115,10,0,0,0,0
35240474,male,110,10,10,10,0,0
35240475,female,130,10,15,15,0,0
35240475,male,155,20,15,15,0,0
35240476,female,95,10,10,0,0,0
35240476,male,125,10,10,0,0,0
35240477,female,115,10,10,10,0,0
35240477,male,125,0,10,0,0,0
35240478,female,65,0,10,10,0,10
35240478,male,65,10,10,10,0,0
35240479,female,45,0,10,10,0,0
35240479,male,35,10,10,10,0,0
35240480,female,130,15,25,10,0,0
35240480,male,140,10,0,0,0,10
35240481,female,80,0,10,0,0,0
35240481,male,100,0,15,0,0,0
35240482,female,140,20,25,10,0,0
35240482,male,160,10,10,0,0,0
35240483,female,115,10,20,10,0,10
35240483,male,115,10,20,10,0,0
35240484,female,235,10,25,30,0,0
35240484,male,230,10,45,10,0,0
35240485,female,60,10,15,0,0,0
35240485,male,65,10,0,0,10,0
35240486,female,110,10,15,0,0,0
35240486,male,110,20,20,10,0,10
35240487,female,45,0,0,0,0,0
35240487,male,45,0,10,0,0,0
35240488,female,305,25,60,20,0,0
35240488,male,335,40,40,20,0,0
35240489,female,95,0,10,0,0,0
35240489,male,70,0,25,0,10,0
35240490,female,60,0,0,0,0,0
35240490,male,50,10,0,0,0,10
35240491,female,105,10,15,10,0,0
35240491,male,130,20,10,0,0,0
35240492,female,125,10,15,10,0,0
35240492,male,130,0,0,15,0,0
35240493,female,55,10,10,30,0,0
35240493,male,70,10,15,10,0,0
35240494,female,95,15,15,0,0,0
35240494,male,100,15,20,10,0,0
35240495,female,90,25,10,0,0,0
35240495,male,120,20,10,0,0,0
35240496,female,50,10,0,0,0,0
35240496,male,65,10,15,0,10,0
35240497,female,110,15,10,0,10,0
35240497,male,95,20,10,0,0,0
35240498,female,55,0,10,10,0,0
35240498,male,65,0,10,0,0,0
35240499,female,70,10,0,0,0,0
35240499,male,55,0,10,0,0,0
35240501,female,55,0,0,10,0,0
35240501,male,65,0,0,0,0,0
35240503,female,70,20,0,0,0,0
35240503,male,110,15,15,0,0,0
35240504,female,70,15,10,10,0,0
35240504,male,85,0,25,0,0,0
35240505,female,120,10,15,0,0,0
35240505,male,85,0,25,0,10,0
35240506,female,80,10,0,0,0,0
35240506,male,105,0,10,0,0,0
35240507,female,100,10,20,0,0,0
35240507,male,95,0,0,10,0,0
35240508,female,115,10,0,15,10,0
35240508,male,170,10,25,0,0,0
35240509,female,115,10,15,10,0,10
35240509,male,110,0,0,0,0,0
35240512,female,60,0,0,15,0,0
35240512,male,60,0,0,0,0,0
35240513,female,70,15,20,10,0,10
35240513,male,90,10,10,0,0,0
35240516,female,95,20,20,10,0,0
35240516,male,135,10,15,0,0,0
35240517,female,85,0,10,10,0,0
35240517,male,120,10,15,0,0,0
35240518,female,135,10,20,10,0,0
35240518,male,140,0,20,10,10,0
35240519,female,75,15,10,0,0,0
35240519,male,90,10,0,0,0,0
35240520,female,140,15,20,20,0,0
35240520,male,140,0,10,20,0,0
35240521,female,115,15,0,0,0,0
35240521,male,125,0,10,0,10,0
35240522,female,60,0,0,0,0,0
35240522,male,75,0,0,0,10,0
35240523,female,85,0,0,0,0,0
35240523,male,75,10,15,0,0,0
35240524,female,100,0,10,0,0,0
35240524,male,75,0,10,0,0,0
35240525,female,110,0,30,10,0,10
35240525,male,95,10,10,0,10,0
35240526,female,60,0,0,0,0,0
35240526,male,60,0,10,0,0,0
35240528,female,80,10,15,10,0,0
35240528,male,100,15,25,0,10,0
35240529,female,100,10,0,0,0,0
35240529,male,110,0,10,0,0,0
35240530,female,105,20,10,0,0,0
35240530,male,125,20,0,0,0,0
35240531,female,125,10,0,0,0,0
35240531,male,105,0,10,0,0,0
35240532,female,320,15,30,0,0,0
35240532,male,255,15,35,10,10,0
35240533,female,85,15,0,0,0,0
35240533,male,110,10,10,0,0,0
35240534,female,80,25,10,0,0,0
35240534,male,95,25,10,10,10,0
35240535,female,70,0,15,0,0,0
35240535,male,105,10,10,0,0,15
35240536,female,105,20,30,15,10,10
35240536,male,145,15,30,10,0,0
35240537,female,175,10,15,10,0,0
35240537,male,130,10,15,10,0,0
35240538,female,255,15,35,25,0,0
35240538,male,215,20,40,0,0,0
35240539,female,190,0,20,20,0,0
35240539,male,215,15,15,0,0,0
35240540,female,90,0,10,10,0,0
35240540,male,90,0,0,0,0,0
35240541,female,80,0,10,10,0,0
35240541,male,90,0,15,0,0,0
35240542,female,105,20,10,0,0,0
35240542,male,75,0,10,0,0,0
35240543,female,130,10,10,0,0,0
35240543,male,150,10,0,0,10,0
35240544,female,95,10,20,0,0,0
35240544,male,60,10,15,0,10,0
35240545,female,190,10,15,10,0,0
35240545,male,225,10,10,0,0,0
35240546,female,140,10,20,10,0,0
35240546,male,165,10,10,15,0,0
35240590,female,200,10,50,20,10,0
35240590,male,180,0,15,20,0,0
35240591,female,170,25,35,25,0,0
35240591,male,210,0,25,10,10,10
35240592,female,310,15,80,20,10,0
35240592,male,450,10,55,45,0,0
35240593,female,240,15,30,0,0,10
35240593,male,265,20,50,15,0,0
35240594,female,155,20,10,15,10,0
35240594,male,150,35,25,25,15,10
35240595,female,195,10,20,10,0,10
35240595,male,170,10,10,0,0,0
35240596,female,155,10,15,0,0,0
35240596,male,180,10,0,0,0,0
35240598,female,405,0,60,10,0,0
35240598,male,355,30,35,15,10,0
35240641,female,85,10,0,10,0,10
35240641,male,120,0,10,0,0,10
35240642,female,90,10,15,10,0,0
35240642,male,100,0,10,0,0,10
35240643,female,95,15,10,15,0,10
35240643,male,140,10,20,15,0,0
35240644,female,70,10,0,0,0,10
35240644,male,90,0,10,0,0,0
35240645,female,55,0,0,0,0,0
35240645,male,100,0,0,0,0,0
35240647,female,135,0,10,0,0,0
35240647,male,125,0,0,0,0,0
35240648,female,190,15,30,10,0,10
35240648,male,140,0,15,0,0,0
35240649,female,150,35,15,10,0,10
35240649,male,145,10,10,10,0,10
35240650,female,150,20,10,0,0,0
35240650,male,185,10,0,0,0,0
35240651,female,110,10,10,0,0,0
35240651,male,100,10,15,0,0,0
35240654,female,105,15,15,10,0,0
35240654,male,140,10,0,10,0,0
35240655,female,170,10,25,0,0,10
35240655,male,200,0,15,0,0,0
35240656,female,60,0,10,0,0,0
35240656,male,75,0,15,0,0,0
35240659,female,165,15,40,15,0,10
35240659,male,145,10,30,0,0,10
35240660,female,120,10,15,10,10,0
35240660,male,80,10,15,0,0,0
35240661,female,100,0,15,0,0,0
35240661,male,140,10,15,0,0,0
35240662,female,340,25,50,15,0,0
35240662,male,360,15,20,0,0,0
35240663,female,140,10,10,10,0,0
35240663,male,120,0,10,0,0,0
35240664,female,85,10,0,0,0,0
35240664,male,110,10,0,0,0,0
35240665,female,75,0,20,10,0,15
35240665,male,75,0,10,0,0,10
35240666,female,205,15,30,0,0,0
35240666,male,195,10,0,10,0,0
35240667,female,145,20,15,10,0,0
35240667,male,145,0,10,0,0,0
35240668,female,110,10,20,10,0,0
35240668,male,100,15,35,0,0,0
35240669,female,225,10,30,0,0,10
35240669,male,265,0,25,0,0,0
35240670,female,130,0,20,0,0,0
35240670,male,145,0,20,0,0,0
35240671,female,130,10,15,0,0,0
35240671,male,120,20,15,0,0,0
35240672,female,180,20,25,20,0,0
35240672,male,215,10,0,0,0,10
35240673,female,85,0,15,0,0,0
35240673,male,90,10,0,0,0,0
35240674,female,145,0,25,0,0,0
35240674,male,180,0,15,10,10,0
35240675,female,225,30,35,10,0,0
35240675,male,250,10,45,0,0,0
35240676,female,195,25,30,0,0,0
35240676,male,200,25,25,0,0,0
35240677,female,85,10,15,0,0,0
35240677,male,105,10,10,0,0,10
35240678,female,270,25,45,20,0,0
35240678,male,295,10,40,10,10,0
35240679,female,145,0,15,0,0,10
35240679,male,155,10,15,10,10,0
35240680,female,280,20,25,10,0,0
35240680,male,330,10,10,15,0,10
35240681,female,115,0,10,10,0,0
35240681,male,90,0,25,0,0,0
35240682,female,165,10,25,0,0,10
35240682,male,160,10,30,0,0,0
35240683,female,175,10,0,0,0,0
35240683,male,135,15,15,10,10,0
35240684,female,190,15,10,0,0,0
35240684,male,140,10,10,0,0,0
35240685,female,220,20,40,10,0,0
35240685,male,240,0,35,0,0,0
35240686,female,230,20,55,0,0,10
35240686,male,250,10,40,10,0,0
35240756,female,135,20,25,0,0,10
35240756,male,155,0,30,10,0,0
35240757,female,125,10,10,15,0,0
35240757,male,120,10,10,0,0,0
35240758,female,190,15,0,20,0,0
35240758,male,215,10,25,10,10,0
35240759,female,75,0,0,10,0,0
35240759,male,95,10,20,0,0,0
35240780,female,210,10,25,10,0,0
35240780,male,210,0,10,15,0,0
35240782,female,145,15,10,15,0,0
35240782,male,150,15,25,10,0,0
35240783,female,65,0,0,0,0,0
35240783,male,60,0,0,0,0,0
35240785,female,155,20,15,0,0,0
35240785,male,190,10,25,0,0,10
35240807,female,170,20,35,10,0,0
35240807,male,155,10,25,20,10,0
35240808,female,110,10,10,10,0,0
35240808,male,110,10,0,10,0,0
35240809,female,10,0,0,0,0,0
35240809,male,10,0,0,0,0,0
35240898,female,530,45,100,25,0,0
35240898,male,640,40,105,15,10,0
35240903,female,x,x,x,x,x,x
35240903,male,x,x,x,x,x,x
35240904,female,235,20,85,15,0,10
35240904,male,260,15,100,10,10,0
35250030,female,70,10,10,0,0,0
35250030,male,80,0,10,0,0,0
35250031,female,85,0,15,0,0,0
35250031,male,90,10,10,0,0,0
35250032,female,90,20,0,0,0,0
35250032,male,150,0,10,0,0,0
35250033,female,95,10,10,0,0,0
35250033,male,130,10,10,0,10,0
35250034,female,150,10,15,10,0,0
35250034,male,180,10,10,0,0,0
35250035,female,100,20,10,10,0,0
35250035,male,105,10,15,0,0,0
35250036,female,115,10,0,0,0,0
35250036,male,120,0,0,0,10,0
35250037,female,85,10,10,10,0,0
35250037,male,90,15,10,10,20,0
35250038,female,75,0,25,30,0,0
35250038,male,95,10,10,20,0,0
35250039,female,65,20,10,20,10,0
35250039,male,65,0,10,0,0,0
35250040,female,50,10,10,10,10,0
35250040,male,55,10,0,10,0,0
35250041,female,65,10,10,15,0,0
35250041,male,95,10,0,0,0,0
35250042,female,25,10,0,20,0,10
35250042,male,55,0,0,0,0,0
35250043,female,105,0,20,10,0,0
35250043,male,120,15,10,0,0,0
35250044,female,55,0,0,10,0,0
35250044,male,60,0,10,0,0,0
35250045,female,50,10,30,10,0,0
35250045,male,90,10,15,10,10,0
35250046,female,55,10,20,10,10,0
35250046,male,115,15,0,10,10,0
35250047,female,60,10,15,0,10,0
35250047,male,85,15,15,10,0,10
35250048,female,40,0,10,0,0,0
35250048,male,40,0,10,10,0,0
35250049,female,85,0,10,0,0,10
35250049,male,80,0,10,0,0,0
35250050,female,110,0,0,0,0,0
35250050,male,60,0,10,0,0,0
35250051,female,265,15,10,10,0,0
35250051,male,245,15,25,0,10,0
35250052,female,50,20,0,0,0,0
35250052,male,65,0,0,0,0,0
35250053,female,130,10,0,0,0,0
35250053,male,145,10,0,0,15,0
35250054,female,60,15,0,10,0,0
35250054,male,65,10,0,10,0,0
35250055,female,165,15,10,0,0,0
35250055,male,115,15,25,10,0,0
35250056,female,40,0,0,0,0,0
35250056,male,50,0,0,0,0,0
35250059,female,225,40,10,0,0,0
35250059,male,265,20,20,10,0,0
35250060,female,125,10,0,0,0,0
35250060,male,100,10,0,0,0,0
35250061,female,50,10,10,0,0,0
35250061,male,70,10,10,0,0,0
35250062,female,105,15,0,0,0,0
35250062,male,125,0,0,10,0,0
35250064,female,160,0,10,10,0,0
35250064,male,140,10,10,0,0,0
35250065,female,105,0,10,10,0,10
35250065,male,115,10,0,0,0,0
35250066,female,70,10,0,0,0,0
35250066,male,70,10,0,0,0,0
35250067,female,115,10,0,10,0,0
35250067,male,135,0,10,0,0,0
35250070,female,75,10,0,10,0,0
35250070,male,95,10,0,10,0,0
35250073,female,100,20,15,0,0,0
35250073,male,70,20,15,0,0,0
35250074,female,55,0,10,0,0,0
35250074,male,45,0,10,0,0,0
35250075,female,65,15,10,0,0,0
35250075,male,105,15,0,10,0,0
35250077,female,80,30,30,10,0,0
35250077,male,100,10,10,0,0,0
35250078,female,85,0,15,0,0,0
35250078,male,95,0,0,0,10,0
35250079,female,35,0,0,0,0,0
35250079,male,50,0,10,0,0,0
35250080,female,95,20,15,0,0,10
35250080,male,100,15,10,10,0,0
35250081,female,160,20,55,10,0,0
35250081,male,185,15,40,0,0,0
35250082,female,45,0,0,0,0,0
35250082,male,35,0,10,0,0,0
35250083,female,80,0,30,0,0,10
35250083,male,85,0,10,0,0,10
35250084,female,40,0,10,0,0,0
35250084,male,70,10,0,0,0,0
35250085,female,50,15,10,0,0,0
35250085,male,70,10,10,0,0,0
35250086,female,80,15,10,0,0,0
35250086,male,70,15,0,0,0,0
35250087,female,80,0,10,0,0,0
35250087,male,85,10,15,0,0,0
35250088,female,75,0,10,0,0,0
35250088,male,55,0,10,0,0,0
35250089,female,105,25,10,0,0,0
35250089,male,70,10,10,10,0,0
35250093,female,80,10,25,0,0,0
35250093,male,120,0,15,0,0,0
35250094,female,60,0,20,0,0,0
35250094,male,60,10,10,10,0,0
35250095,female,75,0,10,0,0,0
35250095,male,95,0,0,10,10,0
35250096,female,115,0,20,10,0,0
35250096,male,105,10,20,0,0,0
35250097,female,55,10,10,0,0,0
35250097,male,45,0,10,0,0,0
35250098,female,35,0,0,0,0,0
35250098,male,35,0,0,0,10,0
35250099,female,140,0,10,10,0,10
35250099,male,140,25,10,20,10,0
35250100,female,100,0,20,0,0,0
35250100,male,80,10,10,10,0,0
35250101,female,70,10,10,0,0,10
35250101,male,85,30,0,10,0,0
35250102,female,40,0,0,0,0,0
35250102,male,50,15,0,0,10,10
35250105,female,90,10,10,0,0,0
35250105,male,135,0,10,10,0,10
35250106,female,80,0,10,0,0,0
35250106,male,85,20,0,10,0,0
35250107,female,115,10,10,10,0,0
35250107,male,90,20,10,0,0,10
35250108,female,55,0,10,0,0,0
35250108,male,90,20,15,0,0,0
35250109,female,115,10,15,0,0,0
35250109,male,110,0,10,10,0,10
35250110,female,95,10,10,0,0,0
35250110,male,120,0,10,0,0,0
35250111,female,55,20,15,0,0,0
35250111,male,65,0,10,0,0,0
35250112,female,40,20,0,10,0,0
35250112,male,70,0,0,0,0,0
35250113,female,45,10,0,0,0,0
35250113,male,80,10,10,0,0,10
35250114,female,40,25,10,0,0,0
35250114,male,70,0,0,0,0,0
35250115,female,220,15,85,15,0,0
35250115,male,210,25,65,15,0,0
35250116,female,140,30,30,0,0,10
35250116,male,160,10,0,0,0,10
35250117,female,45,10,0,0,0,0
35250117,male,40,0,0,0,0,0
35250118,female,70,10,20,0,0,0
35250118,male,70,10,0,0,0,0
35250119,female,85,10,15,0,0,10
35250119,male,90,10,15,10,0,0
35250120,female,75,10,25,0,0,0
35250120,male,75,10,10,10,0,0
35250121,female,110,10,35,0,0,0
35250121,male,65,0,10,0,0,0
35250122,female,50,15,10,0,0,0
35250122,male,65,0,0,0,0,0
35250123,female,60,0,10,0,0,0
35250123,male,95,10,0,0,10,0
35250124,female,70,20,10,0,0,0
35250124,male,65,15,0,0,0,0
35250125,female,60,0,10,10,0,0
35250125,male,70,0,10,0,0,0
35250126,female,60,15,20,10,0,0
35250126,male,125,10,10,0,0,0
35250127,female,305,30,40,20,0,0
35250127,male,345,10,50,0,0,0
35250128,female,85,15,20,0,0,0
35250128,male,120,0,15,0,0,0
35250129,female,75,10,0,0,0,0
35250129,male,85,10,0,10,0,0
35250130,female,75,10,20,0,0,0
35250130,male,90,10,10,0,0,0
35250133,female,0,0,0,0,0,0
35250133,male,15,0,0,0,0,0
35250134,female,130,10,0,0,0,0
35250134,male,130,10,0,10,0,0
35250135,female,345,45,45,10,0,0
35250135,male,405,10,25,10,0,10
35250136,female,70,15,10,0,0,0
35250136,male,55,0,0,0,0,0
35250137,female,75,10,0,15,0,0
35250137,male,65,0,0,10,0,0
35250144,female,305,25,20,10,0,0
35250144,male,350,25,20,0,0,10
35250145,female,120,0,10,0,0,0
35250145,male,100,10,0,0,0,0
35250146,female,130,0,10,0,0,0
35250146,male,200,10,10,0,0,0
35250147,female,55,10,0,10,0,0
35250147,male,70,0,0,0,0,0
35250148,female,110,10,0,0,0,0
35250148,male,125,0,20,0,0,0
35250149,female,100,20,10,0,0,0
35250149,male,110,20,0,0,0,0
35250150,female,100,10,0,15,0,0
35250150,male,115,10,0,10,0,0
35250151,female,75,10,0,0,0,0
35250151,male,90,0,10,10,0,0
35250152,female,235,15,0,0,0,0
35250152,male,280,0,10,10,0,10
35250153,female,110,0,0,0,0,0
35250153,male,130,25,0,0,10,0
35250156,female,70,0,0,0,0,0
35250156,male,95,0,0,0,0,0
35250158,female,70,15,0,0,0,0
35250158,male,130,0,0,0,0,0
35250159,female,70,0,0,0,0,0
35250159,male,90,0,0,0,0,0
35250160,female,75,0,0,0,0,0
35250160,male,65,0,0,0,0,0
35250161,female,135,0,0,0,10,10
35250161,male,140,20,10,10,0,0
35250162,female,115,10,0,0,0,0
35250162,male,110,0,0,0,0,0
35250163,female,65,0,0,0,0,10
35250163,male,120,0,10,0,0,10
35250164,female,70,10,10,0,0,0
35250164,male,75,0,10,10,0,10
35250172,female,90,0,0,0,0,0
35250172,male,90,15,0,0,0,0
35250173,female,305,15,0,0,0,0
35250173,male,275,10,10,10,0,0
35250175,female,310,20,30,0,0,0
35250175,male,360,30,25,0,0,0
35250176,female,120,25,10,10,0,0
35250176,male,200,10,10,10,0,0
35250177,female,145,0,10,0,0,0
35250177,male,150,0,0,0,0,0
35250178,female,100,20,0,0,0,0
35250178,male,155,10,0,0,0,0
35250179,female,150,10,0,10,0,0
35250179,male,230,15,10,0,0,0
35250180,female,330,30,15,0,0,0
35250180,male,370,20,10,10,0,10
35250181,female,95,10,10,0,0,0
35250181,male,95,10,0,0,0,0
35250183,female,60,0,0,0,0,0
35250183,male,70,0,0,0,0,0
35250184,female,95,0,10,0,0,0
35250184,male,90,10,0,0,0,0
35250185,female,75,0,20,0,0,0
35250185,male,60,0,15,0,0,0
35250186,female,65,10,0,0,0,0
35250186,male,55,0,0,0,0,0
35250188,female,155,10,10,0,0,0
35250188,male,195,10,15,0,0,0
35250189,female,145,15,10,0,0,0
35250189,male,230,0,0,0,0,0
35250190,female,65,0,10,0,0,0
35250190,male,80,10,15,0,0,0
35250191,female,150,15,0,20,0,0
35250191,male,155,10,0,0,0,0
35250192,female,300,50,15,0,0,0
35250192,male,345,40,25,0,0,0
35250193,female,80,10,0,0,0,0
35250193,male,65,0,0,0,0,0
35250194,female,85,10,0,0,0,0
35250194,male,105,20,0,0,0,0
35250196,female,95,0,10,10,0,0
35250196,male,85,0,10,0,0,0
35250197,female,75,10,10,0,0,0
35250197,male,105,10,0,0,0,0
35250199,female,550,45,45,0,0,10
35250199,male,590,10,55,10,0,10
35250200,female,95,25,25,0,0,0
35250200,male,130,10,10,0,0,0
35250201,female,40,0,0,0,0,0
35250201,male,30,10,0,0,0,0
35250202,female,140,10,45,0,0,0
35250202,male,205,20,40,0,0,0
35250203,female,105,40,65,0,0,0
35250203,male,195,10,25,0,10,0
35250204,female,65,15,75,10,0,0
35250204,male,150,15,40,10,10,0
35250205,female,50,10,0,0,0,0
35250205,male,60,10,0,0,0,0
35250206,female,90,10,20,0,0,0
35250206,male,130,0,10,0,0,0
35250207,female,70,10,10,0,0,0
35250207,male,65,10,10,0,0,0
35250208,female,65,15,10,0,0,0
35250208,male,80,0,0,0,0,0
35250209,female,70,0,0,0,0,0
35250209,male,85,0,0,10,0,0
35250210,female,85,15,10,10,0,10
35250210,male,110,0,0,0,0,10
35250211,female,30,0,10,0,0,0
35250211,male,35,0,0,0,0,0
35250212,female,85,0,10,0,0,0
35250212,male,85,0,20,0,0,0
35250213,female,50,0,10,0,0,0
35250213,male,70,10,0,0,0,0
35250216,female,60,0,10,0,0,10
35250216,male,70,10,10,0,0,0
35250217,female,85,10,25,10,0,0
35250217,male,95,0,35,10,0,0
35250218,female,90,10,25,0,0,0
35250218,male,115,0,0,0,0,0
35250221,female,45,20,10,10,0,10
35250221,male,115,20,20,10,0,0
35250222,female,60,15,15,0,0,0
35250222,male,75,15,0,10,0,0
35250223,female,70,0,0,10,0,0
35250223,male,110,0,0,0,0,0
35250224,female,30,10,10,10,0,0
35250224,male,65,10,15,0,0,0
35250225,female,50,10,10,0,0,0
35250225,male,70,10,10,10,0,0
35250226,female,85,10,15,0,0,0
35250226,male,60,0,10,15,0,0
35250227,female,60,25,45,0,0,0
35250227,male,85,20,20,10,0,0
35250230,female,45,15,10,10,0,0
35250230,male,105,25,15,20,0,0
35250231,female,70,15,20,0,0,10
35250231,male,100,0,10,0,10,0
35250232,female,45,10,25,20,0,0
35250232,male,50,15,20,0,0,10
35250233,female,65,10,15,15,0,0
35250233,male,90,10,0,10,10,0
35250234,female,60,10,20,10,0,0
35250234,male,65,10,10,10,0,0
35250238,female,55,30,15,20,0,0
35250238,male,125,20,15,35,0,0
35250239,female,45,0,0,0,0,0
35250239,male,70,0,10,10,0,0
35250240,female,40,20,20,10,0,0
35250240,male,70,15,15,10,0,0
35250241,female,45,10,0,15,0,0
35250241,male,70,0,0,0,0,0
35250242,female,x,x,x,x,x,x
35250242,male,x,x,x,x,x,x
35250243,female,95,15,25,25,0,0
35250243,male,135,10,15,10,0,0
35250248,female,175,10,20,0,0,0
35250248,male,195,10,10,0,0,0
35250249,female,40,0,10,0,0,0
35250249,male,65,10,0,10,0,0
35250250,female,70,10,10,0,0,0
35250250,male,85,0,0,0,0,0
35250251,female,50,0,10,10,0,10
35250251,male,70,10,10,0,10,0
35250254,female,135,20,0,0,0,0
35250254,male,150,10,10,0,0,0
35250255,female,75,0,0,10,0,0
35250255,male,95,0,15,0,0,0
35250256,female,100,15,0,0,0,0
35250256,male,105,0,10,0,0,0
35250257,female,75,25,10,0,0,0
35250257,male,100,0,20,10,0,0
35250258,female,90,0,15,10,10,0
35250258,male,110,15,10,0,0,0
35250259,female,85,10,10,10,0,0
35250259,male,110,10,10,0,0,0
35250260,female,80,15,10,0,0,0
35250260,male,85,0,0,0,0,0
35250261,female,50,10,15,10,0,0
35250261,male,65,10,15,10,0,0
35250262,female,110,0,10,10,0,0
35250262,male,120,0,10,0,0,0
35250263,female,175,35,10,0,0,0
35250263,male,225,15,0,0,0,0
35250264,female,55,25,0,0,0,0
35250264,male,90,0,0,0,0,0
35250265,female,65,15,10,0,0,0
35250265,male,90,0,0,0,0,0
35250266,female,50,0,10,0,0,0
35250266,male,70,10,10,0,0,0
35250267,female,120,10,10,15,0,0
35250267,male,120,10,15,10,0,0
35250269,female,30,10,0,0,0,0
35250269,male,30,0,0,0,0,0
35250270,female,75,20,0,0,0,0
35250270,male,50,0,0,0,0,0
35250271,female,75,0,0,0,0,0
35250271,male,90,0,10,10,0,0
35250272,female,35,0,0,0,0,0
35250272,male,45,0,10,0,0,0
35250273,female,65,0,10,0,0,0
35250273,male,85,15,0,0,0,0
35250274,female,195,15,35,10,0,0
35250274,male,195,20,15,15,0,10
35250275,female,90,0,0,0,0,0
35250275,male,95,20,10,10,0,0
35250276,female,95,10,0,10,0,10
35250276,male,140,10,0,0,0,0
35250277,female,55,10,10,10,0,10
35250277,male,65,0,10,10,0,0
35250278,female,70,0,10,15,0,0
35250278,male,90,10,10,0,0,0
35250279,female,90,10,10,0,0,10
35250279,male,135,15,0,15,0,10
35250280,female,70,25,10,10,0,0
35250280,male,85,0,10,0,0,0
35250281,female,60,10,10,15,0,0
35250281,male,70,10,15,0,0,10
35250282,female,85,0,20,10,0,0
35250282,male,120,10,0,10,0,0
35250283,female,95,10,25,0,0,10
35250283,male,95,0,0,0,0,0
35250284,female,50,10,0,10,0,0
35250284,male,90,10,0,0,0,0
35250285,female,155,15,0,10,0,0
35250285,male,150,10,0,0,0,0
35250286,female,50,10,0,10,0,0
35250286,male,55,0,0,0,0,0
35250287,female,145,15,25,0,0,0
35250287,male,175,15,0,0,0,0
35250288,female,85,0,0,0,0,0
35250288,male,105,0,0,0,0,0
35250289,female,105,10,0,0,0,10
35250289,male,130,10,15,0,0,0
35250290,female,120,25,20,10,0,0
35250290,male,145,0,10,0,0,0
35250291,female,220,20,15,0,0,0
35250291,male,210,0,15,0,10,0
35250293,female,150,15,15,0,0,0
35250293,male,220,0,10,0,10,10
35250294,female,105,10,10,0,0,0
35250294,male,95,0,10,10,0,0
35250295,female,70,10,0,10,0,0
35250295,male,100,10,0,0,0,0
35250296,female,120,0,0,0,0,0
35250296,male,80,0,0,0,0,0
35250297,female,95,0,25,0,0,0
35250297,male,100,10,0,0,0,0
35250298,female,120,10,0,0,0,0
35250298,male,125,0,0,0,0,0
35250299,female,75,10,10,0,0,0
35250299,male,120,25,10,0,0,0
35250300,female,175,20,0,0,0,0
35250300,male,220,25,0,0,0,0
35250302,female,85,10,0,0,0,0
35250302,male,65,0,0,10,0,0
35250303,female,75,10,0,0,0,0
35250303,male,80,0,0,0,0,0
35250304,female,95,10,0,0,0,0
35250304,male,155,10,0,0,0,0
35250305,female,85,20,0,10,0,10
35250305,male,120,0,10,0,0,0
35250306,female,80,0,0,0,0,0
35250306,male,90,0,0,0,0,0
35250307,female,70,20,0,0,0,0
35250307,male,95,10,0,10,0,0
35250308,female,235,15,25,10,0,0
35250308,male,205,10,10,0,0,0
35250309,female,80,0,0,10,0,0
35250309,male,75,0,10,10,0,0
35250310,female,85,0,0,0,0,0
35250310,male,100,10,0,10,0,0
35250311,female,135,15,0,10,0,0
35250311,male,140,10,0,10,0,0
35250312,female,85,10,10,10,0,0
35250312,male,110,10,0,0,10,0
35250313,female,140,15,0,0,0,0
35250313,male,155,10,0,0,0,0
35250315,female,120,0,0,10,0,0
35250315,male,75,10,10,0,0,0
35250316,female,175,15,10,0,0,0
35250316,male,115,0,10,0,0,0
35250317,female,105,25,0,0,0,0
35250317,male,110,10,0,0,0,10
35250318,female,20,0,0,0,0,0
35250318,male,30,0,0,0,0,0
35250319,female,85,10,30,10,0,0
35250319,male,75,20,15,10,0,0
35250320,female,90,10,0,0,0,0
35250320,male,90,15,0,10,0,0
35250321,female,55,0,0,0,0,0
35250321,male,60,0,0,0,0,0
35250322,female,75,10,15,10,0,10
35250322,male,50,0,0,10,0,0
35250323,female,50,10,40,0,0,0
35250323,male,90,10,0,10,0,0
35250324,female,75,10,30,0,0,0
35250324,male,50,0,10,0,0,0
35250326,female,40,0,30,0,10,0
35250326,male,65,10,30,0,0,0
35250327,female,75,0,40,10,0,0
35250327,male,105,20,25,0,0,0
35250328,female,75,15,20,0,0,0
35250328,male,65,10,0,0,0,0
35250329,female,70,10,30,0,0,10
35250329,male,90,15,35,10,0,0
35250330,female,50,10,30,0,0,0
35250330,male,40,0,10,0,10,0
35250331,female,45,15,20,0,0,0
35250331,male,55,0,10,0,10,0
35250332,female,85,10,20,10,0,10
35250332,male,130,10,15,0,0,0
35250333,female,140,10,0,0,0,0
35250333,male,120,15,15,0,0,0
35250334,female,120,10,25,0,0,0
35250334,male,85,20,30,0,0,0
35250335,female,50,0,15,0,0,0
35250335,male,80,0,0,10,0,0
35250336,female,85,10,10,10,0,0
35250336,male,85,0,10,0,0,0
35250337,female,120,20,40,20,0,0
35250337,male,145,15,10,0,10,0
35250338,female,90,0,40,0,0,10
35250338,male,125,10,20,15,0,0
35250339,female,85,10,25,10,0,0
35250339,male,135,20,0,10,0,0
35250340,female,60,10,10,0,0,0
35250340,male,75,10,0,0,0,0
35250341,female,95,10,25,10,0,0
35250341,male,85,15,10,0,0,0
35250342,female,100,0,0,10,0,0
35250342,male,90,15,20,10,0,0
35250343,female,85,15,10,10,0,10
35250343,male,75,10,10,0,0,0
35250344,female,85,10,10,0,0,0
35250344,male,100,10,10,0,0,0
35250345,female,85,20,15,10,0,0
35250345,male,100,10,0,0,0,0
35250346,female,110,0,10,0,0,0
35250346,male,100,0,0,0,0,0
35250347,female,75,20,20,0,0,0
35250347,male,130,10,0,0,0,0
35250348,female,120,10,10,10,0,0
35250348,male,150,0,15,0,0,0
35250349,female,105,0,15,0,0,0
35250349,male,90,0,10,0,10,0
35250350,female,90,20,20,0,0,0
35250350,male,135,10,30,10,0,0
35250351,female,60,0,0,0,0,0
35250351,male,40,0,10,0,0,0
35250352,female,100,0,35,0,0,0
35250352,male,120,10,15,0,0,0
35250353,female,75,15,20,0,0,0
35250353,male,100,0,25,0,0,0
35250354,female,100,10,10,10,0,0
35250354,male,115,0,10,0,0,0
35250355,female,75,0,25,0,0,0
35250355,male,100,10,10,10,0,0
35250356,female,110,20,15,0,0,0
35250356,male,130,10,10,10,0,0
35250357,female,110,20,25,20,0,0
35250357,male,140,0,30,10,0,0
35250358,female,85,10,10,15,0,0
35250358,male,105,10,10,0,0,10
35250359,female,85,15,20,0,0,0
35250359,male,90,20,0,0,0,0
35250360,female,90,20,25,0,0,0
35250360,male,90,15,15,0,0,10
35250361,female,70,0,10,10,0,0
35250361,male,80,0,25,10,0,0
35250362,female,100,10,15,20,0,0
35250362,male,90,20,15,15,0,10
35250363,female,60,0,20,0,0,0
35250363,male,90,0,0,10,0,0
35250364,female,60,0,20,0,0,0
35250364,male,25,0,20,0,0,0
35250365,female,140,25,75,15,0,0
35250365,male,195,0,30,10,0,0
35250366,female,50,10,35,30,0,0
35250366,male,70,10,50,10,0,10
35250367,female,75,0,20,10,0,0
35250367,male,80,0,25,10,0,0
35250368,female,60,20,30,25,0,0
35250368,male,75,0,40,0,0,0
35250369,female,55,20,30,25,0,0
35250369,male,100,10,15,0,0,0
35250370,female,80,10,30,0,0,0
35250370,male,70,0,15,0,0,0
35250371,female,80,0,40,10,0,0
35250371,male,80,10,0,10,10,0
35250372,female,85,0,35,0,0,0
35250372,male,100,0,0,0,0,0
35250373,female,65,0,10,10,0,0
35250373,male,75,0,0,0,0,10
35250374,female,90,10,20,10,0,0
35250374,male,100,10,25,0,0,0
35250375,female,65,20,40,0,0,0
35250375,male,125,15,10,10,0,10
35250376,female,105,0,20,0,0,0
35250376,male,95,10,20,10,0,0
35250377,female,65,15,45,0,10,0
35250377,male,90,15,15,10,10,0
35250378,female,85,25,30,0,0,0
35250378,male,120,20,10,0,0,0
35250379,female,55,0,25,0,0,0
35250379,male,50,10,0,0,0,0
35250380,female,80,20,20,10,0,0
35250380,male,120,0,10,10,0,10
35250381,female,70,0,20,10,0,0
35250381,male,55,0,10,0,10,0
35250382,female,95,10,20,15,0,0
35250382,male,110,15,10,10,0,0
35250383,female,25,10,30,15,0,0
35250383,male,65,20,25,25,0,0
35250384,female,40,10,10,10,0,0
35250384,male,90,0,70,10,0,0
35250385,female,75,10,25,10,0,0
35250385,male,70,0,15,10,10,10
35250387,female,60,25,0,20,0,0
35250387,male,90,10,0,0,0,0
35250388,female,85,0,15,15,10,0
35250388,male,90,0,10,10,0,10
35250389,female,75,10,0,15,0,0
35250389,male,80,0,15,0,0,0
35250390,female,80,0,55,35,0,0
35250390,male,95,10,10,0,0,0
35250391,female,105,0,30,10,10,10
35250391,male,100,10,15,15,20,10
35250392,female,95,10,30,35,0,0
35250392,male,75,10,10,20,10,10
35250393,female,65,10,15,40,0,0
35250393,male,50,0,30,35,0,0
35250394,female,65,10,45,45,0,10
35250394,male,95,20,40,25,10,10
35250395,female,40,10,35,30,0,0
35250395,male,60,0,55,35,0,10
35250396,female,50,15,50,35,0,10
35250396,male,105,10,25,15,0,0
35250397,female,75,10,50,50,0,0
35250397,male,95,0,40,10,10,0
35250398,female,0,0,15,10,0,0
35250398,male,20,0,15,15,0,10
35250399,female,0,0,10,10,0,0
35250399,male,25,0,25,10,0,0
35250400,female,60,10,55,45,0,10
35250400,male,80,15,35,10,0,0
35250401,female,75,0,55,55,0,0
35250401,male,125,0,25,25,10,0
35250402,female,60,0,25,25,0,0
35250402,male,65,10,25,20,0,10
35250403,female,95,0,35,15,10,0
35250403,male,110,10,40,25,10,0
35250404,female,80,10,10,20,0,0
35250404,male,60,10,15,10,0,0
35250405,female,60,10,15,15,10,0
35250405,male,55,0,30,20,10,0
35250406,female,80,0,60,30,0,10
35250406,male,85,0,40,10,15,0
35250407,female,60,0,45,25,10,0
35250407,male,80,20,10,0,0,0
35250408,female,50,0,15,20,10,0
35250408,male,65,0,10,10,10,0
35250409,female,50,0,0,20,0,0
35250409,male,75,0,10,0,0,0
35250410,female,50,10,20,15,0,0
35250410,male,60,0,20,10,0,0
35250411,female,80,10,15,30,0,0
35250411,male,90,10,15,0,10,0
35250412,female,45,0,25,0,0,0
35250412,male,30,0,0,10,0,0
35250413,female,80,20,25,15,10,0
35250413,male,110,20,20,0,15,0
35250416,female,55,15,40,25,0,0
35250416,male,110,10,10,0,0,0
35250417,female,55,10,20,15,0,0
35250417,male,50,10,15,0,0,0
35250418,female,20,10,85,35,0,0
35250418,male,65,10,40,20,10,0
35250419,female,40,10,30,25,0,0
35250419,male,50,25,40,15,10,0
35250420,female,95,10,50,55,0,0
35250420,male,155,15,50,30,0,0
35250421,female,40,0,45,60,15,0
35250421,male,100,10,35,30,0,0
35250422,female,35,0,15,30,0,0
35250422,male,60,0,55,25,0,0
35250423,female,70,0,60,40,0,0
35250423,male,75,10,35,20,0,0
35250424,female,55,10,10,55,0,0
35250424,male,50,0,35,35,10,0
35250425,female,110,15,50,25,0,10
35250425,male,110,0,45,25,0,10
35250426,female,80,10,15,20,10,0
35250426,male,50,10,35,15,0,0
35250427,female,30,10,55,30,0,0
35250427,male,80,0,0,15,10,0
35250428,female,45,10,45,15,0,0
35250428,male,60,0,20,15,0,0
35250429,female,25,0,30,10,0,0
35250429,male,65,10,25,15,0,0
35250430,female,45,0,30,30,0,0
35250430,male,55,0,30,25,10,0
35250431,female,45,10,40,35,0,15
35250431,male,55,10,35,15,10,0
35250434,female,105,15,115,60,0,0
35250434,male,150,10,120,50,0,10
35250435,female,20,0,35,20,0,0
35250435,male,80,10,15,30,10,0
35250436,female,25,10,35,20,0,0
35250436,male,35,10,15,25,0,0
35250437,female,55,0,35,10,0,0
35250437,male,60,10,50,30,0,0
35250438,female,20,0,10,20,10,0
35250438,male,35,10,20,15,10,0
35250439,female,50,10,70,30,0,0
35250439,male,40,15,55,30,10,0
35250440,female,60,10,45,30,0,0
35250440,male,125,0,45,20,0,0
35250441,female,105,0,70,15,0,0
35250441,male,70,0,30,15,0,0
35250442,female,95,10,35,10,0,10
35250442,male,145,15,20,0,0,0
35250443,female,80,30,0,0,0,0
35250443,male,105,0,35,10,10,0
35250444,female,40,10,30,20,0,0
35250444,male,60,0,10,15,0,0
35250445,female,50,15,10,10,0,0
35250445,male,70,10,10,0,0,0
35250446,female,55,15,20,25,0,0
35250446,male,85,10,10,10,10,10
35250447,female,45,10,10,0,0,0
35250447,male,45,10,30,0,0,0
35250448,female,90,10,50,15,0,0
35250448,male,85,25,60,10,0,0
35250449,female,40,0,30,15,0,0
35250449,male,45,20,30,0,10,0
35250450,female,30,10,55,10,0,0
35250450,male,55,15,10,0,0,10
35250451,female,10,0,25,0,0,0
35250451,male,30,10,10,0,0,0
35250452,female,55,0,15,10,0,0
35250452,male,75,0,10,10,0,0
35250453,female,35,0,25,20,0,10
35250453,male,70,10,40,0,10,0
35250454,female,80,10,45,10,0,0
35250454,male,100,0,40,15,10,0
35250455,female,30,0,20,30,0,0
35250455,male,55,10,30,15,0,0
35250456,female,20,10,30,30,0,0
35250456,male,25,10,20,0,10,0
35250457,female,x,x,x,x,x,x
35250457,male,x,x,x,x,x,x
35250458,female,20,0,30,10,0,0
35250458,male,10,10,30,0,0,0
35250459,female,65,20,25,0,0,0
35250459,male,90,20,30,15,0,0
35250460,female,30,0,20,10,0,0
35250460,male,35,15,15,10,0,0
35250461,female,35,0,45,10,0,0
35250461,male,50,30,15,0,0,0
35250462,female,15,10,15,20,0,0
35250462,male,20,15,10,0,0,0
35250463,female,35,25,0,30,0,0
35250463,male,25,10,25,15,0,0
35250464,female,30,0,15,15,10,10
35250464,male,40,10,15,0,0,0
35250465,female,40,10,15,20,0,10
35250465,male,75,15,90,20,0,0
35250466,female,40,15,10,30,0,0
35250466,male,25,0,0,25,10,0
35250467,female,25,0,20,15,0,0
35250467,male,55,0,25,35,0,0
35250468,female,10,0,25,25,0,0
35250468,male,80,0,20,20,0,0
35250471,female,20,10,10,15,10,0
35250471,male,40,20,10,0,0,0
35250472,female,25,10,40,20,0,0
35250472,male,50,0,15,15,0,0
35250473,female,60,0,20,15,0,0
35250473,male,30,0,0,10,0,0
35250474,female,30,20,15,10,10,0
35250474,male,75,25,25,15,0,0
35250475,female,35,10,25,10,0,0
35250475,male,60,10,10,10,10,0
35250476,female,35,0,15,10,0,0
35250476,male,50,0,15,0,0,0
35250477,female,40,20,20,0,0,10
35250477,male,55,25,30,0,15,0
35250478,female,50,10,10,0,0,0
35250478,male,45,10,20,10,0,10
35250479,female,50,10,30,10,0,10
35250479,male,85,30,15,10,0,0
35250480,female,55,0,55,10,0,0
35250480,male,55,10,25,0,10,0
35250481,female,30,10,15,0,0,0
35250481,male,60,10,0,0,0,0
35250482,female,30,10,30,10,0,0
35250482,male,70,10,10,10,0,0
35250483,female,40,10,10,15,0,0
35250483,male,55,15,15,0,0,0
35250484,female,30,10,0,0,0,0
35250484,male,35,15,20,0,0,0
35250485,female,55,15,15,0,0,0
35250485,male,70,0,15,10,10,10
35250486,female,75,0,15,10,0,0
35250486,male,85,10,20,20,10,10
35250487,female,40,0,20,10,0,0
35250487,male,50,10,10,0,0,0
35250488,female,70,10,10,10,0,0
35250488,male,85,15,30,10,0,0
35250489,female,40,0,10,15,0,0
35250489,male,70,10,10,10,0,0
35250490,female,70,0,20,10,0,0
35250490,male,95,25,0,15,0,0
35250491,female,15,0,20,0,0,0
35250491,male,15,10,10,10,0,0
35250492,female,45,15,25,10,0,0
35250492,male,70,10,0,0,10,0
35250493,female,60,10,15,10,10,10
35250493,male,55,0,15,10,0,0
35250494,female,50,10,10,10,0,0
35250494,male,80,10,20,15,0,0
35250495,female,50,0,45,10,0,0
35250495,male,75,0,0,10,0,0
35250496,female,15,0,15,10,0,0
35250496,male,30,0,0,10,0,10
35250497,female,75,0,20,40,10,0
35250497,male,80,10,20,20,10,0
35250498,female,55,0,30,25,10,0
35250498,male,65,0,25,35,15,0
35250499,female,60,10,30,15,0,0
35250499,male,100,0,15,0,20,0
35250501,female,65,20,0,15,20,0
35250501,male,55,10,20,25,10,0
35250502,female,75,15,10,10,20,0
35250502,male,70,10,20,25,10,0
35250503,female,50,10,15,25,15,0
35250503,male,80,10,30,15,25,0
35250504,female,55,0,50,0,0,0
35250504,male,55,0,20,10,10,0
35250506,female,70,15,15,40,0,0
35250506,male,85,0,10,0,10,0
35250507,female,65,20,15,15,10,10
35250507,male,80,0,15,10,10,0
35250508,female,100,10,0,0,10,0
35250508,male,95,10,0,20,20,0
35250509,female,135,0,20,15,0,10
35250509,male,105,15,10,30,10,0
35250510,female,90,10,10,25,0,10
35250510,male,95,0,0,20,15,0
35250511,female,110,0,20,10,10,0
35250511,male,100,10,0,25,25,0
35250512,female,65,10,10,25,0,0
35250512,male,60,0,10,10,0,0
35250513,female,95,10,20,25,0,0
35250513,male,95,15,30,15,10,0
35250514,female,155,25,25,15,10,0
35250514,male,180,15,10,0,30,0
35250515,female,50,0,15,10,0,0
35250515,male,80,0,10,0,0,0
35250516,female,170,20,0,0,0,0
35250516,male,155,10,20,15,0,0
35250517,female,85,0,10,0,0,0
35250517,male,50,15,0,0,10,0
35250518,female,40,15,0,10,0,0
35250518,male,60,0,0,0,0,0
35250519,female,95,10,25,0,0,0
35250519,male,135,10,10,10,0,0
35250520,female,115,10,25,10,0,0
35250520,male,140,25,40,0,0,0
35250521,female,80,20,10,0,0,0
35250521,male,135,0,0,10,0,0
35250522,female,50,0,0,0,0,0
35250522,male,30,15,10,0,0,0
35250523,female,75,0,10,0,0,0
35250523,male,85,10,10,10,0,0
35250524,female,50,15,20,0,0,0
35250524,male,50,10,10,0,0,0
35250525,female,75,20,10,0,0,0
35250525,male,70,10,10,10,0,0
35250526,female,110,15,55,15,0,0
35250526,male,135,25,20,0,0,0
35250527,female,65,15,0,0,0,0
35250527,male,90,15,10,10,0,0
35250528,female,35,10,10,0,0,0
35250528,male,65,15,0,10,0,0
35250529,female,50,20,15,0,0,0
35250529,male,60,0,0,0,0,0
35250530,female,55,0,10,10,0,0
35250530,male,80,0,20,15,0,0
35250531,female,80,10,10,0,0,0
35250531,male,100,10,0,10,10,0
35250532,female,75,0,15,10,0,0
35250532,male,90,10,10,0,0,0
35250533,female,115,10,55,10,0,0
35250533,male,125,15,20,15,0,0
35250534,female,55,15,25,10,0,0
35250534,male,100,15,10,0,0,0
35250535,female,75,15,10,0,0,0
35250535,male,75,0,15,10,0,0
35250536,female,55,0,25,10,0,10
35250536,male,85,15,20,0,0,0
35250537,female,100,30,15,0,10,0
35250537,male,150,10,0,10,0,0
35250538,female,85,15,30,0,0,0
35250538,male,110,15,0,0,0,0
35250539,female,125,15,40,0,0,0
35250539,male,135,25,10,0,0,0
35250540,female,95,10,25,0,0,0
35250540,male,120,10,10,0,0,0
35250541,female,70,0,20,10,0,0
35250541,male,80,10,15,0,0,0
35250542,female,70,0,20,10,0,0
35250542,male,90,0,20,0,0,0
35250545,female,55,15,15,0,0,0
35250545,male,65,10,0,0,0,0
35250546,female,25,0,30,10,0,0
35250546,male,70,10,25,10,0,0
35250547,female,60,0,15,0,0,0
35250547,male,85,10,30,0,0,0
35250548,female,70,15,35,10,0,0
35250548,male,105,0,20,0,0,0
35250549,female,60,10,35,10,0,0
35250549,male,70,10,30,0,0,0
35250550,female,90,0,15,0,0,10
35250550,male,80,0,15,0,0,0
35250551,female,65,25,15,10,0,0
35250551,male,100,10,10,10,0,0
35250552,female,50,20,20,10,0,0
35250552,male,55,10,15,0,0,0
35250553,female,75,10,50,15,0,0
35250553,male,75,20,20,0,0,0
35250554,female,75,15,25,0,0,0
35250554,male,85,20,20,0,0,0
35250555,female,85,15,35,15,0,0
35250555,male,70,10,20,0,0,0
35250556,female,90,10,10,0,0,0
35250556,male,165,0,0,10,0,0
35250557,female,85,30,30,20,0,10
35250557,male,90,20,25,0,0,10
35250558,female,70,10,15,10,0,0
35250558,male,120,10,10,0,0,10
35250559,female,90,0,20,10,0,0
35250559,male,95,0,0,0,0,0
35250560,female,55,15,25,0,0,0
35250560,male,95,10,10,0,0,0
35250561,female,50,15,15,0,0,0
35250561,male,80,0,10,0,0,0
35250562,female,95,10,20,10,0,10
35250562,male,90,10,25,0,0,0
35250563,female,85,20,30,20,0,0
35250563,male,105,15,20,0,0,0
35250564,female,60,10,20,0,0,0
35250564,male,85,0,10,10,0,0
35250565,female,130,15,10,10,0,0
35250565,male,195,10,45,0,0,0
35250566,female,85,10,10,10,0,0
35250566,male,100,10,10,0,0,0
35250567,female,80,0,20,10,0,10
35250567,male,110,0,30,0,0,0
35250568,female,135,15,35,0,0,0
35250568,male,140,10,10,10,0,0
35250569,female,50,10,15,0,0,0
35250569,male,65,10,0,0,0,0
35250570,female,75,15,15,0,0,0
35250570,male,60,0,10,0,0,0
35250571,female,70,0,15,0,0,0
35250571,male,35,0,0,0,0,0
35250572,female,85,10,20,0,0,0
35250572,male,110,10,0,0,0,0
35250573,female,205,65,25,0,0,0
35250573,male,220,25,0,0,0,0
35250574,female,90,0,0,0,0,10
35250574,male,100,10,0,0,0,0
35250578,female,125,30,30,0,0,0
35250578,male,150,20,15,0,0,0
35250579,female,80,0,20,0,0,0
35250579,male,115,25,0,10,0,0
35250580,female,45,0,20,10,0,0
35250580,male,35,0,0,0,0,0
35250581,female,140,15,25,15,0,0
35250581,male,145,25,20,0,0,0
35250582,female,115,10,15,0,0,0
35250582,male,115,10,0,0,0,0
35250583,female,150,15,20,10,0,0
35250583,male,145,0,10,0,0,0
35250585,female,100,20,25,10,0,0
35250585,male,140,25,10,0,0,0
35250586,female,275,25,15,0,0,0
35250586,male,305,0,20,10,0,0
35250587,female,90,10,0,0,0,0
35250587,male,70,0,10,0,0,0
35250588,female,65,10,20,0,0,0
35250588,male,85,0,0,0,0,0
35250589,female,125,20,10,10,0,0
35250589,male,165,10,0,0,0,0
35250590,female,70,10,10,0,0,0
35250590,male,80,10,0,0,0,0
35250591,female,175,20,10,10,0,0
35250591,male,160,15,20,0,0,0
35250592,female,120,10,10,10,0,10
35250592,male,100,0,20,10,0,0
35250593,female,75,10,10,0,0,0
35250593,male,55,10,15,0,0,0
35250594,female,75,20,20,0,0,0
35250594,male,90,10,10,0,0,0
35250595,female,90,20,15,15,0,0
35250595,male,100,0,0,0,0,0
35250596,female,125,10,25,0,0,0
35250596,male,150,10,10,0,0,0
35250597,female,40,0,10,0,0,0
35250597,male,75,10,0,10,0,0
35250598,female,90,15,20,0,0,0
35250598,male,110,0,0,0,0,0
35250599,female,40,15,20,0,0,0
35250599,male,35,15,15,10,0,0
35250600,female,50,0,10,10,0,0
35250600,male,80,15,10,0,0,0
35250601,female,50,0,20,0,0,0
35250601,male,60,0,15,0,0,0
35250602,female,45,0,10,10,0,0
35250602,male,65,0,0,0,0,0
35250603,female,135,30,20,0,10,0
35250603,male,125,25,15,0,0,0
35250604,female,75,0,10,0,0,0
35250604,male,105,10,0,0,0,0
35250605,female,50,0,20,10,0,0
35250605,male,35,10,15,0,0,0
35250606,female,90,0,20,0,0,0
35250606,male,85,10,10,0,0,0
35250607,female,105,0,20,10,0,0
35250607,male,110,20,10,0,0,0
35250608,female,35,20,15,0,0,0
35250608,male,60,10,25,0,0,0
35250609,female,100,10,25,10,0,0
35250609,male,100,10,0,0,0,0
35250610,female,100,0,0,10,0,0
35250610,male,125,10,0,0,0,0
35250611,female,60,0,15,15,0,0
35250611,male,75,0,10,0,0,0
35250612,female,125,0,20,15,0,0
35250612,male,100,10,15,0,0,0
35250613,female,180,50,75,10,0,0
35250613,male,215,25,10,10,0,0
35250614,female,35,0,15,0,0,0
35250614,male,50,0,10,0,0,0
35250615,female,40,25,15,0,0,0
35250615,male,60,0,0,0,0,0
35250616,female,20,0,10,0,0,0
35250616,male,35,0,0,0,0,0
35250617,female,65,15,25,0,0,0
35250617,male,100,0,0,0,0,0
35250618,female,40,0,0,0,0,10
35250618,male,60,10,0,0,0,0
35250619,female,55,20,20,10,0,0
35250619,male,135,0,10,0,0,0
35250620,female,85,10,10,0,0,0
35250620,male,95,10,0,0,10,10
35250621,female,205,15,15,0,0,0
35250621,male,120,40,25,0,0,0
35250622,female,45,10,30,0,0,0
35250622,male,90,10,0,0,0,0
35250623,female,75,10,15,0,0,10
35250623,male,65,0,10,0,0,0
35250624,female,65,10,0,10,0,0
35250624,male,85,0,0,0,0,0
35250625,female,55,10,0,0,0,0
35250625,male,65,10,0,0,0,0
35250626,female,85,10,10,10,0,0
35250626,male,105,10,0,10,0,0
35250627,female,95,10,20,10,0,0
35250627,male,115,15,15,0,0,0
35250628,female,35,10,15,0,0,0
35250628,male,65,0,0,0,0,0
35250629,female,80,20,20,20,0,0
35250629,male,130,0,10,15,0,0
35250630,female,80,20,15,20,0,0
35250630,male,125,10,20,0,0,0
35250631,female,80,10,0,0,0,0
35250631,male,85,10,0,0,0,0
35250632,female,85,10,35,10,0,0
35250632,male,85,10,20,15,0,0
35250633,female,40,10,0,0,0,0
35250633,male,60,0,0,10,0,0
35250634,female,90,0,20,10,0,0
35250634,male,65,20,15,0,0,10
35250635,female,70,15,0,0,0,0
35250635,male,60,15,0,10,0,0
35250636,female,130,30,45,10,0,0
35250636,male,175,10,40,0,0,0
35250637,female,185,45,25,10,0,0
35250637,male,195,20,35,0,10,10
35250638,female,60,10,0,0,0,0
35250638,male,45,0,0,0,0,0
35250639,female,135,20,15,10,0,0
35250639,male,125,10,0,0,0,0
35250640,female,90,15,30,10,0,0
35250640,male,95,10,15,0,0,0
35250641,female,90,0,20,0,0,0
35250641,male,95,0,10,0,0,0
35250642,female,85,35,25,0,0,0
35250642,male,90,10,10,0,0,0
35250643,female,90,0,15,0,0,0
35250643,male,145,10,0,10,0,0
35250644,female,75,0,10,10,0,0
35250644,male,70,10,0,0,0,0
35250645,female,120,10,0,0,0,0
35250645,male,140,0,10,0,0,0
35250646,female,190,45,10,0,0,0
35250646,male,185,30,0,10,10,0
35250647,female,195,40,15,0,0,0
35250647,male,195,15,10,0,0,0
35250648,female,165,35,55,0,0,0
35250648,male,155,20,30,10,0,0
35250649,female,100,25,30,0,0,0
35250649,male,150,0,10,0,0,0
35250650,female,60,20,10,0,0,0
35250650,male,90,0,15,0,0,0
35250651,female,65,0,15,0,0,0
35250651,male,95,0,15,0,0,0
35250652,female,130,20,30,0,0,0
35250652,male,155,20,10,0,0,0
35250655,female,340,35,30,10,0,10
35250655,male,380,55,10,15,0,0
35250656,female,85,15,10,0,0,0
35250656,male,55,0,0,0,10,0
35250657,female,125,20,25,10,0,10
35250657,male,140,15,10,0,0,0
35250658,female,60,0,0,0,0,0
35250658,male,45,0,0,10,0,0
35250659,female,120,20,15,10,0,0
35250659,male,125,10,10,0,0,0
35250661,female,230,20,25,0,0,0
35250661,male,225,35,35,10,0,0
35250662,female,345,35,40,0,0,10
35250662,male,380,20,40,0,0,0
35250663,female,130,20,35,10,0,0
35250663,male,140,10,0,10,0,0
35250664,female,95,0,15,0,0,0
35250664,male,105,10,0,0,0,0
35250665,female,100,0,10,0,0,10
35250665,male,130,10,20,0,0,0
35250666,female,65,20,10,0,0,0
35250666,male,85,0,10,0,0,0
35250667,female,20,10,0,15,0,0
35250667,male,20,0,10,0,0,0
35250668,female,35,0,0,10,0,0
35250668,male,60,15,10,10,10,0
35250669,female,20,10,10,0,0,0
35250669,male,15,15,0,15,15,0
35250670,female,20,0,0,10,0,0
35250670,male,35,0,15,25,0,0
35250671,female,35,0,10,0,0,0
35250671,male,25,0,0,10,0,0
35250672,female,15,0,0,35,10,0
35250672,male,20,0,10,20,0,0
35250675,female,25,0,20,10,10,0
35250675,male,60,0,20,30,10,0
35250676,female,45,0,10,10,0,0
35250676,male,80,15,10,15,10,0
35250677,female,75,15,0,15,10,0
35250677,male,70,0,0,0,30,0
35250678,female,75,10,10,40,15,10
35250678,male,105,10,10,20,0,0
35250679,female,55,10,15,10,0,0
35250679,male,55,10,15,40,0,0
35250680,female,85,0,20,10,0,0
35250680,male,60,10,10,15,10,0
35250681,female,60,25,20,10,25,0
35250681,male,140,20,30,10,20,0
35250692,female,60,10,20,0,0,0
35250692,male,50,0,25,0,10,0
35250693,female,30,0,35,10,0,0
35250693,male,55,0,10,0,0,0
35250694,female,50,10,10,10,0,0
35250694,male,35,0,10,10,0,0
35250695,female,10,0,30,10,0,0
35250695,male,35,10,15,10,10,10
35250696,female,10,10,10,0,0,0
35250696,male,25,10,20,0,0,10
35250700,female,40,0,35,0,10,0
35250700,male,60,10,30,0,0,10
35250701,female,60,15,25,10,0,0
35250701,male,60,0,20,0,0,0
35250702,female,75,15,50,10,0,0
35250702,male,105,10,10,0,0,0
35250703,female,30,20,30,0,0,0
35250703,male,55,0,20,10,10,10
35250704,female,60,0,20,0,0,0
35250704,male,60,0,35,25,0,0
35250705,female,65,20,10,10,0,0
35250705,male,105,0,25,15,0,0
35250706,female,50,0,35,25,0,0
35250706,male,120,10,10,10,0,0
35250707,female,60,10,20,10,0,0
35250707,male,60,0,20,10,0,0
35250708,female,70,10,20,15,0,0
35250708,male,125,10,25,10,0,0
35250709,female,75,0,45,10,0,0
35250709,male,85,0,0,15,0,0
35250710,female,45,0,40,10,0,0
35250710,male,80,15,10,10,10,0
35250711,female,40,20,25,0,0,0
35250711,male,50,10,10,0,10,0
35250712,female,50,0,10,10,0,10
35250712,male,75,15,20,0,0,0
35250713,female,35,10,10,15,0,0
35250713,male,60,15,10,0,0,0
35250714,female,70,20,10,0,0,0
35250714,male,80,10,0,0,0,10
35250715,female,50,20,25,10,0,0
35250715,male,95,10,30,0,0,0
35250716,female,55,10,35,10,10,0
35250716,male,120,10,35,0,0,0
35250717,female,60,10,30,0,0,0
35250717,male,105,15,10,15,0,0
35250718,female,45,0,25,20,0,0
35250718,male,55,10,20,10,15,0
35250719,female,30,20,30,0,10,10
35250719,male,40,10,20,10,10,0
35250720,female,70,25,35,0,10,0
35250720,male,100,20,10,10,0,0
35250721,female,70,20,0,0,0,0
35250721,male,80,20,10,10,0,0
35250724,female,35,0,20,10,10,0
35250724,male,85,0,20,15,0,0
35250725,female,50,10,25,10,0,0
35250725,male,80,10,20,10,0,0
35250726,female,85,15,15,15,10,0
35250726,male,90,15,15,10,0,0
35250727,female,30,10,0,0,0,0
35250727,male,50,0,15,0,0,0
35250728,female,95,0,0,0,0,10
35250728,male,100,10,25,10,0,0
35250729,female,50,10,25,20,0,0
35250729,male,75,10,20,10,10,0
35250730,female,50,15,15,15,0,0
35250730,male,75,15,20,0,0,0
35250731,female,45,20,40,15,10,0
35250731,male,85,15,25,10,0,0
35250732,female,65,20,10,0,0,0
35250732,male,60,10,10,10,0,0
35250733,female,120,0,10,30,0,0
35250733,male,135,10,20,0,0,0
35250734,female,105,10,50,10,0,0
35250734,male,85,10,30,10,0,0
35250735,female,95,0,15,10,0,0
35250735,male,75,0,15,0,0,0
35250736,female,85,10,20,0,0,0
35250736,male,115,10,10,0,10,0
35250737,female,95,0,20,10,10,10
35250737,male,95,10,15,10,0,0
35250738,female,90,10,15,15,10,0
35250738,male,90,0,10,10,0,0
35250739,female,90,20,25,0,0,0
35250739,male,120,10,10,10,0,0
35250740,female,85,15,15,10,0,0
35250740,male,100,15,20,0,0,0
35250741,female,100,10,10,0,0,0
35250741,male,120,0,0,0,10,0
35250742,female,90,25,0,0,0,0
35250742,male,130,10,20,0,0,0
35250743,female,80,10,15,0,0,0
35250743,male,115,10,10,0,0,0
35250744,female,135,25,30,10,0,10
35250744,male,140,10,10,0,0,15
35250745,female,70,0,0,10,0,0
35250745,male,85,0,0,0,10,0
35250746,female,80,10,10,10,0,0
35250746,male,60,0,10,0,0,0
35250747,female,80,0,15,10,0,0
35250747,male,70,15,20,0,0,0
35250748,female,70,15,20,0,0,0
35250748,male,90,15,10,0,0,10
35250749,female,60,15,20,15,0,0
35250749,male,70,15,0,0,0,0
35250750,female,80,10,10,10,0,10
35250750,male,100,15,15,0,10,10
35250753,female,80,20,0,10,0,0
35250753,male,95,10,15,0,0,10
35250754,female,50,0,10,0,0,0
35250754,male,85,0,10,0,0,0
35250755,female,65,0,10,10,0,0
35250755,male,100,0,0,10,0,0
35250756,female,90,15,30,10,0,0
35250756,male,105,10,35,10,0,0
35250757,female,80,0,25,10,0,0
35250757,male,110,10,15,0,0,0
35250758,female,65,0,10,10,0,0
35250758,male,50,0,10,10,0,10
35250759,female,55,30,15,15,0,0
35250759,male,90,0,15,0,0,0
35250760,female,60,0,25,0,0,0
35250760,male,80,20,0,0,0,0
35250761,female,35,20,20,10,0,0
35250761,male,80,0,20,10,0,0
35250762,female,65,0,20,0,0,0
35250762,male,95,10,10,0,0,0
35250763,female,100,15,20,0,0,0
35250763,male,140,0,10,10,10,0
35250764,female,100,10,0,0,0,0
35250764,male,75,10,0,0,0,0
35250765,female,50,10,35,0,0,0
35250765,male,60,0,15,20,10,0
35250766,female,55,25,10,10,0,0
35250766,male,55,10,20,0,0,15
35250767,female,30,0,15,0,0,0
35250767,male,60,20,15,10,0,0
35250768,female,60,0,20,10,0,10
35250768,male,65,15,10,20,0,0
35250769,female,65,20,10,0,0,0
35250769,male,80,20,20,10,0,0
35250770,female,30,20,30,20,0,0
35250770,male,40,15,10,15,10,0
35250771,female,40,15,25,15,0,0
35250771,male,70,10,35,15,10,0
35250772,female,35,25,25,0,0,0
35250772,male,65,15,15,10,10,0
35250773,female,55,30,15,30,0,0
35250773,male,90,15,10,20,0,0
35250774,female,60,15,10,10,0,0
35250774,male,70,0,0,0,0,0
35250775,female,30,0,15,10,0,0
35250775,male,60,10,15,15,0,0
35250776,female,20,10,15,0,0,0
35250776,male,50,10,10,10,0,0
35250777,female,90,10,35,0,10,0
35250777,male,85,0,10,10,0,0
35250778,female,65,20,15,0,0,10
35250778,male,95,10,0,10,0,10
35250779,female,35,0,30,15,0,0
35250779,male,50,15,10,0,0,0
35250780,female,45,15,15,0,0,0
35250780,male,75,10,15,10,0,0
35250781,female,80,0,10,0,0,10
35250781,male,95,15,25,0,10,0
35250782,female,70,20,15,0,0,0
35250782,male,75,10,10,10,0,0
35250783,female,50,20,45,0,0,0
35250783,male,95,10,15,0,0,0
35250784,female,85,0,30,0,0,0
35250784,male,75,0,15,0,10,0
35250785,female,70,15,35,10,0,0
35250785,male,100,10,10,0,0,0
35250786,female,75,10,40,0,0,0
35250786,male,125,0,0,0,0,0
35250787,female,170,15,10,10,0,0
35250787,male,185,10,0,0,0,0
35250788,female,95,15,10,0,10,0
35250788,male,120,0,0,0,0,0
35250789,female,90,15,35,0,0,0
35250789,male,70,20,30,0,0,0
35250790,female,135,15,20,0,0,0
35250790,male,105,15,10,0,0,10
35250791,female,115,0,25,10,0,0
35250791,male,110,0,10,10,0,0
35250792,female,75,10,30,0,0,0
35250792,male,85,10,15,0,0,0
35250793,female,70,15,10,10,0,0
35250793,male,65,10,10,0,0,0
35250798,female,20,0,15,0,0,0
35250798,male,55,0,10,0,0,0
35250799,female,10,10,50,10,0,0
35250799,male,60,10,15,10,10,0
35250800,female,65,0,30,10,0,0
35250800,male,70,0,15,0,10,0
35250801,female,100,15,40,25,0,0
35250801,male,55,15,10,50,0,0
35250802,female,75,10,0,25,0,0
35250802,male,75,0,0,15,10,0
35250803,female,80,10,0,0,0,0
35250803,male,110,0,0,0,0,0
35250804,female,510,45,20,0,0,0
35250804,male,525,30,15,10,0,0
35250805,female,195,10,10,0,10,0
35250805,male,310,0,10,0,0,10
35250806,female,90,10,10,0,0,0
35250806,male,125,10,10,0,0,0
35250807,female,210,10,0,0,0,10
35250807,male,255,15,15,0,0,0
35250810,female,165,10,0,0,0,10
35250810,male,180,10,10,0,0,0
35250812,female,80,0,0,0,0,0
35250812,male,105,10,0,0,0,0
35250813,female,145,0,0,0,0,0
35250813,male,135,0,0,0,0,0
35250814,female,90,20,0,10,0,0
35250814,male,130,0,0,0,0,0
35250815,female,320,15,0,10,0,0
35250815,male,350,15,0,0,0,0
35250826,female,165,10,15,15,0,0
35250826,male,135,10,0,25,30,0
35250827,female,40,10,0,10,0,0
35250827,male,65,0,15,0,20,0
35250828,female,75,0,10,0,0,0
35250828,male,60,0,0,10,10,0
35250829,female,85,0,0,25,0,10
35250829,male,110,10,0,10,0,0
35250830,female,90,0,10,25,10,10
35250830,male,85,10,0,10,0,0
35250831,female,95,15,15,20,0,10
35250831,male,115,0,0,10,0,0
35250832,female,60,0,0,10,0,10
35250832,male,35,0,10,0,0,0
35250833,female,65,10,0,10,0,10
35250833,male,50,0,0,0,0,0
35250834,female,85,10,0,10,0,10
35250834,male,85,0,10,0,10,0
35250835,female,80,10,0,0,0,0
35250835,male,80,0,0,0,0,0
35250836,female,75,10,0,10,10,10
35250836,male,110,0,10,0,0,0
35250843,female,200,25,35,10,0,0
35250843,male,175,15,35,10,0,0
35250845,female,85,0,90,20,0,0
35250845,male,210,25,95,10,10,0
35250846,female,55,15,40,15,0,0
35250846,male,90,0,10,0,0,0
35250847,female,25,0,35,30,0,0
35250847,male,50,10,45,50,10,0
35250848,female,110,25,30,30,10,0
35250848,male,150,10,20,20,10,0
35250849,female,250,15,20,10,0,0
35250849,male,255,10,10,0,15,0
35250850,female,175,20,25,10,0,0
35250850,male,230,20,20,25,10,0
35250851,female,210,30,60,75,0,10
35250851,male,360,30,65,20,10,10
35250852,female,270,15,90,25,0,0
35250852,male,330,25,40,20,10,10
35250853,female,55,15,70,35,0,0
35250853,male,115,25,80,15,10,10
35250854,female,45,0,100,70,0,10
35250854,male,100,0,65,45,0,0
35250855,female,80,20,105,30,0,0
35250855,male,135,10,60,55,15,10
35250857,female,90,20,15,0,0,0
35250857,male,155,20,0,10,0,0
35250859,female,110,10,10,0,0,0
35250859,male,105,10,0,0,0,10
35250860,female,300,25,75,0,0,10
35250860,male,415,35,20,0,0,0
35250861,female,105,20,15,0,0,10
35250861,male,125,10,0,10,0,0
35250862,female,80,10,10,0,0,10
35250862,male,135,10,0,0,0,10
35250863,female,65,10,0,0,0,0
35250863,male,130,0,0,0,0,0
35250864,female,110,10,0,10,0,0
35250864,male,165,10,0,10,0,0
35250865,female,110,10,10,0,0,0
35250865,male,110,0,0,0,0,0
35250866,female,110,0,0,10,0,10
35250866,male,140,10,0,10,0,0
35250867,female,110,15,10,0,0,0
35250867,male,135,30,0,0,0,0
35250868,female,60,0,0,0,0,0
35250868,male,90,0,10,0,0,0
35250869,female,110,20,0,0,0,0
35250869,male,125,0,0,0,0,10
35250870,female,125,15,10,0,0,0
35250870,male,185,0,0,10,0,0
35250871,female,115,15,0,0,0,0
35250871,male,130,10,0,0,0,0
35250872,female,130,0,0,20,0,10
35250872,male,170,15,10,0,0,0
35250873,female,135,20,0,10,0,0
35250873,male,195,10,10,0,10,0
35250874,female,130,25,0,0,0,0
35250874,male,170,25,0,0,0,0
35250875,female,130,0,0,0,0,10
35250875,male,155,10,10,10,0,0
35250876,female,85,10,0,10,0,0
35250876,male,115,10,0,10,0,0
35250877,female,70,0,0,0,0,0
35250877,male,110,0,0,0,10,0
35250878,female,105,0,0,10,0,0
35250878,male,120,0,0,0,10,0
35250879,female,135,0,10,15,0,0
35250879,male,140,15,10,0,10,0
35250880,female,100,0,25,15,0,0
35250880,male,70,0,0,20,10,0
35250881,female,125,0,0,15,0,0
35250881,male,115,10,10,15,0,0
35250882,female,175,20,10,10,0,0
35250882,male,210,20,10,10,0,0
35250883,female,160,15,0,10,0,0
35250883,male,130,10,0,0,0,0
35250884,female,165,25,10,0,0,0
35250884,male,140,0,15,10,0,10
35250885,female,120,10,0,0,0,0
35250885,male,110,10,10,0,0,10
35250886,female,125,10,0,10,0,0
35250886,male,155,20,10,10,10,0
35250887,female,150,35,0,15,0,0
35250887,male,140,10,10,10,10,0
35250888,female,110,15,0,10,0,0
35250888,male,160,10,10,0,0,0
35250889,female,140,10,0,10,0,0
35250889,male,150,0,0,0,0,0
35250890,female,130,10,10,10,0,0
35250890,male,105,10,0,0,0,0
35250891,female,115,10,0,10,0,0
35250891,male,95,10,15,10,0,10
35250892,female,605,35,35,30,0,10
35250892,male,605,10,40,15,0,15
35250893,female,140,0,0,0,10,0
35250893,male,160,0,0,10,0,0
35250894,female,90,0,15,10,0,0
35250894,male,125,10,0,0,0,0
35250895,female,145,10,0,0,0,0
35250895,male,140,0,0,10,0,10
35250896,female,115,0,0,0,0,0
35250896,male,80,0,0,0,10,0
35250897,female,105,10,0,0,0,10
35250897,male,125,0,0,0,0,0
35250898,female,70,0,0,10,0,0
35250898,male,100,10,0,0,0,0
35250899,female,70,0,0,10,0,0
35250899,male,85,10,0,10,0,0
35250900,female,75,0,0,0,0,0
35250900,male,110,10,0,0,0,0
35250901,female,105,0,0,10,0,0
35250901,male,130,10,0,10,0,0
35250902,female,110,0,0,10,0,10
35250902,male,145,0,0,10,0,0
35250903,female,90,0,0,0,0,0
35250903,male,145,15,0,10,0,0
35250904,female,135,10,0,0,0,0
35250904,male,150,10,0,0,0,0
35250905,female,100,0,0,0,0,10
35250905,male,135,10,0,10,0,0
35250906,female,95,10,0,0,0,0
35250906,male,135,0,0,0,0,0
35250907,female,50,10,0,0,0,10
35250907,male,100,10,0,10,0,0
35250908,female,100,0,10,10,0,10
35250908,male,130,15,0,0,0,0
35250909,female,330,30,0,10,0,20
35250909,male,415,15,25,10,0,0
35250910,female,290,50,0,10,0,0
35250910,male,335,25,10,0,0,0
35250911,female,145,20,0,0,0,0
35250911,male,165,10,10,0,0,0
35250912,female,125,0,10,0,0,0
35250912,male,145,10,10,0,0,0
35250913,female,125,15,15,0,0,0
35250913,male,135,10,10,0,0,10
35250914,female,65,10,0,10,0,0
35250914,male,90,10,10,0,0,0
35250918,female,140,0,10,0,0,0
35250918,male,80,0,0,0,0,0
35250919,female,140,15,10,15,0,10
35250919,male,155,10,15,0,0,0
35250920,female,250,25,10,0,0,0
35250920,male,285,10,0,0,0,0
35250921,female,140,20,10,0,0,10
35250921,male,185,15,10,0,0,0
35250922,female,140,10,10,0,0,0
35250922,male,170,10,10,15,0,10
35250923,female,110,30,0,10,0,10
35250923,male,145,25,0,0,0,0
35250924,female,105,10,0,0,0,10
35250924,male,120,0,0,10,0,0
35250925,female,115,0,0,0,0,0
35250925,male,135,10,0,0,0,0
35250928,female,60,0,0,0,0,10
35250928,male,110,0,10,0,0,10
35250929,female,130,0,0,0,0,0
35250929,male,175,0,0,0,0,0
35250930,female,135,0,0,0,0,0
35250930,male,140,10,0,0,0,0
35250931,female,135,0,10,10,0,0
35250931,male,165,20,0,0,0,0
35250932,female,70,0,0,0,0,0
35250932,male,95,0,0,0,0,0
35250933,female,85,0,0,10,0,0
35250933,male,100,10,0,0,0,0
35250934,female,100,0,10,0,0,0
35250934,male,140,0,0,0,0,0
35250935,female,140,10,0,0,0,10
35250935,male,140,15,10,10,0,0
35250936,female,110,15,0,0,0,10
35250936,male,135,0,10,0,0,0
35250937,female,175,15,10,0,0,10
35250937,male,225,0,0,0,0,10
35250938,female,150,0,10,10,0,0
35250938,male,150,20,0,0,0,0
35250939,female,90,0,10,0,0,10
35250939,male,125,0,0,0,0,0
35250940,female,90,15,15,0,0,0
35250940,male,100,10,10,0,0,10
35250941,female,120,10,0,0,0,0
35250941,male,155,10,25,0,0,0
35250942,female,90,0,0,0,0,0
35250942,male,135,10,0,10,0,0
35250943,female,215,10,0,15,0,0
35250943,male,215,15,0,20,0,0
35250944,female,120,0,10,15,0,0
35250944,male,120,10,10,0,10,0
35250945,female,165,10,0,10,0,0
35250945,male,180,0,10,10,0,0
35250946,female,70,10,0,0,0,0
35250946,male,115,0,0,0,0,0
35250947,female,160,0,0,0,0,0
35250947,male,160,0,0,0,0,0
35250948,female,275,20,10,15,0,10
35250948,male,335,10,0,10,0,0
35250949,female,90,0,0,0,0,0
35250949,male,95,0,15,0,0,0
35250950,female,130,0,25,0,0,0
35250950,male,120,10,10,0,0,0
35250951,female,155,10,0,0,0,0
35250951,male,135,0,10,0,10,0
35250952,female,505,25,25,10,0,0
35250952,male,540,30,50,15,0,0
35250953,female,15,15,20,0,10,0
35250953,male,50,15,15,0,0,0
35250954,female,35,10,40,10,0,0
35250954,male,50,15,20,15,0,0
35250955,female,25,0,20,0,0,0
35250955,male,10,10,15,10,0,0
35250956,female,15,0,15,0,0,10
35250956,male,25,20,0,0,0,0
35250957,female,60,0,20,35,0,0
35250957,male,55,15,20,15,0,0
35250958,female,40,0,40,10,0,10
35250958,male,50,0,20,0,0,0
35250959,female,65,10,30,10,0,0
35250959,male,50,10,30,15,0,0
35250960,female,35,10,20,10,0,0
35250960,male,40,0,10,10,0,0
35250961,female,40,10,45,10,0,0
35250961,male,60,20,25,0,0,0
35250962,female,75,20,20,10,0,0
35250962,male,110,20,10,10,0,0
35250963,female,365,50,165,40,0,15
35250963,male,335,15,90,40,10,20
35250964,female,95,10,35,10,10,0
35250964,male,135,15,10,10,0,0
35250965,female,55,0,20,10,0,0
35250965,male,60,0,10,0,0,0
35250966,female,x,x,x,x,x,x
35250966,male,x,x,x,x,x,x
35250967,female,110,10,10,0,0,0
35250967,male,90,0,0,0,0,0
35250968,female,55,0,65,0,0,0
35250968,male,65,0,45,10,0,0
35250969,female,65,10,45,10,0,0
35250969,male,100,0,20,20,0,0
35250970,female,35,0,60,10,0,0
35250970,male,90,0,0,10,0,0
35250971,female,100,10,0,0,0,0
35250971,male,115,20,0,10,0,0
35250972,female,95,0,10,0,0,0
35250972,male,95,10,0,10,0,0
35250973,female,90,10,0,0,0,0
35250973,male,90,10,0,0,0,0
35250974,female,80,0,0,0,0,0
35250974,male,100,0,0,0,0,10
35250975,female,60,10,0,0,0,0
35250975,male,90,0,10,0,0,10
35250976,female,60,0,0,0,0,0
35250976,male,75,0,10,15,0,0
35250978,female,535,25,20,10,0,0
35250978,male,555,35,10,0,0,0
35250980,female,70,0,0,0,0,0
35250980,male,110,0,0,0,0,0
35250981,female,445,65,50,0,0,0
35250981,male,510,40,15,10,0,0
35250982,female,0,0,0,0,0,0
35250982,male,0,0,0,0,0,0
35250983,female,105,10,0,0,0,0
35250983,male,90,0,10,0,0,0
35250985,female,265,25,10,0,10,0
35250985,male,305,35,10,0,0,0
35250986,female,265,20,35,0,0,0
35250986,male,290,20,15,0,10,0
35250987,female,125,10,35,10,0,0
35250987,male,155,10,15,10,0,0
35250988,female,190,15,50,0,0,0
35250988,male,180,15,20,0,0,0
35250989,female,240,10,45,0,0,0
35250989,male,230,10,25,0,0,0
35250990,female,95,15,10,0,0,10
35250990,male,105,0,0,0,0,0
35250991,female,75,0,25,0,0,0
35250991,male,105,15,20,10,0,0
35250992,female,90,10,0,0,0,0
35250992,male,110,20,15,0,0,0
35250993,female,30,0,0,0,0,0
35250993,male,50,0,0,0,0,0
35250994,female,210,10,10,10,0,0
35250994,male,220,10,20,0,0,10
35250995,female,270,10,60,10,0,0
35250995,male,230,30,60,0,0,10
35250996,female,265,15,30,0,0,0
35250996,male,295,25,0,0,0,10
35250997,female,115,10,0,0,0,0
35250997,male,135,10,0,0,0,0
35250998,female,110,10,0,0,0,0
35250998,male,105,10,10,0,0,0
35250999,female,130,15,15,0,0,0
35250999,male,235,0,20,0,0,0
35251000,female,75,0,10,0,0,0
35251000,male,95,15,0,0,0,0
35251001,female,85,10,10,0,0,10
35251001,male,130,10,15,0,0,0
35251002,female,125,30,15,10,0,0
35251002,male,135,10,25,15,0,10
35251003,female,80,20,0,0,0,0
35251003,male,75,10,0,0,0,0
35251004,female,125,25,20,0,0,0
35251004,male,120,15,0,0,0,0
35251005,female,175,15,10,0,0,10
35251005,male,225,25,15,10,0,0
35251006,female,140,10,10,0,0,0
35251006,male,185,10,0,0,0,0
35251007,female,190,25,0,0,0,0
35251007,male,195,20,10,0,0,0
35251008,female,100,0,10,0,0,0
35251008,male,105,10,0,0,0,0
35251009,female,210,0,10,0,0,0
35251009,male,225,0,15,0,0,10
35251010,female,150,0,10,0,0,0
35251010,male,135,20,0,0,0,0
35251011,female,165,20,0,10,0,0
35251011,male,150,15,0,0,0,0
35251012,female,150,25,10,0,0,0
35251012,male,155,10,10,0,0,0
35251013,female,245,15,15,0,0,0
35251013,male,270,25,0,0,0,0
35251014,female,90,0,0,0,0,0
35251014,male,70,0,10,0,10,0
35251015,female,160,0,20,15,0,0
35251015,male,155,10,10,0,0,0
35251016,female,115,0,15,10,0,0
35251016,male,140,10,10,0,0,0
35251017,female,100,20,0,10,0,10
35251017,male,130,10,0,0,10,0
35251018,female,135,25,25,0,0,0
35251018,male,140,10,15,0,0,0
35251019,female,110,15,0,0,0,0
35251019,male,110,0,0,0,0,0
35251020,female,160,40,10,20,0,0
35251020,male,250,0,15,0,0,0
35251021,female,190,10,15,10,0,10
35251021,male,190,0,0,0,0,10
35251022,female,380,30,10,0,0,0
35251022,male,440,15,10,0,0,0
35251023,female,185,0,20,0,0,0
35251023,male,210,20,10,0,0,0
35251024,female,240,10,10,0,0,0
35251024,male,250,15,15,0,0,0
35251025,female,70,15,30,15,0,0
35251025,male,65,0,0,0,0,10
35251026,female,130,20,0,10,0,0
35251026,male,110,0,10,0,0,0
35260307,female,195,10,0,25,0,0
35260307,male,180,0,0,0,10,0
35260309,female,345,15,0,0,0,0
35260309,male,345,15,10,10,0,0
35260310,female,90,0,0,0,0,0
35260310,male,120,0,0,0,10,0
35260311,female,150,15,0,10,0,0
35260311,male,170,10,10,0,0,0
35260313,female,115,10,0,10,0,0
35260313,male,115,10,0,0,0,0
35260314,female,100,0,0,0,0,0
35260314,male,100,10,0,0,0,0
35260315,female,80,0,0,0,0,0
35260315,male,100,0,0,15,0,0
35260316,female,75,15,0,10,0,0
35260316,male,130,10,0,10,0,0
35260317,female,90,15,10,10,10,0
35260317,male,75,10,0,0,0,0
35260318,female,115,10,0,0,0,0
35260318,male,120,10,0,0,0,0
35260319,female,80,15,0,10,0,0
35260319,male,70,15,0,0,0,0
35260320,female,105,10,0,0,0,10
35260320,male,80,10,0,0,0,0
35260321,female,95,20,0,20,0,0
35260321,male,110,10,0,20,0,0
35260322,female,95,0,0,15,0,10
35260322,male,70,10,0,0,0,0
35260323,female,70,15,10,10,0,0
35260323,male,110,0,0,15,0,0
35260324,female,140,10,0,15,0,0
35260324,male,110,10,10,0,0,0
35260325,female,65,0,0,0,0,0
35260325,male,55,0,0,0,0,0
35260326,female,100,0,0,10,0,0
35260326,male,105,15,0,0,10,0
35260327,female,55,10,10,0,0,0
35260327,male,80,0,0,0,0,0
35260328,female,65,0,0,10,0,0
35260328,male,75,10,0,0,0,0
35260330,female,95,0,0,10,10,0
35260330,male,105,10,0,10,10,0
35260332,female,115,20,0,0,0,0
35260332,male,125,0,0,0,0,0
35260333,female,125,10,0,10,10,0
35260333,male,130,0,0,10,0,0
35260334,female,85,10,0,0,0,0
35260334,male,85,10,0,10,0,0
35260335,female,350,25,15,15,0,0
35260335,male,380,15,10,0,0,0
35260336,female,325,20,15,10,0,10
35260336,male,385,15,15,10,0,0
35260337,female,75,0,0,0,0,10
35260337,male,55,0,0,0,0,0
35260338,female,415,40,10,15,0,0
35260338,male,425,35,15,20,0,0
35260339,female,145,15,10,10,0,0
35260339,male,150,0,0,15,0,0
35260340,female,215,15,15,0,0,10
35260340,male,265,15,0,0,0,0
35260341,female,85,0,0,10,0,10
35260341,male,125,0,0,0,0,0
35260342,female,115,0,0,0,0,0
35260342,male,150,10,0,0,0,0
35260734,female,295,10,0,25,10,0
35260734,male,330,10,10,0,0,0
35260828,female,70,10,10,10,0,0
35260828,male,105,0,0,0,0,0
35260829,female,125,10,0,10,0,0
35260829,male,115,25,0,10,0,0
35260830,female,155,10,0,25,0,0
35260830,male,210,15,0,10,0,0
35260831,female,120,0,0,0,0,0
35260831,male,110,10,10,0,0,0
35260832,female,150,15,10,0,0,0
35260832,male,200,10,0,0,0,0
35260833,female,110,15,0,0,0,10
35260833,male,150,0,10,0,0,0
