,geo_code,1 to 4 rooms,5 rooms,6 rooms,7 rooms,8 or more rooms
0,35240317,130,70,55,30,105
1,35240318,15,45,20,55,140
2,35240319,0,0,10,0,115
3,35240320,250,50,10,0,30
4,35240321,15,30,35,20,150
5,35240322,0,0,15,25,105
6,35240323,0,10,10,10,145
7,35240324,25,40,70,80,75
8,35240325,0,25,20,35,110
9,35240326,0,10,15,60,85
10,35240327,0,15,25,45,95
11,35240328,65,15,15,20,100
12,35240329,10,15,40,60,100
13,35240330,45,25,30,80,50
14,35240331,70,50,75,95,90
15,35240332,30,40,50,40,40
16,35240333,20,10,35,25,70
17,35240334,0,25,30,45,80
18,35240335,20,15,40,30,50
19,35240336,0,35,35,20,70
20,35240337,10,10,20,30,90
21,35240338,65,60,85,65,40
22,35240339,295,125,70,95,95
23,35240340,10,15,35,30,65
24,35240341,15,25,70,65,135
25,35240342,45,45,100,30,105
26,35240343,0,0,10,25,100
27,35240344,0,10,10,0,125
28,35240345,0,20,65,65,50
29,35240346,0,0,30,15,135
30,35240347,0,0,15,65,65
31,35240348,0,15,45,35,60
32,35240349,10,0,30,25,135
33,35240350,10,20,20,65,150
34,35240351,10,35,35,30,105
35,35240352,0,10,40,25,40
36,35240353,35,40,55,35,60
37,35240354,10,25,15,25,35
38,35240355,15,10,30,10,60
39,35240356,0,10,0,15,130
40,35240357,0,0,0,20,110
41,35240358,0,10,20,20,175
42,35240359,10,0,10,15,115
43,35240363,0,20,35,25,105
44,35240364,10,0,10,15,110
45,35240365,0,0,10,20,85
46,35240366,10,0,10,20,165
47,35240367,0,10,10,55,125
48,35240368,0,0,20,45,135
49,35240369,0,15,45,85,105
50,35240370,30,45,10,30,110
51,35240371,0,25,10,35,90
52,35240372,15,25,35,50,55
53,35240373,10,25,30,35,55
54,35240374,0,0,20,35,95
55,35240375,10,0,50,60,90
56,35240376,0,0,55,35,65
57,35240377,0,0,0,35,85
58,35240378,15,10,50,30,75
59,35240379,0,10,15,30,40
60,35240380,0,0,15,15,90
61,35240381,15,50,50,55,345
62,35240382,0,10,10,45,90
63,35240383,0,0,0,15,140
64,35240384,15,20,30,60,100
65,35240385,0,0,0,10,140
66,35240386,0,0,0,0,75
67,35240387,0,0,40,30,140
68,35240388,0,55,45,55,180
69,35240391,30,70,30,20,35
70,35240392,115,35,55,40,80
71,35240393,10,10,25,40,160
72,35240394,10,10,10,25,125
73,35240395,25,30,15,55,110
74,35240396,10,0,20,20,85
75,35240397,805,320,85,100,140
76,35240398,125,80,40,25,95
77,35240399,0,0,35,25,120
78,35240400,60,60,115,85,240
79,35240401,25,60,85,65,125
80,35240402,30,35,10,25,55
81,35240403,15,10,20,10,60
82,35240404,10,10,30,60,155
83,35240405,70,25,25,65,140
84,35240406,10,15,30,20,55
85,35240409,20,40,35,70,20
86,35240410,20,25,15,15,35
87,35240411,10,10,25,35,150
88,35240412,20,0,20,25,70
89,35240413,0,10,35,15,105
90,35240414,15,30,45,45,55
91,35240417,240,75,25,0,10
92,35240420,40,15,50,55,70
93,35240421,105,15,10,30,35
94,35240422,225,85,25,0,15
95,35240423,230,80,20,0,10
96,35240425,50,25,30,40,40
97,35240427,375,165,80,40,15
98,35240428,220,40,25,10,15
99,35240429,185,40,25,0,0
100,35240431,10,10,10,15,105
101,35240432,75,20,30,20,75
102,35240433,30,20,25,50,120
103,35240436,60,30,25,10,15
104,35240437,105,30,30,45,75
105,35240438,35,15,40,40,95
106,35240439,10,40,30,60,70
107,35240440,80,60,30,30,40
108,35240441,85,55,45,30,115
109,35240442,55,10,25,30,85
110,35240443,15,10,40,35,160
111,35240444,85,30,10,30,65
112,35240445,170,30,55,20,40
113,35240446,220,90,30,15,0
114,35240447,235,80,20,10,0
115,35240448,25,15,35,30,120
116,35240449,10,30,40,10,30
117,35240450,70,45,45,30,70
118,35240451,70,45,35,25,70
119,35240452,15,20,35,30,30
120,35240453,0,10,50,50,90
121,35240455,315,75,30,20,10
122,35240459,10,10,15,35,75
123,35240460,0,10,30,50,90
124,35240461,10,0,0,20,120
125,35240462,10,55,10,45,75
126,35240463,0,25,25,75,125
127,35240464,25,30,25,10,40
128,35240465,330,80,25,10,25
129,35240466,85,65,70,55,50
130,35240467,65,15,30,15,155
131,35240468,0,0,10,20,140
132,35240469,115,55,15,10,60
133,35240470,10,10,10,10,170
134,35240471,0,15,15,20,120
135,35240472,0,0,30,35,180
136,35240473,0,15,10,25,135
137,35240474,0,10,25,15,175
138,35240475,10,20,20,65,115
139,35240476,0,0,10,25,155
140,35240477,0,0,15,15,195
141,35240478,0,10,20,30,65
142,35240479,100,15,20,15,50
143,35240480,135,70,45,35,75
144,35240481,0,10,25,40,105
145,35240482,0,15,95,80,110
146,35240483,15,35,35,55,90
147,35240484,80,95,80,75,135
148,35240485,0,0,10,20,105
149,35240486,0,10,35,55,125
150,35240487,0,10,15,0,75
151,35240488,65,85,170,75,85
152,35240489,0,0,35,65,75
153,35240490,10,20,10,10,65
154,35240491,0,10,25,50,130
155,35240492,0,20,110,35,55
156,35240493,200,115,70,25,35
157,35240494,0,0,35,45,75
158,35240495,135,10,40,75,40
159,35240496,0,15,20,45,85
160,35240497,0,10,0,10,120
161,35240498,0,0,30,25,80
162,35240499,0,0,0,40,65
163,35240501,0,10,0,30,55
164,35240503,0,10,20,45,95
165,35240504,10,0,25,45,90
166,35240505,20,25,45,55,60
167,35240506,0,20,50,25,75
168,35240507,10,25,25,40,110
169,35240508,25,30,55,40,110
170,35240509,0,25,80,90,55
171,35240512,120,40,15,10,0
172,35240513,15,20,40,55,65
173,35240516,10,0,10,30,185
174,35240517,0,10,15,60,90
175,35240518,0,10,45,50,160
176,35240519,10,0,15,30,95
177,35240520,10,20,30,65,145
178,35240521,10,10,20,65,130
179,35240522,10,0,15,30,110
180,35240523,0,0,10,30,120
181,35240524,0,0,25,15,140
182,35240525,0,10,15,25,150
183,35240526,0,0,10,20,75
184,35240528,10,20,25,30,55
185,35240529,0,10,25,45,70
186,35240530,0,0,20,40,80
187,35240531,10,0,20,30,90
188,35240532,200,105,70,70,110
189,35240533,0,10,20,35,50
190,35240534,0,50,30,25,55
191,35240535,15,30,20,20,75
192,35240536,140,70,45,30,60
193,35240537,60,50,60,50,30
194,35240538,80,100,95,50,75
195,35240539,90,125,105,40,40
196,35240540,10,20,40,20,80
197,35240541,0,10,15,30,90
198,35240542,50,45,55,35,60
199,35240543,15,20,25,55,100
200,35240544,20,40,25,25,75
201,35240545,10,0,30,65,235
202,35240546,120,110,35,15,35
203,35240590,325,125,40,25,70
204,35240591,275,115,65,15,60
205,35240592,540,175,110,50,20
206,35240593,25,80,85,65,235
207,35240594,25,30,55,75,105
208,35240595,185,70,110,55,105
209,35240596,385,275,110,15,35
210,35240598,775,300,150,35,35
211,35240641,0,15,20,30,110
212,35240642,0,0,25,20,115
213,35240643,0,10,45,30,140
214,35240644,0,10,20,20,130
215,35240645,0,10,20,20,100
216,35240647,50,25,20,20,120
217,35240648,60,60,115,60,40
218,35240649,15,15,60,60,75
219,35240650,0,10,35,30,170
220,35240651,10,30,15,45,95
221,35240654,0,0,10,25,135
222,35240655,15,40,55,90,290
223,35240656,0,0,0,10,115
224,35240659,105,110,80,35,50
225,35240660,10,40,85,65,40
226,35240661,0,0,25,40,85
227,35240662,310,215,160,155,105
228,35240663,0,10,30,20,120
229,35240664,25,20,10,35,125
230,35240665,10,10,10,25,105
231,35240666,230,100,25,15,90
232,35240667,0,10,45,20,145
233,35240668,0,20,55,50,40
234,35240669,0,40,85,75,115
235,35240670,20,10,55,75,65
236,35240671,15,35,45,50,70
237,35240672,0,30,50,65,105
238,35240673,10,25,65,30,20
239,35240674,0,20,45,30,150
240,35240675,15,20,75,60,185
241,35240676,145,45,50,40,95
242,35240677,10,10,30,30,60
243,35240678,280,230,120,35,35
244,35240679,35,60,110,20,25
245,35240680,285,130,60,40,30
246,35240681,100,40,65,35,0
247,35240682,10,65,60,80,60
248,35240683,0,25,50,55,110
249,35240684,320,75,15,0,0
250,35240685,75,50,65,100,130
251,35240686,10,20,55,55,205
252,35240756,25,25,25,55,85
253,35240757,0,15,40,45,95
254,35240758,10,45,75,50,165
255,35240759,0,25,35,55,100
256,35240780,0,30,70,80,200
257,35240782,30,35,60,65,80
258,35240783,0,15,15,10,95
259,35240785,10,30,45,10,190
260,35240807,150,90,70,35,95
261,35240808,275,175,85,20,10
262,35240809,10,0,10,0,10
263,35240898,45,185,245,155,330
264,35240903,x,x,x,x,x
265,35240904,60,115,100,105,185
266,35250030,0,25,25,30,65
267,35250031,20,10,40,25,70
268,35250032,35,15,45,30,115
269,35250033,10,0,0,35,150
270,35250034,45,10,35,70,125
271,35250035,30,30,35,35,40
272,35250036,40,30,15,30,120
273,35250037,80,55,10,25,75
274,35250038,175,130,55,45,15
275,35250039,220,50,15,0,10
276,35250040,110,30,15,40,30
277,35250041,120,45,20,30,35
278,35250042,30,30,15,10,15
279,35250043,50,15,45,55,110
280,35250044,10,15,15,40,90
281,35250045,155,45,20,10,10
282,35250046,20,0,10,40,115
283,35250047,45,15,30,45,120
284,35250048,0,0,0,30,70
285,35250049,0,20,25,30,75
286,35250050,0,0,30,30,105
287,35250051,45,45,60,105,280
288,35250052,0,0,10,40,75
289,35250053,10,10,25,40,185
290,35250054,10,10,20,20,80
291,35250055,25,25,55,65,125
292,35250056,0,0,0,0,60
293,35250059,30,70,45,75,170
294,35250060,15,10,45,55,135
295,35250061,0,20,10,15,100
296,35250062,25,20,20,45,105
297,35250064,15,30,35,20,200
298,35250065,10,0,10,10,150
299,35250066,0,15,15,15,105
300,35250067,0,10,20,20,145
301,35250070,0,20,30,35,100
302,35250073,0,10,45,45,65
303,35250074,0,0,15,20,65
304,35250075,10,30,10,30,75
305,35250077,25,45,30,40,65
306,35250078,0,0,30,25,70
307,35250079,0,0,25,25,55
308,35250080,20,10,50,45,95
309,35250081,45,60,65,90,125
310,35250082,0,10,15,15,50
311,35250083,10,35,50,65,70
312,35250084,10,15,10,35,45
313,35250085,15,0,10,10,70
314,35250086,0,15,50,35,60
315,35250087,0,40,20,50,85
316,35250088,0,10,40,45,65
317,35250089,180,70,30,10,10
318,35250093,0,30,25,30,120
319,35250094,15,30,45,25,20
320,35250095,0,10,30,40,90
321,35250096,10,25,50,45,65
322,35250097,0,0,0,10,110
323,35250098,0,0,0,10,65
324,35250099,20,15,35,10,210
325,35250100,0,10,20,25,130
326,35250101,0,10,10,30,115
327,35250102,0,0,10,10,90
328,35250105,10,35,35,55,115
329,35250106,10,20,35,30,90
330,35250107,0,20,30,30,110
331,35250108,10,30,50,40,70
332,35250109,15,20,55,45,135
333,35250110,10,15,50,50,90
334,35250111,140,30,35,50,70
335,35250112,10,15,20,40,80
336,35250113,15,15,15,25,50
337,35250114,0,10,30,25,70
338,35250115,145,120,125,90,85
339,35250116,10,15,60,75,80
340,35250117,0,25,10,30,20
341,35250118,0,15,20,35,50
342,35250119,10,20,30,70,55
343,35250120,0,20,40,55,30
344,35250121,10,30,50,40,55
345,35250122,0,0,10,30,85
346,35250123,0,0,0,15,90
347,35250124,10,25,40,25,75
348,35250125,0,10,25,20,60
349,35250126,70,30,45,40,45
350,35250127,25,65,110,80,205
351,35250128,0,0,15,20,85
352,35250129,0,0,0,30,75
353,35250130,0,0,20,25,65
354,35250133,125,80,30,0,10
355,35250134,35,40,30,25,130
356,35250135,35,70,120,145,185
357,35250136,10,15,20,10,65
358,35250137,0,10,25,25,70
359,35250144,15,40,65,115,290
360,35250145,10,10,0,35,75
361,35250146,0,15,15,30,220
362,35250147,20,0,30,50,55
363,35250148,20,15,20,35,85
364,35250149,0,20,10,15,140
365,35250150,45,10,50,35,90
366,35250151,10,0,10,15,135
367,35250152,90,60,45,25,330
368,35250153,0,10,15,35,160
369,35250156,0,10,0,35,85
370,35250158,0,10,10,10,135
371,35250159,0,0,10,15,120
372,35250160,0,0,15,15,95
373,35250161,10,10,15,25,180
374,35250162,0,10,25,20,100
375,35250163,30,10,10,30,120
376,35250164,95,25,15,10,105
377,35250172,0,10,20,25,105
378,35250173,40,25,45,105,180
379,35250175,60,110,110,65,145
380,35250176,10,45,30,55,80
381,35250177,10,65,55,40,70
382,35250178,15,15,25,40,90
383,35250179,10,10,30,45,105
384,35250180,60,105,130,90,135
385,35250181,10,15,0,35,70
386,35250183,0,10,15,20,45
387,35250184,0,10,30,25,50
388,35250185,10,20,20,30,45
389,35250186,0,10,25,15,60
390,35250188,20,40,95,45,80
391,35250189,0,0,15,45,110
392,35250190,10,15,40,25,45
393,35250191,10,55,60,60,80
394,35250192,30,85,110,70,185
395,35250193,0,0,15,15,85
396,35250194,10,10,25,30,80
397,35250196,0,0,35,75,60
398,35250197,0,15,30,40,100
399,35250199,235,225,215,125,250
400,35250200,50,40,25,25,95
401,35250201,0,0,10,25,65
402,35250202,140,155,70,60,20
403,35250203,145,80,50,50,90
404,35250204,165,105,85,15,0
405,35250205,0,0,15,25,45
406,35250206,10,25,60,100,50
407,35250207,10,0,25,35,30
408,35250208,0,10,20,25,105
409,35250209,0,10,30,10,90
410,35250210,10,15,35,35,90
411,35250211,85,80,30,15,0
412,35250212,85,40,50,25,35
413,35250213,10,10,25,50,80
414,35250216,10,10,20,25,80
415,35250217,60,45,40,0,70
416,35250218,30,35,45,45,45
417,35250221,265,40,10,10,0
418,35250222,0,20,45,35,100
419,35250223,10,15,50,25,95
420,35250224,60,45,35,30,10
421,35250225,20,15,20,30,65
422,35250226,215,65,40,15,0
423,35250227,155,60,40,10,15
424,35250230,15,35,40,45,65
425,35250231,0,45,40,50,110
426,35250232,105,100,45,30,25
427,35250233,40,15,30,45,80
428,35250234,15,0,35,30,35
429,35250238,225,55,15,10,15
430,35250239,0,0,15,55,50
431,35250240,175,65,15,0,0
432,35250241,0,25,15,15,30
433,35250242,x,x,x,x,x
434,35250243,205,95,35,50,95
435,35250248,25,15,30,40,185
436,35250249,185,35,40,10,45
437,35250250,10,40,30,30,80
438,35250251,80,70,15,15,15
439,35250254,145,40,30,50,60
440,35250255,90,65,20,15,55
441,35250256,95,35,45,35,70
442,35250257,245,85,20,0,40
443,35250258,255,55,30,10,75
444,35250259,15,30,40,45,65
445,35250260,185,50,50,20,25
446,35250261,185,40,15,10,20
447,35250262,25,65,75,60,85
448,35250263,20,30,45,30,165
449,35250264,0,10,10,40,70
450,35250265,10,10,20,25,90
451,35250266,0,15,35,15,75
452,35250267,0,35,45,35,80
453,35250269,0,10,30,15,35
454,35250270,0,0,15,15,90
455,35250271,10,10,10,20,95
456,35250272,115,15,20,0,60
457,35250273,10,10,10,30,85
458,35250274,30,40,120,110,90
459,35250275,20,25,40,15,65
460,35250276,25,45,35,55,75
461,35250277,25,15,55,30,45
462,35250278,0,10,10,40,100
463,35250279,0,25,45,35,135
464,35250280,10,10,15,35,75
465,35250281,60,25,25,15,65
466,35250282,0,0,45,40,110
467,35250283,15,40,25,45,105
468,35250284,0,25,45,20,50
469,35250285,55,25,70,25,125
470,35250286,0,0,15,25,90
471,35250287,0,30,20,35,150
472,35250288,25,10,25,30,60
473,35250289,0,35,30,40,100
474,35250290,10,25,55,45,70
475,35250291,45,45,65,65,120
476,35250293,90,70,40,80,120
477,35250294,0,15,25,60,45
478,35250295,0,0,15,15,85
479,35250296,0,0,10,15,150
480,35250297,20,0,35,45,110
481,35250298,0,0,15,15,125
482,35250299,0,10,0,25,150
483,35250300,10,20,35,30,195
484,35250302,0,10,25,25,115
485,35250303,10,0,25,20,130
486,35250304,0,25,50,35,95
487,35250305,15,15,30,50,95
488,35250306,25,10,25,25,45
489,35250307,15,30,25,50,60
490,35250308,30,55,75,40,130
491,35250309,0,0,10,15,75
492,35250310,10,0,0,0,105
493,35250311,15,35,45,55,60
494,35250312,0,10,35,20,65
495,35250313,75,60,45,45,80
496,35250315,80,250,85,15,0
497,35250316,30,85,80,45,50
498,35250317,10,50,35,50,70
499,35250318,10,0,0,10,25
500,35250319,80,55,25,25,10
501,35250320,10,15,60,45,70
502,35250321,30,20,25,25,40
503,35250322,50,15,25,50,25
504,35250323,30,75,50,20,45
505,35250324,85,95,75,35,15
506,35250326,10,40,25,40,25
507,35250327,20,100,75,15,40
508,35250328,25,35,25,30,50
509,35250329,35,20,65,35,45
510,35250330,30,35,40,10,35
511,35250331,20,45,45,45,10
512,35250332,20,35,30,40,75
513,35250333,25,30,65,50,80
514,35250334,115,15,45,25,85
515,35250335,40,20,45,25,55
516,35250336,35,25,45,35,50
517,35250337,170,80,65,20,80
518,35250338,235,130,25,15,15
519,35250339,50,20,45,45,75
520,35250340,10,20,35,20,40
521,35250341,205,20,35,20,45
522,35250342,10,25,40,35,65
523,35250343,10,25,80,55,45
524,35250344,20,10,40,20,115
525,35250345,10,0,40,35,80
526,35250346,10,25,50,25,75
527,35250347,15,10,65,30,60
528,35250348,0,10,20,25,130
529,35250349,0,0,40,20,115
530,35250350,170,70,25,20,55
531,35250351,170,40,15,0,0
532,35250352,95,35,35,15,70
533,35250353,190,60,40,10,15
534,35250354,0,15,40,70,90
535,35250355,10,30,65,35,95
536,35250356,25,30,25,50,115
537,35250357,10,20,65,50,55
538,35250358,55,20,90,50,45
539,35250359,35,45,20,35,65
540,35250360,20,35,70,30,50
541,35250361,10,30,60,40,75
542,35250362,40,60,60,40,20
543,35250363,90,40,35,20,20
544,35250364,60,30,25,10,0
545,35250365,410,95,35,30,40
546,35250366,290,75,20,20,15
547,35250367,65,25,55,40,40
548,35250368,110,35,40,15,55
549,35250369,10,45,55,50,55
550,35250370,45,30,40,25,25
551,35250371,15,50,60,45,50
552,35250372,10,60,35,30,65
553,35250373,20,20,40,40,35
554,35250374,0,30,45,60,45
555,35250375,45,55,40,15,80
556,35250376,15,65,65,20,50
557,35250377,30,30,20,50,120
558,35250378,15,25,75,55,50
559,35250379,35,35,35,30,35
560,35250380,0,40,15,25,110
561,35250381,10,15,40,45,80
562,35250382,10,45,45,55,65
563,35250383,305,30,10,0,10
564,35250384,0,25,30,35,70
565,35250385,40,15,35,20,80
566,35250387,0,0,10,20,115
567,35250388,30,15,0,50,110
568,35250389,40,15,25,15,75
569,35250390,120,25,35,20,55
570,35250391,170,50,20,35,25
571,35250392,105,25,15,30,90
572,35250393,200,40,10,25,0
573,35250394,310,55,25,10,10
574,35250395,365,40,15,10,0
575,35250396,290,60,15,0,0
576,35250397,275,55,10,0,0
577,35250398,245,0,0,0,0
578,35250399,695,10,0,0,0
579,35250400,335,90,10,10,0
580,35250401,290,65,25,0,10
581,35250402,130,55,20,20,35
582,35250403,270,35,20,60,30
583,35250404,60,30,30,30,40
584,35250405,70,40,40,40,20
585,35250406,240,50,45,10,30
586,35250407,155,35,30,20,30
587,35250408,115,40,25,35,20
588,35250409,150,10,10,20,40
589,35250410,30,50,45,25,45
590,35250411,35,20,80,45,35
591,35250412,310,10,15,20,30
592,35250413,60,45,55,35,45
593,35250416,50,55,70,30,25
594,35250417,185,35,0,0,20
595,35250418,255,45,0,0,10
596,35250419,265,40,10,0,10
597,35250420,410,85,40,10,10
598,35250421,370,50,10,0,0
599,35250422,540,25,10,0,15
600,35250423,395,25,15,0,0
601,35250424,315,95,15,0,0
602,35250425,395,70,35,20,15
603,35250426,115,50,20,10,65
604,35250427,105,40,10,0,25
605,35250428,240,25,0,0,0
606,35250429,170,15,10,10,10
607,35250430,200,10,20,20,15
608,35250431,290,35,0,10,0
609,35250434,645,70,35,25,0
610,35250435,170,30,20,15,10
611,35250436,240,20,30,15,20
612,35250437,200,30,10,0,35
613,35250438,160,25,20,0,10
614,35250439,220,45,10,0,10
615,35250440,400,15,15,0,10
616,35250441,285,15,25,0,10
617,35250442,125,45,25,50,65
618,35250443,40,25,55,50,30
619,35250444,215,30,20,15,40
620,35250445,10,15,35,30,70
621,35250446,45,35,55,30,75
622,35250447,60,10,15,20,40
623,35250448,240,30,20,15,65
624,35250449,115,35,10,15,35
625,35250450,90,15,30,20,40
626,35250451,90,10,20,0,15
627,35250452,75,20,25,15,20
628,35250453,115,20,25,10,25
629,35250454,255,70,25,10,15
630,35250455,195,25,15,10,25
631,35250456,225,85,25,0,0
632,35250457,x,x,x,x,x
633,35250458,145,70,15,10,0
634,35250459,215,45,35,20,35
635,35250460,30,15,30,20,50
636,35250461,45,45,30,25,25
637,35250462,40,35,30,15,45
638,35250463,125,10,20,20,25
639,35250464,50,45,10,15,25
640,35250465,210,40,10,10,0
641,35250466,45,25,30,15,40
642,35250467,485,20,0,10,0
643,35250468,195,20,0,15,10
644,35250471,35,30,15,25,30
645,35250472,110,35,50,15,20
646,35250473,50,35,10,20,40
647,35250474,145,65,50,15,35
648,35250475,120,20,35,35,25
649,35250476,55,25,10,15,45
650,35250477,90,25,35,40,15
651,35250478,60,25,20,25,40
652,35250479,60,55,30,35,50
653,35250480,75,40,30,35,30
654,35250481,30,20,35,35,25
655,35250482,15,30,40,30,40
656,35250483,15,40,55,15,35
657,35250484,40,30,45,20,20
658,35250485,50,45,40,20,30
659,35250486,135,80,40,10,35
660,35250487,40,30,25,20,40
661,35250488,35,15,35,35,45
662,35250489,15,35,30,40,10
663,35250490,10,20,40,45,45
664,35250491,10,30,30,15,10
665,35250492,30,15,50,20,35
666,35250493,55,35,40,25,10
667,35250494,65,70,40,10,10
668,35250495,45,40,70,30,15
669,35250496,70,30,15,15,25
670,35250497,100,30,45,40,60
671,35250498,75,40,40,40,55
672,35250499,95,20,45,45,40
673,35250501,35,25,30,45,80
674,35250502,10,45,35,35,80
675,35250503,105,45,0,40,50
676,35250504,245,40,20,0,0
677,35250506,25,40,35,35,60
678,35250507,55,50,60,20,40
679,35250508,15,25,30,25,105
680,35250509,45,30,35,25,100
681,35250510,45,25,30,20,90
682,35250511,115,35,65,45,60
683,35250512,90,20,40,15,60
684,35250513,75,60,35,45,45
685,35250514,20,50,70,70,160
686,35250515,0,15,25,0,105
687,35250516,10,15,50,50,170
688,35250517,10,10,20,45,60
689,35250518,10,20,10,15,70
690,35250519,10,55,15,65,100
691,35250520,20,35,65,65,75
692,35250521,10,20,50,50,85
693,35250522,0,0,10,20,60
694,35250523,10,20,25,35,90
695,35250524,10,30,35,20,40
696,35250525,20,10,15,30,80
697,35250526,270,150,55,35,35
698,35250527,0,20,20,70,65
699,35250528,0,20,50,10,95
700,35250529,10,55,30,20,55
701,35250530,20,40,45,20,50
702,35250531,10,15,35,60,55
703,35250532,0,20,20,50,60
704,35250533,290,40,10,10,30
705,35250534,100,40,25,30,40
706,35250535,15,30,45,35,55
707,35250536,105,35,15,30,50
708,35250537,100,30,55,25,70
709,35250538,20,55,45,30,85
710,35250539,40,40,50,45,75
711,35250540,25,40,55,75,65
712,35250541,15,45,35,45,60
713,35250542,50,25,20,45,85
714,35250545,15,25,25,35,55
715,35250546,190,45,10,10,10
716,35250547,20,15,40,10,85
717,35250548,160,50,45,10,35
718,35250549,80,45,30,25,45
719,35250550,15,25,45,45,55
720,35250551,40,60,30,25,55
721,35250552,20,10,60,35,20
722,35250553,30,35,40,25,65
723,35250554,45,40,40,40,30
724,35250555,20,20,35,45,55
725,35250556,30,25,40,65,60
726,35250557,60,75,55,40,60
727,35250558,10,35,45,25,75
728,35250559,15,20,55,30,75
729,35250560,190,55,15,15,55
730,35250561,15,45,30,35,45
731,35250562,40,50,20,40,65
732,35250563,125,55,35,15,35
733,35250564,30,35,45,65,60
734,35250565,25,10,75,65,100
735,35250566,0,45,35,20,65
736,35250567,110,45,10,50,40
737,35250568,150,35,50,25,65
738,35250569,10,0,50,15,105
739,35250570,0,15,20,65,80
740,35250571,150,80,10,15,15
741,35250572,20,45,45,35,65
742,35250573,55,40,55,75,155
743,35250574,0,0,10,35,75
744,35250578,30,50,40,50,55
745,35250579,10,0,10,50,80
746,35250580,30,25,25,0,20
747,35250581,20,40,50,45,110
748,35250582,20,35,75,40,55
749,35250583,10,40,45,15,80
750,35250585,25,0,35,30,85
751,35250586,25,40,70,75,215
752,35250587,0,0,0,40,70
753,35250588,20,15,15,30,75
754,35250589,0,20,25,70,100
755,35250590,0,20,10,35,75
756,35250591,0,25,25,30,140
757,35250592,10,15,40,30,95
758,35250593,0,35,50,10,35
759,35250594,10,15,25,40,105
760,35250595,0,10,10,40,95
761,35250596,10,25,30,75,70
762,35250597,0,20,15,40,65
763,35250598,0,25,30,35,60
764,35250599,145,70,55,0,0
765,35250600,45,15,15,15,55
766,35250601,280,35,30,20,35
767,35250602,135,75,25,20,15
768,35250603,10,0,40,45,150
769,35250604,15,55,55,35,55
770,35250605,10,25,35,25,55
771,35250606,30,20,45,40,75
772,35250607,10,20,60,35,65
773,35250608,15,40,60,15,0
774,35250609,0,30,45,45,65
775,35250610,0,15,25,40,95
776,35250611,20,15,30,35,60
777,35250612,20,35,50,50,75
778,35250613,15,95,120,110,45
779,35250614,0,10,20,20,55
780,35250615,0,10,40,15,75
781,35250616,0,0,25,20,25
782,35250617,25,40,35,35,45
783,35250618,0,15,10,10,50
784,35250619,10,45,25,25,65
785,35250620,0,0,35,25,60
786,35250621,55,35,55,35,115
787,35250622,10,30,60,55,0
788,35250623,10,15,20,45,50
789,35250624,105,15,15,30,75
790,35250625,20,35,35,20,60
791,35250626,10,20,45,60,80
792,35250627,15,25,40,40,55
793,35250628,160,0,15,10,60
794,35250629,190,50,35,40,115
795,35250630,0,10,25,35,75
796,35250631,0,15,55,25,90
797,35250632,210,20,50,10,20
798,35250633,0,0,15,20,60
799,35250634,90,50,60,30,45
800,35250635,10,20,25,40,40
801,35250636,30,30,75,60,120
802,35250637,155,40,60,70,125
803,35250638,0,10,30,10,35
804,35250639,0,20,35,40,95
805,35250640,60,25,25,30,45
806,35250641,10,25,20,30,60
807,35250642,15,60,35,20,45
808,35250643,0,0,15,30,105
809,35250644,0,0,0,15,80
810,35250645,0,0,20,25,150
811,35250646,15,20,50,40,135
812,35250647,20,75,95,20,80
813,35250648,25,65,45,70,105
814,35250649,15,20,65,40,80
815,35250650,35,25,10,25,75
816,35250651,0,0,20,10,75
817,35250652,0,0,40,35,120
818,35250655,20,85,90,85,255
819,35250656,10,40,55,25,55
820,35250657,10,40,30,30,105
821,35250658,0,0,0,20,80
822,35250659,10,30,25,35,85
823,35250661,20,35,75,95,170
824,35250662,20,80,70,105,270
825,35250663,10,25,45,60,95
826,35250664,10,10,50,20,90
827,35250665,10,20,30,45,75
828,35250666,10,0,45,25,95
829,35250667,15,15,30,10,20
830,35250668,70,10,15,20,60
831,35250669,10,15,30,20,55
832,35250670,10,10,15,20,50
833,35250671,35,20,30,0,60
834,35250672,20,10,35,35,65
835,35250675,30,25,40,15,90
836,35250676,20,15,30,35,45
837,35250677,10,10,15,25,115
838,35250678,0,0,0,15,150
839,35250679,50,25,30,15,95
840,35250680,15,15,50,20,75
841,35250681,20,55,25,35,170
842,35250692,10,60,20,50,35
843,35250693,45,30,25,20,30
844,35250694,40,30,40,35,30
845,35250695,65,25,20,15,25
846,35250696,40,15,50,15,30
847,35250700,70,40,25,25,45
848,35250701,20,15,35,55,80
849,35250702,20,25,55,30,75
850,35250703,30,35,55,50,35
851,35250704,40,25,55,35,90
852,35250705,20,35,50,50,65
853,35250706,25,25,65,50,35
854,35250707,15,30,40,30,45
855,35250708,85,55,70,35,50
856,35250709,25,25,60,45,50
857,35250710,45,30,50,45,20
858,35250711,30,25,45,25,35
859,35250712,15,30,40,25,45
860,35250713,50,15,25,40,25
861,35250714,70,20,30,50,40
862,35250715,80,15,35,25,55
863,35250716,130,25,10,20,70
864,35250717,65,35,45,40,70
865,35250718,90,25,20,10,65
866,35250719,70,35,15,20,50
867,35250720,105,45,30,20,60
868,35250721,110,10,20,35,55
869,35250724,70,10,30,10,90
870,35250725,25,10,10,20,95
871,35250726,75,30,35,50,60
872,35250727,10,10,25,15,40
873,35250728,25,30,60,45,50
874,35250729,65,55,45,10,50
875,35250730,250,20,50,20,20
876,35250731,150,70,35,20,30
877,35250732,25,0,25,25,85
878,35250733,20,15,25,30,140
879,35250734,105,45,35,20,75
880,35250735,10,30,20,60,70
881,35250736,15,10,25,65,95
882,35250737,15,15,60,45,55
883,35250738,20,25,35,35,85
884,35250739,50,35,30,45,65
885,35250740,40,55,45,60,45
886,35250741,30,40,65,60,40
887,35250742,20,35,35,45,85
888,35250743,35,20,65,30,40
889,35250744,80,50,55,40,80
890,35250745,30,70,35,15,40
891,35250746,15,50,45,30,35
892,35250747,45,15,35,25,30
893,35250748,30,40,50,20,45
894,35250749,40,55,15,15,50
895,35250750,55,45,40,40,50
896,35250753,30,35,50,25,50
897,35250754,10,40,50,25,55
898,35250755,30,35,35,35,40
899,35250756,20,40,55,30,55
900,35250757,55,65,40,35,35
901,35250758,40,40,50,20,20
902,35250759,40,35,60,35,20
903,35250760,45,50,40,20,50
904,35250761,55,45,80,20,15
905,35250762,120,50,45,20,40
906,35250763,55,35,55,50,30
907,35250764,25,35,60,50,35
908,35250765,45,60,45,35,35
909,35250766,40,75,40,35,40
910,35250767,25,70,20,25,30
911,35250768,25,70,55,15,20
912,35250769,65,50,30,30,45
913,35250770,185,35,20,10,10
914,35250771,55,50,65,35,20
915,35250772,50,60,40,25,20
916,35250773,65,40,40,30,50
917,35250774,30,55,55,30,25
918,35250775,40,50,50,40,40
919,35250776,40,25,50,30,30
920,35250777,80,25,80,10,35
921,35250778,40,30,65,35,30
922,35250779,50,60,15,10,35
923,35250780,45,30,50,25,30
924,35250781,55,50,50,35,15
925,35250782,45,45,35,15,45
926,35250783,75,35,65,40,25
927,35250784,20,55,45,40,40
928,35250785,30,40,55,60,40
929,35250786,25,25,45,60,45
930,35250787,25,70,105,70,60
931,35250788,50,50,45,15,65
932,35250789,20,15,35,45,105
933,35250790,10,25,50,55,95
934,35250791,0,35,20,75,50
935,35250792,65,25,35,40,50
936,35250793,20,20,20,50,75
937,35250798,40,10,20,20,45
938,35250799,35,30,35,35,25
939,35250800,40,25,50,20,60
940,35250801,165,140,85,25,50
941,35250802,55,40,30,45,40
942,35250803,15,50,45,35,30
943,35250804,90,160,165,165,325
944,35250805,15,65,110,95,130
945,35250806,10,0,15,25,75
946,35250807,20,60,60,60,160
947,35250810,10,30,60,65,175
948,35250812,10,0,15,50,85
949,35250813,10,25,35,35,95
950,35250814,0,10,25,30,110
951,35250815,55,95,90,110,225
952,35250826,65,35,55,40,140
953,35250827,10,20,25,20,55
954,35250828,20,15,20,15,50
955,35250829,90,15,25,60,65
956,35250830,85,45,40,25,40
957,35250831,255,190,55,45,60
958,35250832,105,50,15,0,0
959,35250833,0,0,15,20,85
960,35250834,0,0,20,60,70
961,35250835,25,30,35,30,60
962,35250836,35,30,50,40,30
963,35250843,25,45,75,75,150
964,35250845,750,130,50,25,20
965,35250846,560,70,25,10,15
966,35250847,210,45,10,10,0
967,35250848,165,60,55,35,95
968,35250849,10,35,100,85,180
969,35250850,280,65,30,65,60
970,35250851,720,205,65,40,35
971,35250852,500,245,90,15,20
972,35250853,325,95,30,20,0
973,35250854,440,65,15,0,0
974,35250855,350,70,10,10,25
975,35250857,0,40,50,75,45
976,35250859,110,15,35,50,85
977,35250860,40,85,130,115,220
978,35250861,0,10,20,50,70
979,35250862,0,20,25,35,130
980,35250863,10,10,15,25,75
981,35250864,65,10,30,15,95
982,35250865,40,25,25,25,95
983,35250866,10,10,25,25,110
984,35250867,0,0,10,25,130
985,35250868,0,10,0,35,80
986,35250869,10,0,10,25,140
987,35250870,25,10,40,30,180
988,35250871,0,15,10,40,110
989,35250872,10,15,20,20,180
990,35250873,0,15,50,40,145
991,35250874,10,20,15,30,150
992,35250875,10,25,55,35,120
993,35250876,10,15,15,25,70
994,35250877,0,15,30,15,110
995,35250878,0,20,30,25,100
996,35250879,80,45,30,30,105
997,35250880,85,35,30,20,65
998,35250881,165,35,30,35,35
999,35250882,75,45,50,35,130
1000,35250883,10,30,45,50,75
1001,35250884,0,15,30,55,80
1002,35250885,0,0,10,15,140
1003,35250886,10,10,15,35,110
1004,35250887,0,15,25,35,155
1005,35250888,0,10,10,45,120
1006,35250889,10,30,45,50,65
1007,35250890,0,0,15,0,105
1008,35250891,0,0,10,10,120
1009,35250892,70,155,275,180,260
1010,35250893,10,0,35,15,120
1011,35250894,0,10,20,30,115
1012,35250895,0,15,55,20,115
1013,35250896,15,15,15,35,90
1014,35250897,0,0,55,50,90
1015,35250898,10,0,25,20,105
1016,35250899,0,15,30,25,100
1017,35250900,0,0,10,40,65
1018,35250901,0,10,45,25,105
1019,35250902,15,15,25,35,95
1020,35250903,25,15,20,65,110
1021,35250904,10,10,25,55,115
1022,35250905,40,30,10,25,115
1023,35250906,10,15,25,35,90
1024,35250907,10,25,10,20,75
1025,35250908,15,20,20,25,100
1026,35250909,35,45,120,115,240
1027,35250910,15,30,60,60,260
1028,35250911,15,15,20,30,115
1029,35250912,0,25,20,45,115
1030,35250913,10,95,40,35,90
1031,35250914,20,20,35,40,85
1032,35250918,245,250,275,185,145
1033,35250919,0,20,45,35,115
1034,35250920,15,40,60,105,205
1035,35250921,15,30,60,65,120
1036,35250922,10,25,50,30,130
1037,35250923,15,20,20,40,65
1038,35250924,10,0,35,30,80
1039,35250925,0,20,40,50,100
1040,35250928,10,0,25,30,95
1041,35250929,10,15,35,45,130
1042,35250930,0,30,30,50,110
1043,35250931,10,0,45,35,135
1044,35250932,50,85,35,15,50
1045,35250933,0,20,30,20,95
1046,35250934,0,15,25,30,75
1047,35250935,125,115,125,95,75
1048,35250936,0,10,20,30,95
1049,35250937,30,10,55,70,210
1050,35250938,15,30,35,45,140
1051,35250939,15,10,35,25,135
1052,35250940,0,20,30,30,95
1053,35250941,20,35,40,30,155
1054,35250942,20,35,20,30,75
1055,35250943,10,30,50,90,165
1056,35250944,20,10,25,45,75
1057,35250945,10,30,15,45,130
1058,35250946,35,40,25,20,95
1059,35250947,20,40,45,25,110
1060,35250948,0,60,65,65,215
1061,35250949,0,0,25,40,85
1062,35250950,0,10,30,45,70
1063,35250951,0,0,35,50,90
1064,35250952,45,95,230,175,200
1065,35250953,60,20,20,25,25
1066,35250954,30,15,20,45,70
1067,35250955,75,45,15,10,0
1068,35250956,460,10,10,10,15
1069,35250957,70,55,30,35,45
1070,35250958,95,30,30,10,60
1071,35250959,95,35,0,10,65
1072,35250960,70,10,20,40,35
1073,35250961,70,10,15,30,60
1074,35250962,170,25,30,25,50
1075,35250963,1050,365,105,15,20
1076,35250964,65,45,45,40,100
1077,35250965,85,15,40,30,20
1078,35250966,x,x,x,x,x
1079,35250967,10,20,35,55,70
1080,35250968,10,25,30,25,70
1081,35250969,15,15,35,45,75
1082,35250970,175,25,20,10,0
1083,35250971,15,10,35,35,75
1084,35250972,10,30,15,20,90
1085,35250973,10,20,25,40,65
1086,35250974,0,15,30,20,70
1087,35250975,0,0,35,30,75
1088,35250976,10,10,25,10,65
1089,35250978,50,85,175,135,290
1090,35250980,0,0,25,35,50
1091,35250981,45,60,100,120,340
1092,35250982,115,55,25,25,10
1093,35250983,0,0,20,45,80
1094,35250985,0,20,50,45,240
1095,35250986,10,15,30,25,345
1096,35250987,10,25,60,105,90
1097,35250988,20,60,95,90,70
1098,35250989,20,75,100,85,80
1099,35250990,70,35,30,20,80
1100,35250991,25,30,40,45,110
1101,35250992,10,10,15,35,80
1102,35250993,0,0,10,20,30
1103,35250994,50,60,90,65,110
1104,35250995,465,175,130,55,45
1105,35250996,15,45,65,105,180
1106,35250997,70,140,150,100,115
1107,35250998,10,25,30,35,125
1108,35250999,0,10,25,55,255
1109,35251000,10,10,10,20,70
1110,35251001,0,10,10,20,120
1111,35251002,15,15,55,40,65
1112,35251003,0,20,45,25,55
1113,35251004,20,50,45,35,55
1114,35251005,0,25,20,30,205
1115,35251006,10,15,35,75,180
1116,35251007,35,70,55,45,125
1117,35251008,0,10,15,20,105
1118,35251009,25,45,75,65,115
1119,35251010,10,25,25,35,110
1120,35251011,0,35,25,45,95
1121,35251012,0,10,25,30,105
1122,35251013,10,30,60,20,150
1123,35251014,0,10,15,10,70
1124,35251015,10,15,25,50,125
1125,35251016,0,15,30,50,75
1126,35251017,10,10,35,45,55
1127,35251018,35,45,55,55,65
1128,35251019,10,10,10,20,90
1129,35251020,20,45,75,60,100
1130,35251021,10,40,55,65,75
1131,35251022,20,60,100,155,255
1132,35251023,15,50,50,25,160
1133,35251024,10,55,70,70,165
1134,35251025,130,95,30,15,40
1135,35251026,10,10,65,80,85
1136,35260307,15,15,25,65,175
1137,35260309,25,50,50,65,295
1138,35260310,10,10,25,25,90
1139,35260311,30,55,80,80,145
1140,35260313,25,40,40,50,70
1141,35260314,10,0,15,40,130
1142,35260315,20,35,30,15,70
1143,35260316,60,45,35,30,65
1144,35260317,10,10,25,60,70
1145,35260318,10,15,45,25,95
1146,35260319,25,15,30,35,60
1147,35260320,10,30,25,40,55
1148,35260321,220,75,25,10,30
1149,35260322,50,30,45,50,55
1150,35260323,40,35,30,25,110
1151,35260324,50,65,35,60,95
1152,35260325,135,35,30,10,25
1153,35260326,10,15,25,20,130
1154,35260327,0,15,15,10,85
1155,35260328,0,0,10,25,90
1156,35260330,10,20,40,30,95
1157,35260332,0,0,35,35,90
1158,35260333,10,15,45,55,100
1159,35260334,10,10,40,35,75
1160,35260335,45,145,120,120,215
1161,35260336,40,85,95,70,260
1162,35260337,0,10,25,15,85
1163,35260338,90,135,160,100,215
1164,35260339,0,10,75,85,45
1165,35260340,40,20,70,75,200
1166,35260341,15,10,55,40,90
1167,35260342,0,35,30,65,45
1168,35260734,65,65,90,105,230
1169,35260828,65,40,25,40,55
1170,35260829,25,35,75,40,30
1171,35260830,25,25,55,60,170
1172,35260831,0,15,20,30,75
1173,35260832,0,20,80,65,120
1174,35260833,10,10,30,35,155
