geo_code,,English_only,French_only,Neither English nor French
35240317,female,360,10,5
35240317,male,305,0,70
35240318,female,360,5,5
35240318,male,310,5,65
35240319,female,180,5,0
35240319,male,195,0,40
35240320,female,275,0,0
35240320,male,215,0,20
35240321,female,325,15,0
35240321,male,325,10,30
35240322,female,195,5,5
35240322,male,200,5,40
35240323,female,180,0,0
35240323,male,195,5,35
35240324,female,365,5,0
35240324,male,335,5,40
35240325,female,220,5,0
35240325,male,225,5,25
35240326,female,210,5,0
35240326,male,190,5,40
35240327,female,190,5,0
35240327,male,195,5,30
35240328,female,215,5,5
35240328,male,210,0,35
35240329,female,245,10,5
35240329,male,250,10,35
35240330,female,250,5,0
35240330,male,195,5,50
35240331,female,375,5,0
35240331,male,350,10,75
35240332,female,200,5,0
35240332,male,210,5,35
35240333,female,150,5,0
35240333,male,140,5,25
35240334,female,180,5,5
35240334,male,180,5,20
35240335,female,180,5,0
35240335,male,175,5,15
35240336,female,200,10,0
35240336,male,210,5,20
35240337,female,185,5,0
35240337,male,170,5,25
35240338,female,315,5,0
35240338,male,335,5,40
35240339,female,590,20,0
35240339,male,450,15,90
35240340,female,160,0,0
35240340,male,165,5,35
35240341,female,335,15,0
35240341,male,325,10,55
35240342,female,320,10,0
35240342,male,275,10,60
35240343,female,140,0,0
35240343,male,150,0,15
35240344,female,225,0,0
35240344,male,195,5,25
35240345,female,230,10,5
35240345,male,190,0,25
35240346,female,215,5,0
35240346,male,220,5,35
35240347,female,215,0,5
35240347,male,205,0,25
35240348,female,180,10,0
35240348,male,220,5,20
35240349,female,215,10,5
35240349,male,230,5,50
35240350,female,300,10,10
35240350,male,300,5,55
35240351,female,235,5,5
35240351,male,230,5,65
35240352,female,130,5,0
35240352,male,135,5,20
35240353,female,290,10,5
35240353,male,245,5,40
35240354,female,125,5,0
35240354,male,140,0,20
35240355,female,150,0,5
35240355,male,170,5,40
35240356,female,235,5,5
35240356,male,225,5,35
35240357,female,155,0,0
35240357,male,175,5,30
35240358,female,275,10,0
35240358,male,310,5,45
35240359,female,190,5,5
35240359,male,205,5,45
35240363,female,235,0,5
35240363,male,245,0,55
35240364,female,195,5,0
35240364,male,200,5,35
35240365,female,155,5,0
35240365,male,155,5,40
35240366,female,255,5,5
35240366,male,250,5,40
35240367,female,250,5,5
35240367,male,245,5,35
35240368,female,270,5,0
35240368,male,265,0,25
35240369,female,275,5,0
35240369,male,280,5,40
35240370,female,240,10,5
35240370,male,210,10,40
35240371,female,175,0,0
35240371,male,180,0,10
35240372,female,210,0,5
35240372,male,190,5,20
35240373,female,175,5,0
35240373,male,170,5,20
35240374,female,175,5,0
35240374,male,180,5,30
35240375,female,255,5,0
35240375,male,275,5,30
35240376,female,210,0,0
35240376,male,180,5,30
35240377,female,165,5,0
35240377,male,155,0,20
35240378,female,240,10,0
35240378,male,230,0,35
35240379,female,105,5,0
35240379,male,110,0,10
35240380,female,180,5,0
35240380,male,150,5,20
35240381,female,590,10,0
35240381,male,545,5,95
35240382,female,180,0,0
35240382,male,165,0,35
35240383,female,205,5,0
35240383,male,205,0,40
35240384,female,255,5,0
35240384,male,250,0,45
35240385,female,160,0,5
35240385,male,190,5,30
35240386,female,85,10,0
35240386,male,100,5,30
35240387,female,225,5,0
35240387,male,220,0,20
35240388,female,310,5,0
35240388,male,335,5,55
35240391,female,155,5,5
35240391,male,135,0,55
35240392,female,260,5,5
35240392,male,260,5,50
35240393,female,255,5,0
35240393,male,225,0,25
35240394,female,195,0,0
35240394,male,190,5,25
35240395,female,230,5,0
35240395,male,245,0,30
35240396,female,175,5,0
35240396,male,170,0,30
35240397,female,1150,35,10
35240397,male,915,15,210
35240398,female,285,10,5
35240398,male,255,5,45
35240399,female,235,5,0
35240399,male,255,5,30
35240400,female,630,20,0
35240400,male,590,10,80
35240401,female,365,10,0
35240401,male,340,10,40
35240402,female,225,5,0
35240402,male,210,5,30
35240403,female,205,15,5
35240403,male,160,5,55
35240404,female,290,5,0
35240404,male,270,0,30
35240405,female,325,5,10
35240405,male,300,5,40
35240406,female,150,5,0
35240406,male,150,5,15
35240409,female,275,10,0
35240409,male,240,5,25
35240410,female,115,10,0
35240410,male,130,5,15
35240411,female,220,15,5
35240411,male,240,15,30
35240412,female,185,10,5
35240412,male,185,5,25
35240413,female,200,10,0
35240413,male,190,5,35
35240414,female,190,0,0
35240414,male,180,5,25
35240417,female,230,5,5
35240417,male,210,5,65
35240420,female,230,5,0
35240420,male,235,0,15
35240421,female,150,0,5
35240421,male,140,0,20
35240422,female,250,5,5
35240422,male,195,10,40
35240423,female,300,5,5
35240423,male,180,5,40
35240425,female,185,5,0
35240425,male,190,0,10
35240427,female,480,10,0
35240427,male,395,15,70
35240428,female,210,5,0
35240428,male,170,5,45
35240429,female,190,10,5
35240429,male,140,5,60
35240431,female,140,0,0
35240431,male,140,0,20
35240432,female,215,5,0
35240432,male,210,10,25
35240433,female,300,5,0
35240433,male,280,0,20
35240436,female,115,5,0
35240436,male,100,5,25
35240437,female,280,5,0
35240437,male,200,5,35
35240438,female,265,5,0
35240438,male,275,5,15
35240439,female,215,5,0
35240439,male,225,0,20
35240440,female,185,10,0
35240440,male,175,10,30
35240441,female,305,5,5
35240441,male,305,0,25
35240442,female,210,0,0
35240442,male,195,0,20
35240443,female,290,5,0
35240443,male,275,0,15
35240444,female,195,5,5
35240444,male,210,5,25
35240445,female,225,5,5
35240445,male,220,5,70
35240446,female,270,5,5
35240446,male,210,0,55
35240447,female,260,0,5
35240447,male,220,0,65
35240448,female,240,10,0
35240448,male,240,5,35
35240449,female,125,5,0
35240449,male,120,0,15
35240450,female,255,10,5
35240450,male,280,5,30
35240451,female,200,5,5
35240451,male,220,10,55
35240452,female,145,0,5
35240452,male,140,0,25
35240453,female,225,5,0
35240453,male,235,5,45
35240455,female,350,15,0
35240455,male,190,5,55
35240459,female,180,5,0
35240459,male,165,0,25
35240460,female,185,5,0
35240460,male,180,5,25
35240461,female,195,5,0
35240461,male,210,5,40
35240462,female,190,10,0
35240462,male,140,0,30
35240463,female,250,5,5
35240463,male,240,0,55
35240464,female,170,0,0
35240464,male,110,0,10
35240465,female,390,15,0
35240465,male,280,5,85
35240466,female,305,0,0
35240466,male,240,5,45
35240467,female,255,5,5
35240467,male,245,0,35
35240468,female,225,0,0
35240468,male,215,0,20
35240469,female,210,5,0
35240469,male,190,10,15
35240470,female,265,0,0
35240470,male,260,0,30
35240471,female,230,0,5
35240471,male,225,5,30
35240472,female,290,10,0
35240472,male,270,0,40
35240473,female,225,5,0
35240473,male,230,0,25
35240474,female,280,5,5
35240474,male,285,0,35
35240475,female,280,10,5
35240475,male,295,10,30
35240476,female,255,5,0
35240476,male,250,5,35
35240477,female,305,10,0
35240477,male,285,0,35
35240478,female,140,0,0
35240478,male,130,5,25
35240479,female,170,5,15
35240479,male,120,0,35
35240480,female,375,10,5
35240480,male,335,5,75
35240481,female,215,5,0
35240481,male,205,0,25
35240482,female,330,10,5
35240482,male,305,5,35
35240483,female,225,0,0
35240483,male,200,5,25
35240484,female,455,10,5
35240484,male,450,5,105
35240485,female,160,0,0
35240485,male,160,0,25
35240486,female,275,0,0
35240486,male,295,0,30
35240487,female,120,0,0
35240487,male,115,0,20
35240488,female,420,5,5
35240488,male,440,5,150
35240489,female,195,5,5
35240489,male,180,0,35
35240490,female,110,5,0
35240490,male,125,0,20
35240491,female,245,5,0
35240491,male,265,5,25
35240492,female,235,5,0
35240492,male,240,5,30
35240493,female,355,10,0
35240493,male,270,5,40
35240494,female,200,5,0
35240494,male,210,5,20
35240495,female,245,5,20
35240495,male,215,5,50
35240496,female,205,0,5
35240496,male,210,5,25
35240497,female,185,5,5
35240497,male,200,5,35
35240498,female,160,5,0
35240498,male,180,5,5
35240499,female,135,5,0
35240499,male,140,5,10
35240501,female,115,5,0
35240501,male,110,0,10
35240503,female,180,5,0
35240503,male,195,0,30
35240504,female,195,0,5
35240504,male,170,0,25
35240505,female,250,5,5
35240505,male,225,5,50
35240506,female,180,5,0
35240506,male,190,0,30
35240507,female,210,5,0
35240507,male,210,5,40
35240508,female,300,5,0
35240508,male,305,0,55
35240509,female,435,10,0
35240509,male,305,5,50
35240512,female,125,5,5
35240512,male,120,5,35
35240513,female,200,5,0
35240513,male,185,5,30
35240516,female,255,5,0
35240516,male,270,5,35
35240517,female,230,0,0
35240517,male,200,0,25
35240518,female,260,5,5
35240518,male,285,0,40
35240519,female,160,0,0
35240519,male,175,0,35
35240520,female,295,10,0
35240520,male,290,5,60
35240521,female,270,5,0
35240521,male,270,5,40
35240522,female,190,5,0
35240522,male,200,0,25
35240523,female,200,5,5
35240523,male,190,5,30
35240524,female,190,0,5
35240524,male,205,0,45
35240525,female,275,5,0
35240525,male,270,0,20
35240526,female,130,5,0
35240526,male,120,5,5
35240528,female,190,0,0
35240528,male,180,5,25
35240529,female,190,0,5
35240529,male,190,5,30
35240530,female,160,0,5
35240530,male,160,0,35
35240531,female,180,0,5
35240531,male,185,10,25
35240532,female,465,5,5
35240532,male,450,5,105
35240533,female,150,0,0
35240533,male,170,0,10
35240534,female,180,5,5
35240534,male,205,0,40
35240535,female,180,5,0
35240535,male,195,5,40
35240536,female,290,10,5
35240536,male,270,10,40
35240537,female,240,5,0
35240537,male,230,0,45
35240538,female,390,15,10
35240538,male,340,0,110
35240539,female,335,5,0
35240539,male,290,5,45
35240540,female,160,5,5
35240540,male,160,10,55
35240541,female,160,5,0
35240541,male,180,5,30
35240542,female,220,0,0
35240542,male,170,5,45
35240543,female,190,15,5
35240543,male,205,5,55
35240544,female,235,0,0
35240544,male,210,5,35
35240545,female,435,5,5
35240545,male,425,5,55
35240546,female,280,0,5
35240546,male,270,0,75
35240590,female,515,10,0
35240590,male,435,10,50
35240591,female,435,20,5
35240591,male,445,10,95
35240592,female,665,20,25
35240592,male,615,20,285
35240593,female,545,10,5
35240593,male,540,10,70
35240594,female,345,15,5
35240594,male,375,10,75
35240595,female,425,15,5
35240595,male,340,10,75
35240596,female,565,30,5
35240596,male,455,15,105
35240598,female,935,30,15
35240598,male,710,20,200
35240641,female,215,0,5
35240641,male,240,0,35
35240642,female,205,5,0
35240642,male,210,5,20
35240643,female,260,5,0
35240643,male,260,5,55
35240644,female,230,5,0
35240644,male,215,0,50
35240645,female,210,5,0
35240645,male,200,0,45
35240647,female,295,10,0
35240647,male,285,5,35
35240648,female,320,5,5
35240648,male,285,5,40
35240649,female,245,5,0
35240649,male,250,0,30
35240650,female,320,10,5
35240650,male,330,0,55
35240651,female,200,10,5
35240651,male,175,10,45
35240654,female,255,5,0
35240654,male,275,5,45
35240655,female,540,15,5
35240655,male,485,10,95
35240656,female,175,5,0
35240656,male,170,5,25
35240659,female,365,15,0
35240659,male,290,10,65
35240660,female,220,5,0
35240660,male,210,5,55
35240661,female,215,0,0
35240661,male,205,5,40
35240662,female,865,25,5
35240662,male,695,20,130
35240663,female,210,10,5
35240663,male,185,5,45
35240664,female,255,10,0
35240664,male,240,5,40
35240665,female,195,5,0
35240665,male,205,5,35
35240666,female,395,15,0
35240666,male,310,5,75
35240667,female,310,5,5
35240667,male,280,5,65
35240668,female,160,5,0
35240668,male,165,0,65
35240669,female,395,5,10
35240669,male,430,10,90
35240670,female,235,5,10
35240670,male,265,0,70
35240671,female,205,5,5
35240671,male,225,5,95
35240672,female,325,5,10
35240672,male,290,5,130
35240673,female,140,5,5
35240673,male,160,0,55
35240674,female,295,5,10
35240674,male,290,0,80
35240675,female,400,10,10
35240675,male,405,5,170
35240676,female,335,10,15
35240676,male,295,10,145
35240677,female,165,0,5
35240677,male,175,0,55
35240678,female,530,20,10
35240678,male,435,15,210
35240679,female,235,5,0
35240679,male,235,0,125
35240680,female,365,10,10
35240680,male,350,10,145
35240681,female,230,5,5
35240681,male,195,5,80
35240682,female,265,5,10
35240682,male,225,5,95
35240683,female,240,15,10
35240683,male,250,5,85
35240684,female,245,10,5
35240684,male,195,5,50
35240685,female,485,10,10
35240685,male,435,10,150
35240686,female,490,5,10
35240686,male,455,5,130
35240756,female,245,5,5
35240756,male,245,5,85
35240757,female,245,0,10
35240757,male,235,5,70
35240758,female,390,10,5
35240758,male,370,0,95
35240759,female,235,10,0
35240759,male,230,0,45
35240780,female,440,5,10
35240780,male,380,10,110
35240782,female,275,10,10
35240782,male,295,10,85
35240783,female,145,5,0
35240783,male,160,5,25
35240785,female,355,5,5
35240785,male,355,5,65
35240807,female,395,15,0
35240807,male,305,15,85
35240808,female,390,15,5
35240808,male,290,15,55
35240809,female,25,0,0
35240809,male,25,5,5
35240898,female,1010,25,20
35240898,male,1075,15,345
35240903,female,x,x,x
35240903,male,x,x,x
35240904,female,585,15,5
35240904,male,540,5,155
35250030,female,155,5,0
35250030,male,180,5,30
35250031,female,205,0,0
35250031,male,190,5,30
35250032,female,255,5,0
35250032,male,275,5,35
35250033,female,270,5,0
35250033,male,270,0,30
35250034,female,330,0,0
35250034,male,300,0,25
35250035,female,175,5,0
35250035,male,195,5,5
35250036,female,270,0,0
35250036,male,265,0,25
35250037,female,255,0,0
35250037,male,240,5,25
35250038,female,295,5,0
35250038,male,260,0,25
35250039,female,275,0,0
35250039,male,200,0,10
35250040,female,215,0,0
35250040,male,175,0,35
35250041,female,190,0,0
35250041,male,160,0,20
35250042,female,105,0,0
35250042,male,120,0,10
35250043,female,275,0,0
35250043,male,230,0,30
35250044,female,165,5,0
35250044,male,170,5,35
35250045,female,155,5,5
35250045,male,155,0,45
35250046,female,225,5,0
35250046,male,205,0,25
35250047,female,275,0,0
35250047,male,250,0,15
35250048,female,125,0,0
35250048,male,120,0,15
35250049,female,180,0,0
35250049,male,165,0,15
35250050,female,195,5,0
35250050,male,165,5,20
35250051,female,540,15,0
35250051,male,560,15,80
35250052,female,150,5,0
35250052,male,135,5,25
35250053,female,245,5,0
35250053,male,255,5,40
35250054,female,160,0,0
35250054,male,155,0,20
35250055,female,310,5,0
35250055,male,250,0,75
35250056,female,80,0,0
35250056,male,90,5,25
35250059,female,450,5,0
35250059,male,390,10,80
35250060,female,270,5,0
35250060,male,260,5,55
35250061,female,160,5,0
35250061,male,175,5,20
35250062,female,230,0,5
35250062,male,250,5,50
35250064,female,330,0,0
35250064,male,305,5,55
35250065,female,210,5,5
35250065,male,220,5,40
35250066,female,165,0,0
35250066,male,165,0,25
35250067,female,265,5,0
35250067,male,240,0,35
35250070,female,285,5,10
35250070,male,210,0,80
35250073,female,165,5,0
35250073,male,155,0,60
35250074,female,90,0,5
35250074,male,100,5,50
35250075,female,135,0,5
35250075,male,150,0,45
35250077,female,175,0,15
35250077,male,165,5,90
35250078,female,115,0,5
35250078,male,110,0,70
35250079,female,105,5,5
35250079,male,110,0,35
35250080,female,230,5,10
35250080,male,200,5,90
35250081,female,390,10,5
35250081,male,360,10,120
35250082,female,60,5,5
35250082,male,70,5,50
35250083,female,220,15,20
35250083,male,195,15,170
35250084,female,110,5,5
35250084,male,115,5,50
35250085,female,110,0,5
35250085,male,105,5,35
35250086,female,235,0,10
35250086,male,180,0,50
35250087,female,190,0,5
35250087,male,180,5,65
35250088,female,205,0,5
35250088,male,160,0,45
35250089,female,265,10,5
35250089,male,155,5,30
35250093,female,175,15,10
35250093,male,195,5,65
35250094,female,130,0,0
35250094,male,115,0,35
35250095,female,135,0,5
35250095,male,135,5,75
35250096,female,195,0,10
35250096,male,145,5,80
35250097,female,125,5,0
35250097,male,140,0,40
35250098,female,55,5,5
35250098,male,65,0,50
35250099,female,340,0,0
35250099,male,310,0,100
35250100,female,210,0,5
35250100,male,190,0,35
35250101,female,175,5,0
35250101,male,195,0,30
35250102,female,120,0,0
35250102,male,140,5,35
35250105,female,225,0,0
35250105,male,240,5,45
35250106,female,210,5,5
35250106,male,205,5,20
35250107,female,215,5,0
35250107,male,195,0,35
35250108,female,215,0,5
35250108,male,215,5,45
35250109,female,290,0,5
35250109,male,290,0,50
35250110,female,200,0,10
35250110,male,200,5,60
35250111,female,255,10,10
35250111,male,175,0,45
35250112,female,160,5,5
35250112,male,145,0,60
35250113,female,105,0,0
35250113,male,105,0,45
35250114,female,140,0,5
35250114,male,120,0,60
35250115,female,550,15,15
35250115,male,480,15,145
35250116,female,245,5,5
35250116,male,275,5,85
35250117,female,95,0,0
35250117,male,110,0,20
35250118,female,150,5,0
35250118,male,140,0,35
35250119,female,210,5,0
35250119,male,205,5,30
35250120,female,150,0,5
35250120,male,145,0,35
35250121,female,205,0,0
35250121,male,165,0,35
35250122,female,130,5,10
35250122,male,125,5,60
35250123,female,105,5,5
35250123,male,120,5,60
35250124,female,195,5,0
35250124,male,175,5,40
35250125,female,130,0,0
35250125,male,130,10,30
35250126,female,180,5,10
35250126,male,195,5,100
35250127,female,470,0,25
35250127,male,470,0,275
35250128,female,140,0,5
35250128,male,135,0,75
35250129,female,115,0,10
35250129,male,105,0,60
35250130,female,100,0,5
35250130,male,110,0,45
35250133,female,200,10,0
35250133,male,95,0,45
35250134,female,280,10,5
35250134,male,245,10,95
35250135,female,470,0,30
35250135,male,455,5,330
35250136,female,130,5,0
35250136,male,135,0,30
35250137,female,155,0,0
35250137,male,160,5,30
35250144,female,600,0,10
35250144,male,595,0,200
35250145,female,140,0,0
35250145,male,175,0,20
35250146,female,330,5,0
35250146,male,350,5,40
35250147,female,215,0,0
35250147,male,170,0,30
35250148,female,170,10,0
35250148,male,170,5,35
35250149,female,220,0,0
35250149,male,270,0,40
35250150,female,205,5,0
35250150,male,195,5,15
35250151,female,190,5,0
35250151,male,190,0,25
35250152,female,635,5,0
35250152,male,565,0,95
35250153,female,235,0,5
35250153,male,260,0,25
35250156,female,165,5,0
35250156,male,140,5,45
35250158,female,215,0,0
35250158,male,210,0,40
35250159,female,185,5,5
35250159,male,180,0,35
35250160,female,155,5,5
35250160,male,165,0,30
35250161,female,270,0,5
35250161,male,275,0,75
35250162,female,165,0,0
35250162,male,170,0,25
35250163,female,240,5,0
35250163,male,210,5,45
35250164,female,245,5,5
35250164,male,215,5,25
35250172,female,225,5,5
35250172,male,215,5,30
35250173,female,535,5,10
35250173,male,515,0,80
35250175,female,520,20,15
35250175,male,470,15,265
35250176,female,250,5,10
35250176,male,250,0,80
35250177,female,260,0,10
35250177,male,255,0,105
35250178,female,185,0,5
35250178,male,185,5,80
35250179,female,215,10,0
35250179,male,245,5,75
35250180,female,455,5,35
35250180,male,450,10,310
35250181,female,140,0,0
35250181,male,150,0,30
35250183,female,95,0,0
35250183,male,95,0,15
35250184,female,160,0,0
35250184,male,155,5,20
35250185,female,285,10,5
35250185,male,175,0,20
35250186,female,130,0,0
35250186,male,130,0,25
35250188,female,275,10,0
35250188,male,255,5,75
35250189,female,230,0,5
35250189,male,230,5,60
35250190,female,180,5,0
35250190,male,175,0,25
35250191,female,295,0,0
35250191,male,265,0,70
35250192,female,430,10,25
35250192,male,475,10,205
35250193,female,135,0,5
35250193,male,135,0,15
35250194,female,180,0,0
35250194,male,205,0,50
35250196,female,220,5,0
35250196,male,230,0,50
35250197,female,190,0,0
35250197,male,215,5,30
35250199,female,1015,15,35
35250199,male,935,10,455
35250200,female,170,0,5
35250200,male,185,5,80
35250201,female,60,0,0
35250201,male,65,0,65
35250202,female,365,15,15
35250202,male,350,5,170
35250203,female,385,10,10
35250203,male,350,10,135
35250204,female,285,10,20
35250204,male,235,5,165
35250205,female,90,0,0
35250205,male,80,5,30
35250206,female,165,0,10
35250206,male,165,0,120
35250207,female,115,5,5
35250207,male,110,0,40
35250208,female,130,0,5
35250208,male,140,0,50
35250209,female,120,5,0
35250209,male,120,5,30
35250210,female,130,5,10
35250210,male,125,0,85
35250211,female,125,5,5
35250211,male,85,0,40
35250212,female,170,5,10
35250212,male,155,5,50
35250213,female,100,5,10
35250213,male,120,5,65
35250216,female,135,0,10
35250216,male,120,5,65
35250217,female,270,10,10
35250217,male,225,10,60
35250218,female,165,10,15
35250218,male,175,5,90
35250221,female,190,5,10
35250221,male,165,0,105
35250222,female,170,0,15
35250222,male,145,5,95
35250223,female,120,0,5
35250223,male,145,0,70
35250224,female,130,5,5
35250224,male,150,5,50
35250225,female,90,0,5
35250225,male,120,5,60
35250226,female,200,0,5
35250226,male,130,5,60
35250227,female,200,0,10
35250227,male,160,0,90
35250230,female,170,0,5
35250230,male,185,0,75
35250231,female,150,5,35
35250231,male,155,5,185
35250232,female,315,15,15
35250232,male,255,5,120
35250233,female,70,0,30
35250233,male,85,0,160
35250234,female,115,0,15
35250234,male,105,0,75
35250238,female,200,0,30
35250238,male,200,5,200
35250239,female,100,5,10
35250239,male,115,0,85
35250240,female,145,0,40
35250240,male,130,0,140
35250241,female,50,0,5
35250241,male,55,5,75
35250242,female,x,x,x
35250242,male,x,x,x
35250243,female,425,5,25
35250243,male,365,10,160
35250248,female,210,5,25
35250248,male,215,0,175
35250249,female,185,5,0
35250249,male,175,0,45
35250250,female,195,0,0
35250250,male,225,0,30
35250251,female,165,0,5
35250251,male,145,0,40
35250254,female,245,10,10
35250254,male,250,5,100
35250255,female,200,0,5
35250255,male,200,0,60
35250256,female,325,5,0
35250256,male,240,0,30
35250257,female,255,5,0
35250257,male,215,5,40
35250258,female,340,5,0
35250258,male,265,5,55
35250259,female,200,0,5
35250259,male,200,0,45
35250260,female,230,10,5
35250260,male,160,5,65
35250261,female,155,5,10
35250261,male,120,5,75
35250262,female,175,0,10
35250262,male,145,0,125
35250263,female,175,5,20
35250263,male,200,5,210
35250264,female,90,5,5
35250264,male,95,0,90
35250265,female,130,0,5
35250265,male,125,0,80
35250266,female,90,0,10
35250266,male,75,0,80
35250267,female,205,5,0
35250267,male,210,5,25
35250269,female,80,0,0
35250269,male,95,5,40
35250270,female,90,5,5
35250270,male,85,0,55
35250271,female,105,0,5
35250271,male,125,0,45
35250272,female,195,0,0
35250272,male,135,5,40
35250273,female,110,5,5
35250273,male,110,0,60
35250274,female,410,0,5
35250274,male,370,5,85
35250275,female,150,0,10
35250275,male,160,5,75
35250276,female,190,0,5
35250276,male,215,0,85
35250277,female,165,5,5
35250277,male,155,0,40
35250278,female,175,0,5
35250278,male,175,0,35
35250279,female,145,0,25
35250279,male,130,0,185
35250280,female,100,5,5
35250280,male,110,0,80
35250281,female,180,5,10
35250281,male,200,5,60
35250282,female,170,0,15
35250282,male,170,5,95
35250283,female,170,0,15
35250283,male,195,0,115
35250284,female,100,0,15
35250284,male,115,0,80
35250285,female,205,5,15
35250285,male,210,5,165
35250286,female,85,0,5
35250286,male,75,0,80
35250287,female,165,0,15
35250287,male,165,0,160
35250288,female,135,0,5
35250288,male,130,5,80
35250289,female,190,0,20
35250289,male,175,0,115
35250290,female,185,0,10
35250290,male,205,5,105
35250291,female,250,0,30
35250291,male,265,5,245
35250293,female,300,5,20
35250293,male,280,0,150
35250294,female,155,5,5
35250294,male,130,5,55
35250295,female,120,5,0
35250295,male,120,0,50
35250296,female,130,5,5
35250296,male,125,0,80
35250297,female,145,0,15
35250297,male,170,0,120
35250298,female,130,0,10
35250298,male,145,5,125
35250299,female,170,0,5
35250299,male,190,5,110
35250300,female,250,5,5
35250300,male,235,5,160
35250302,female,130,0,0
35250302,male,140,0,65
35250303,female,125,5,10
35250303,male,115,0,130
35250304,female,145,5,10
35250304,male,155,5,120
35250305,female,170,5,10
35250305,male,160,0,95
35250306,female,110,5,10
35250306,male,115,5,70
35250307,female,220,10,0
35250307,male,250,5,60
35250308,female,300,5,10
35250308,male,270,0,145
35250309,female,85,0,10
35250309,male,85,0,90
35250310,female,105,0,0
35250310,male,125,5,80
35250311,female,175,5,5
35250311,male,175,0,100
35250312,female,115,0,5
35250312,male,125,0,65
35250313,female,290,5,0
35250313,male,270,5,75
35250315,female,330,10,0
35250315,male,225,5,65
35250316,female,260,10,5
35250316,male,225,5,75
35250317,female,195,15,0
35250317,male,205,5,40
35250318,female,40,0,0
35250318,male,35,0,20
35250319,female,145,0,0
35250319,male,145,0,65
35250320,female,150,0,15
35250320,male,140,5,80
35250321,female,135,0,0
35250321,male,140,5,20
35250322,female,165,0,5
35250322,male,170,5,30
35250323,female,205,15,10
35250323,male,200,5,45
35250324,female,390,10,10
35250324,male,285,10,95
35250326,female,175,0,0
35250326,male,145,5,20
35250327,female,300,0,10
35250327,male,285,0,80
35250328,female,140,5,5
35250328,male,125,5,55
35250329,female,185,5,10
35250329,male,205,5,55
35250330,female,155,10,10
35250330,male,120,5,70
35250331,female,175,10,10
35250331,male,165,5,35
35250332,female,225,5,10
35250332,male,215,0,40
35250333,female,240,0,5
35250333,male,225,5,55
35250334,female,200,0,0
35250334,male,210,5,45
35250335,female,160,0,5
35250335,male,175,0,25
35250336,female,195,0,0
35250336,male,205,5,45
35250337,female,335,5,10
35250337,male,310,10,50
35250338,female,325,10,5
35250338,male,295,10,35
35250339,female,220,0,5
35250339,male,230,5,30
35250340,female,105,5,0
35250340,male,125,0,10
35250341,female,270,10,5
35250341,male,270,5,35
35250342,female,230,5,5
35250342,male,215,5,35
35250343,female,175,0,5
35250343,male,200,5,45
35250344,female,195,0,0
35250344,male,220,0,35
35250345,female,175,0,5
35250345,male,175,0,20
35250346,female,200,0,5
35250346,male,200,0,10
35250347,female,185,5,0
35250347,male,195,5,25
35250348,female,215,5,5
35250348,male,225,0,45
35250349,female,225,5,0
35250349,male,180,5,25
35250350,female,250,5,10
35250350,male,255,5,35
35250351,female,185,5,0
35250351,male,135,0,20
35250352,female,235,5,0
35250352,male,220,5,30
35250353,female,245,10,10
35250353,male,190,5,50
35250354,female,240,5,0
35250354,male,225,0,40
35250355,female,235,5,5
35250355,male,255,0,40
35250356,female,250,0,0
35250356,male,270,5,40
35250357,female,220,0,0
35250357,male,210,5,20
35250358,female,245,0,5
35250358,male,230,5,40
35250359,female,200,5,5
35250359,male,170,0,30
35250360,female,215,0,0
35250360,male,195,5,30
35250361,female,210,0,5
35250361,male,195,0,30
35250362,female,205,5,0
35250362,male,200,5,30
35250363,female,170,5,5
35250363,male,180,5,25
35250364,female,100,0,0
35250364,male,110,0,10
35250365,female,425,10,0
35250365,male,355,0,60
35250366,female,300,5,15
35250366,male,280,10,60
35250367,female,210,5,0
35250367,male,225,5,40
35250368,female,220,5,0
35250368,male,215,5,25
35250369,female,220,5,5
35250369,male,205,5,30
35250370,female,165,0,5
35250370,male,160,5,35
35250371,female,205,0,5
35250371,male,220,5,25
35250372,female,215,0,5
35250372,male,220,0,35
35250373,female,175,5,0
35250373,male,170,5,35
35250374,female,215,0,5
35250374,male,195,5,25
35250375,female,220,5,0
35250375,male,210,5,30
35250376,female,205,0,0
35250376,male,190,5,30
35250377,female,205,5,0
35250377,male,245,5,50
35250378,female,200,5,0
35250378,male,210,0,20
35250379,female,175,5,0
35250379,male,135,0,15
35250380,female,220,0,0
35250380,male,210,5,15
35250381,female,200,0,5
35250381,male,185,5,25
35250382,female,205,5,0
35250382,male,215,5,30
35250383,female,195,0,20
35250383,male,175,0,115
35250384,female,140,5,5
35250384,male,175,0,85
35250385,female,195,5,5
35250385,male,185,0,55
35250387,female,190,0,5
35250387,male,190,5,20
35250388,female,235,0,0
35250388,male,230,0,25
35250389,female,170,5,0
35250389,male,165,0,25
35250390,female,225,5,5
35250390,male,200,0,25
35250391,female,235,5,0
35250391,male,220,5,20
35250392,female,220,0,0
35250392,male,190,5,35
35250393,female,170,5,0
35250393,male,165,10,30
35250394,female,225,5,10
35250394,male,260,5,130
35250395,female,210,0,15
35250395,male,210,15,115
35250396,female,155,5,10
35250396,male,165,5,90
35250397,female,190,5,5
35250397,male,175,10,75
35250398,female,60,0,0
35250398,male,125,5,50
35250399,female,190,10,30
35250399,male,235,5,165
35250400,female,225,5,5
35250400,male,215,10,90
35250401,female,200,10,5
35250401,male,215,10,105
35250402,female,205,0,0
35250402,male,200,0,15
35250403,female,295,5,0
35250403,male,255,5,45
35250404,female,185,15,0
35250404,male,185,5,20
35250405,female,190,5,5
35250405,male,155,5,25
35250406,female,275,5,0
35250406,male,265,5,45
35250407,female,210,0,0
35250407,male,215,0,35
35250408,female,165,10,5
35250408,male,175,5,25
35250409,female,125,0,5
35250409,male,150,0,35
35250410,female,185,5,0
35250410,male,185,5,15
35250411,female,185,0,10
35250411,male,185,0,50
35250412,female,195,10,45
35250412,male,150,0,55
35250413,female,165,5,25
35250413,male,150,5,110
35250416,female,140,0,25
35250416,male,140,0,90
35250417,female,130,10,10
35250417,male,130,0,70
35250418,female,130,0,25
35250418,male,145,0,115
35250419,female,195,10,20
35250419,male,235,10,115
35250420,female,265,10,10
35250420,male,250,15,155
35250421,female,215,5,5
35250421,male,210,5,75
35250422,female,210,10,20
35250422,male,285,5,105
35250423,female,225,10,5
35250423,male,225,5,110
35250424,female,210,5,0
35250424,male,215,5,45
35250425,female,305,5,10
35250425,male,265,5,90
35250426,female,210,0,0
35250426,male,170,5,25
35250427,female,125,5,5
35250427,male,105,5,20
35250428,female,145,5,20
35250428,male,145,0,125
35250429,female,90,5,5
35250429,male,120,5,60
35250430,female,175,5,0
35250430,male,195,5,30
35250431,female,180,5,5
35250431,male,180,10,65
35250434,female,375,5,60
35250434,male,350,5,325
35250435,female,145,5,20
35250435,male,165,5,65
35250436,female,185,5,5
35250436,male,225,10,30
35250437,female,185,5,0
35250437,male,190,15,20
35250438,female,100,5,5
35250438,male,130,5,35
35250439,female,175,10,10
35250439,male,165,5,105
35250440,female,195,10,5
35250440,male,260,5,70
35250441,female,205,0,0
35250441,male,200,5,70
35250442,female,255,5,0
35250442,male,255,5,35
35250443,female,175,0,0
35250443,male,210,5,20
35250444,female,240,5,0
35250444,male,205,0,25
35250445,female,175,5,5
35250445,male,180,5,20
35250446,female,210,5,0
35250446,male,235,5,35
35250447,female,135,0,0
35250447,male,155,5,15
35250448,female,265,5,15
35250448,male,300,0,65
35250449,female,145,5,5
35250449,male,170,0,20
35250450,female,175,5,0
35250450,male,170,5,55
35250451,female,110,0,0
35250451,male,90,0,20
35250452,female,135,5,0
35250452,male,130,5,20
35250453,female,170,0,10
35250453,male,160,0,30
35250454,female,205,10,10
35250454,male,230,10,80
35250455,female,165,0,0
35250455,male,205,5,35
35250456,female,225,10,10
35250456,male,205,0,40
35250457,female,x,x,x
35250457,male,x,x,x
35250458,female,150,0,15
35250458,male,110,5,70
35250459,female,230,5,15
35250459,male,255,10,75
35250460,female,115,0,10
35250460,male,130,5,45
35250461,female,150,5,15
35250461,male,145,5,55
35250462,female,120,0,10
35250462,male,120,0,70
35250463,female,140,5,5
35250463,male,155,0,40
35250464,female,125,5,15
35250464,male,130,5,45
35250465,female,170,5,20
35250465,male,165,0,110
35250466,female,130,0,0
35250466,male,150,0,50
35250467,female,200,5,60
35250467,male,250,10,170
35250468,female,110,0,0
35250468,male,160,5,55
35250471,female,80,0,25
35250471,male,110,5,105
35250472,female,125,5,15
35250472,male,135,0,80
35250473,female,75,0,10
35250473,male,90,5,45
35250474,female,205,5,20
35250474,male,230,5,115
35250475,female,155,5,10
35250475,male,150,5,50
35250476,female,115,5,10
35250476,male,125,5,65
35250477,female,140,5,20
35250477,male,185,5,85
35250478,female,135,0,10
35250478,male,115,0,65
35250479,female,185,5,20
35250479,male,195,0,85
35250480,female,165,5,20
35250480,male,180,5,60
35250481,female,140,0,5
35250481,male,145,0,40
35250482,female,190,5,0
35250482,male,240,10,20
35250483,female,190,10,10
35250483,male,190,5,25
35250484,female,170,5,0
35250484,male,200,0,20
35250485,female,180,5,20
35250485,male,185,0,85
35250486,female,225,5,15
35250486,male,255,5,75
35250487,female,140,0,5
35250487,male,145,5,40
35250488,female,165,5,15
35250488,male,160,0,50
35250489,female,115,0,15
35250489,male,130,0,50
35250490,female,135,0,15
35250490,male,125,0,75
35250491,female,105,5,5
35250491,male,90,5,60
35250492,female,125,5,5
35250492,male,120,0,50
35250493,female,150,5,5
35250493,male,150,5,40
35250494,female,125,5,5
35250494,male,150,5,25
35250495,female,185,0,5
35250495,male,185,0,35
35250496,female,95,0,0
35250496,male,95,0,25
35250497,female,190,0,30
35250497,male,200,0,70
35250498,female,145,5,20
35250498,male,170,0,90
35250499,female,195,0,15
35250499,male,190,0,55
35250501,female,215,0,5
35250501,male,215,5,45
35250502,female,190,5,0
35250502,male,200,5,55
35250503,female,165,5,0
35250503,male,185,0,50
35250504,female,100,0,10
35250504,male,110,0,180
35250506,female,210,5,5
35250506,male,220,5,25
35250507,female,195,5,0
35250507,male,180,0,25
35250508,female,225,5,0
35250508,male,215,0,25
35250509,female,250,5,0
35250509,male,240,0,30
35250510,female,260,5,0
35250510,male,230,0,15
35250511,female,330,0,5
35250511,male,315,0,25
35250512,female,205,5,0
35250512,male,160,0,25
35250513,female,240,5,0
35250513,male,215,0,25
35250514,female,375,0,0
35250514,male,350,0,65
35250515,female,145,5,10
35250515,male,145,0,45
35250516,female,285,0,5
35250516,male,315,5,75
35250517,female,145,0,0
35250517,male,155,5,25
35250518,female,135,5,0
35250518,male,120,0,20
35250519,female,225,0,10
35250519,male,235,5,70
35250520,female,255,0,0
35250520,male,255,5,75
35250521,female,170,0,5
35250521,male,185,0,80
35250522,female,80,5,0
35250522,male,95,0,25
35250523,female,150,0,5
35250523,male,160,0,95
35250524,female,150,0,0
35250524,male,125,0,40
35250525,female,120,0,10
35250525,male,120,0,55
35250526,female,420,5,40
35250526,male,340,5,205
35250527,female,150,0,10
35250527,male,155,0,55
35250528,female,130,5,5
35250528,male,125,0,60
35250529,female,170,5,10
35250529,male,145,0,55
35250530,female,180,0,5
35250530,male,165,5,50
35250531,female,170,0,5
35250531,male,155,0,60
35250532,female,150,10,5
35250532,male,165,5,30
35250533,female,265,5,20
35250533,male,205,5,150
35250534,female,205,0,5
35250534,male,160,5,50
35250535,female,210,10,10
35250535,male,195,5,85
35250536,female,170,15,0
35250536,male,185,5,35
35250537,female,240,5,5
35250537,male,245,5,65
35250538,female,230,0,0
35250538,male,245,0,50
35250539,female,235,5,5
35250539,male,235,0,65
35250540,female,225,5,5
35250540,male,230,5,45
35250541,female,195,5,10
35250541,male,190,10,60
35250542,female,155,0,5
35250542,male,190,5,50
35250545,female,125,5,10
35250545,male,120,0,80
35250546,female,145,0,5
35250546,male,130,5,45
35250547,female,130,0,5
35250547,male,145,0,50
35250548,female,205,0,40
35250548,male,175,0,135
35250549,female,215,5,5
35250549,male,200,0,35
35250550,female,205,0,0
35250550,male,200,5,25
35250551,female,180,0,10
35250551,male,185,0,45
35250552,female,180,0,5
35250552,male,170,5,35
35250553,female,195,5,15
35250553,male,185,0,55
35250554,female,220,0,5
35250554,male,195,0,35
35250555,female,185,0,10
35250555,male,165,0,20
35250556,female,225,10,0
35250556,male,250,10,10
35250557,female,335,5,0
35250557,male,265,5,40
35250558,female,200,5,0
35250558,male,210,0,40
35250559,female,210,0,5
35250559,male,190,0,30
35250560,female,255,10,0
35250560,male,165,0,40
35250561,female,145,5,0
35250561,male,165,0,30
35250562,female,215,0,5
35250562,male,200,5,40
35250563,female,245,5,10
35250563,male,225,0,35
35250564,female,220,0,5
35250564,male,210,0,25
35250565,female,290,0,0
35250565,male,315,5,30
35250566,female,200,5,0
35250566,male,185,0,25
35250567,female,205,5,10
35250567,male,185,0,65
35250568,female,270,5,5
35250568,male,265,10,40
35250569,female,130,5,0
35250569,male,120,0,85
35250570,female,170,5,10
35250570,male,155,0,80
35250571,female,205,10,0
35250571,male,125,5,35
35250572,female,205,5,5
35250572,male,235,5,40
35250573,female,365,5,15
35250573,male,310,5,215
35250574,female,130,5,5
35250574,male,120,0,75
35250578,female,315,5,15
35250578,male,260,5,75
35250579,female,155,5,5
35250579,male,155,0,50
35250580,female,145,5,0
35250580,male,105,5,40
35250581,female,280,5,5
35250581,male,280,0,110
35250582,female,235,5,0
35250582,male,225,5,65
35250583,female,235,5,0
35250583,male,205,5,60
35250585,female,200,5,5
35250585,male,185,5,90
35250586,female,480,5,15
35250586,male,475,10,235
35250587,female,130,5,5
35250587,male,110,0,45
35250588,female,145,5,15
35250588,male,120,0,80
35250589,female,215,0,10
35250589,male,225,10,90
35250590,female,150,0,5
35250590,male,150,0,45
35250591,female,270,0,5
35250591,male,275,5,75
35250592,female,210,0,10
35250592,male,175,0,55
35250593,female,140,0,10
35250593,male,140,0,65
35250594,female,225,5,5
35250594,male,200,0,70
35250595,female,175,5,5
35250595,male,165,5,50
35250596,female,215,5,5
35250596,male,220,5,75
35250597,female,130,0,5
35250597,male,125,0,65
35250598,female,160,0,5
35250598,male,155,0,50
35250599,female,230,10,5
35250599,male,155,0,30
35250600,female,145,5,5
35250600,male,160,5,50
35250601,female,305,0,15
35250601,male,180,5,50
35250602,female,225,0,0
35250602,male,175,5,40
35250603,female,265,5,0
35250603,male,270,0,70
35250604,female,200,5,0
35250604,male,210,0,30
35250605,female,195,5,5
35250605,male,185,5,40
35250606,female,200,5,5
35250606,male,185,5,65
35250607,female,175,0,5
35250607,male,170,0,45
35250608,female,180,5,5
35250608,male,150,5,35
35250609,female,215,0,5
35250609,male,205,0,50
35250610,female,205,15,0
35250610,male,220,10,30
35250611,female,160,0,5
35250611,male,145,0,65
35250612,female,310,0,5
35250612,male,250,5,35
35250613,female,420,5,10
35250613,male,385,5,105
35250614,female,130,5,5
35250614,male,115,0,50
35250615,female,150,5,0
35250615,male,155,0,40
35250616,female,100,5,10
35250616,male,80,0,35
35250617,female,140,0,5
35250617,male,120,0,100
35250618,female,60,0,5
35250618,male,85,5,50
35250619,female,155,0,5
35250619,male,155,5,65
35250620,female,150,0,5
35250620,male,150,0,65
35250621,female,290,5,10
35250621,male,255,5,80
35250622,female,175,0,5
35250622,male,165,5,35
35250623,female,135,0,5
35250623,male,135,0,50
35250624,female,185,5,5
35250624,male,185,0,25
35250625,female,140,0,10
35250625,male,150,5,50
35250626,female,185,0,10
35250626,male,185,5,70
35250627,female,130,0,20
35250627,male,140,0,115
35250628,female,175,0,15
35250628,male,95,0,65
35250629,female,320,5,25
35250629,male,230,5,140
35250630,female,145,0,5
35250630,male,120,0,85
35250631,female,195,5,0
35250631,male,190,5,45
35250632,female,220,5,25
35250632,male,205,0,90
35250633,female,85,0,5
35250633,male,85,0,30
35250634,female,300,10,10
35250634,male,225,5,100
35250635,female,150,5,5
35250635,male,135,0,55
35250636,female,270,5,25
35250636,male,255,0,215
35250637,female,365,10,20
35250637,male,350,5,220
35250638,female,80,5,10
35250638,male,65,0,50
35250639,female,240,5,10
35250639,male,205,0,100
35250640,female,175,5,5
35250640,male,150,10,75
35250641,female,155,5,5
35250641,male,135,5,65
35250642,female,215,5,15
35250642,male,165,0,105
35250643,female,190,5,5
35250643,male,185,5,80
35250644,female,115,0,5
35250644,male,110,0,35
35250645,female,220,5,10
35250645,male,220,5,75
35250646,female,280,0,10
35250646,male,300,5,140
35250647,female,255,5,15
35250647,male,200,5,150
35250648,female,355,5,5
35250648,male,300,0,125
35250649,female,240,0,5
35250649,male,240,5,95
35250650,female,195,5,10
35250650,male,175,5,80
35250651,female,100,0,5
35250651,male,100,5,45
35250652,female,240,5,10
35250652,male,265,5,95
35250655,female,480,10,40
35250655,male,470,5,375
35250656,female,245,5,10
35250656,male,170,0,55
35250657,female,165,5,10
35250657,male,170,0,135
35250658,female,100,0,5
35250658,male,105,0,30
35250659,female,225,5,10
35250659,male,210,0,75
35250661,female,370,10,20
35250661,male,360,5,205
35250662,female,540,5,20
35250662,male,580,10,290
35250663,female,245,10,10
35250663,male,255,5,110
35250664,female,175,5,5
35250664,male,195,0,20
35250665,female,205,0,5
35250665,male,200,0,45
35250666,female,200,5,0
35250666,male,190,0,20
35250667,female,85,0,0
35250667,male,90,5,30
35250668,female,105,0,5
35250668,male,115,0,60
35250669,female,115,0,0
35250669,male,115,5,60
35250670,female,100,5,5
35250670,male,100,0,50
35250671,female,115,0,0
35250671,male,105,0,30
35250672,female,105,0,0
35250672,male,130,0,45
35250675,female,135,0,0
35250675,male,155,0,65
35250676,female,125,0,0
35250676,male,170,5,45
35250677,female,205,5,0
35250677,male,195,0,25
35250678,female,190,10,0
35250678,male,190,5,25
35250679,female,155,0,0
35250679,male,155,5,105
35250680,female,125,5,0
35250680,male,135,5,80
35250681,female,290,5,5
35250681,male,325,5,95
35250692,female,200,10,0
35250692,male,205,10,15
35250693,female,130,0,10
35250693,male,150,5,50
35250694,female,180,0,5
35250694,male,150,5,35
35250695,female,120,5,55
35250695,male,120,10,120
35250696,female,145,5,10
35250696,male,160,0,45
35250700,female,190,0,5
35250700,male,195,5,35
35250701,female,200,0,15
35250701,male,205,0,55
35250702,female,175,10,10
35250702,male,200,5,50
35250703,female,170,0,10
35250703,male,190,5,60
35250704,female,255,5,5
35250704,male,270,5,20
35250705,female,190,0,10
35250705,male,195,0,40
35250706,female,195,0,0
35250706,male,205,5,25
35250707,female,200,0,0
35250707,male,195,5,15
35250708,female,280,10,10
35250708,male,295,5,45
35250709,female,225,5,5
35250709,male,215,0,25
35250710,female,205,5,0
35250710,male,185,0,25
35250711,female,155,0,0
35250711,male,155,5,20
35250712,female,170,5,0
35250712,male,165,0,25
35250713,female,150,5,5
35250713,male,175,10,20
35250714,female,205,5,5
35250714,male,245,0,25
35250715,female,210,5,5
35250715,male,220,0,35
35250716,female,235,5,0
35250716,male,265,0,30
35250717,female,200,0,10
35250717,male,195,0,35
35250718,female,170,0,5
35250718,male,175,0,25
35250719,female,155,0,0
35250719,male,190,5,20
35250720,female,220,5,5
35250720,male,225,10,40
35250721,female,225,5,0
35250721,male,260,0,35
35250724,female,190,5,5
35250724,male,210,0,35
35250725,female,175,0,5
35250725,male,190,0,35
35250726,female,245,5,0
35250726,male,215,5,35
35250727,female,120,5,0
35250727,male,125,5,20
35250728,female,210,10,0
35250728,male,225,5,25
35250729,female,180,5,0
35250729,male,180,0,15
35250730,female,280,10,5
35250730,male,255,10,40
35250731,female,265,10,10
35250731,male,210,0,40
35250732,female,200,0,0
35250732,male,195,0,20
35250733,female,275,0,0
35250733,male,255,5,25
35250734,female,235,0,0
35250734,male,215,0,35
35250735,female,205,5,0
35250735,male,220,0,25
35250736,female,220,0,5
35250736,male,240,5,25
35250737,female,210,0,0
35250737,male,195,0,15
35250738,female,240,5,0
35250738,male,225,0,15
35250739,female,240,5,0
35250739,male,235,5,20
35250740,female,235,5,0
35250740,male,230,5,30
35250741,female,210,0,0
35250741,male,215,0,30
35250742,female,230,0,0
35250742,male,235,0,15
35250743,female,170,5,5
35250743,male,180,0,30
35250744,female,285,5,0
35250744,male,280,5,45
35250745,female,180,5,5
35250745,male,180,5,45
35250746,female,165,5,0
35250746,male,140,5,20
35250747,female,160,5,0
35250747,male,185,5,10
35250748,female,175,0,5
35250748,male,175,5,30
35250749,female,185,5,5
35250749,male,190,5,35
35250750,female,215,10,5
35250750,male,215,5,20
35250753,female,190,5,5
35250753,male,180,5,25
35250754,female,190,0,0
35250754,male,185,5,25
35250755,female,170,10,0
35250755,male,180,10,15
35250756,female,195,5,5
35250756,male,195,15,35
35250757,female,195,5,0
35250757,male,230,0,10
35250758,female,180,5,10
35250758,male,165,5,15
35250759,female,210,5,0
35250759,male,230,5,20
35250760,female,195,10,10
35250760,male,210,5,30
35250761,female,220,0,0
35250761,male,195,5,20
35250762,female,230,5,0
35250762,male,275,5,20
35250763,female,205,5,0
35250763,male,210,5,20
35250764,female,185,5,0
35250764,male,215,10,15
35250765,female,220,10,5
35250765,male,180,5,25
35250766,female,225,5,0
35250766,male,210,0,30
35250767,female,200,0,5
35250767,male,205,0,20
35250768,female,225,0,5
35250768,male,210,0,30
35250769,female,195,0,5
35250769,male,185,5,25
35250770,female,205,5,20
35250770,male,195,10,50
35250771,female,185,5,5
35250771,male,225,5,30
35250772,female,185,0,5
35250772,male,180,5,30
35250773,female,230,5,5
35250773,male,225,0,50
35250774,female,200,5,0
35250774,male,190,0,30
35250775,female,210,5,0
35250775,male,215,0,20
35250776,female,165,5,0
35250776,male,190,5,15
35250777,female,200,0,0
35250777,male,220,0,30
35250778,female,200,0,5
35250778,male,170,5,15
35250779,female,155,5,0
35250779,male,165,5,15
35250780,female,210,0,5
35250780,male,200,0,25
35250781,female,180,5,5
35250781,male,180,0,10
35250782,female,195,5,0
35250782,male,180,0,20
35250783,female,230,0,0
35250783,male,235,0,20
35250784,female,215,5,0
35250784,male,215,5,15
35250785,female,230,5,5
35250785,male,195,0,15
35250786,female,195,10,0
35250786,male,225,10,40
35250787,female,320,5,0
35250787,male,300,0,20
35250788,female,220,0,0
35250788,male,235,5,10
35250789,female,240,5,0
35250789,male,200,0,35
35250790,female,245,10,0
35250790,male,240,5,15
35250791,female,190,0,0
35250791,male,185,5,15
35250792,female,250,5,0
35250792,male,260,0,35
35250793,female,230,0,0
35250793,male,210,0,30
35250798,female,105,0,5
35250798,male,140,0,35
35250799,female,185,0,10
35250799,male,195,5,45
35250800,female,170,5,15
35250800,male,195,0,60
35250801,female,335,15,10
35250801,male,250,5,80
35250802,female,180,5,10
35250802,male,155,5,35
35250803,female,130,10,5
35250803,male,160,5,35
35250804,female,765,15,20
35250804,male,750,15,375
35250805,female,395,10,20
35250805,male,400,5,185
35250806,female,165,5,5
35250806,male,180,0,50
35250807,female,395,0,15
35250807,male,390,0,130
35250810,female,340,5,0
35250810,male,350,5,75
35250812,female,175,0,0
35250812,male,185,5,25
35250813,female,230,5,0
35250813,male,230,0,35
35250814,female,210,0,0
35250814,male,215,0,35
35250815,female,640,15,5
35250815,male,625,10,75
35250826,female,385,10,0
35250826,male,395,5,40
35250827,female,140,0,5
35250827,male,150,0,10
35250828,female,165,0,0
35250828,male,140,0,15
35250829,female,205,5,0
35250829,male,200,0,15
35250830,female,235,10,5
35250830,male,185,5,30
35250831,female,550,15,5
35250831,male,390,5,100
35250832,female,140,5,0
35250832,male,110,0,20
35250833,female,160,0,0
35250833,male,140,5,25
35250834,female,185,0,0
35250834,male,160,0,30
35250835,female,210,0,0
35250835,male,190,0,15
35250836,female,190,0,0
35250836,male,185,0,10
35250843,female,385,10,15
35250843,male,345,10,175
35250845,female,625,10,60
35250845,male,715,15,170
35250846,female,380,30,40
35250846,male,250,10,110
35250847,female,170,5,20
35250847,male,170,10,150
35250848,female,445,10,35
35250848,male,375,5,130
35250849,female,355,10,15
35250849,male,425,5,215
35250850,female,365,5,10
35250850,male,385,5,135
35250851,female,515,30,95
35250851,male,525,15,660
35250852,female,590,20,40
35250852,male,530,20,315
35250853,female,225,5,120
35250853,male,205,10,415
35250854,female,215,5,35
35250854,male,250,0,280
35250855,female,185,10,50
35250855,male,195,5,335
35250857,female,195,0,0
35250857,male,175,5,100
35250859,female,315,5,10
35250859,male,265,5,115
35250860,female,635,10,45
35250860,male,560,10,390
35250861,female,135,0,10
35250861,male,125,0,120
35250862,female,235,5,0
35250862,male,255,5,20
35250863,female,175,5,5
35250863,male,215,10,15
35250864,female,225,10,0
35250864,male,260,0,10
35250865,female,260,10,0
35250865,male,270,5,30
35250866,female,240,10,0
35250866,male,260,10,30
35250867,female,235,0,0
35250867,male,235,0,30
35250868,female,185,5,0
35250868,male,195,5,15
35250869,female,235,0,5
35250869,male,240,5,20
35250870,female,345,5,0
35250870,male,355,5,30
35250871,female,230,5,0
35250871,male,250,5,15
35250872,female,285,0,5
35250872,male,340,5,30
35250873,female,295,0,0
35250873,male,315,0,25
35250874,female,295,5,5
35250874,male,330,5,35
35250875,female,320,0,0
35250875,male,360,10,45
35250876,female,185,0,0
35250876,male,210,0,40
35250877,female,215,10,0
35250877,male,205,5,25
35250878,female,235,0,0
35250878,male,240,5,10
35250879,female,305,5,0
35250879,male,320,10,30
35250880,female,235,0,5
35250880,male,195,5,30
35250881,female,315,5,0
35250881,male,250,5,15
35250882,female,390,0,0
35250882,male,370,0,35
35250883,female,265,5,0
35250883,male,245,5,35
35250884,female,265,5,0
35250884,male,250,0,25
35250885,female,235,5,0
35250885,male,230,10,35
35250886,female,250,5,0
35250886,male,235,5,25
35250887,female,335,0,5
35250887,male,320,5,25
35250888,female,250,0,0
35250888,male,225,5,15
35250889,female,245,10,0
35250889,male,245,5,25
35250890,female,195,0,0
35250890,male,200,0,15
35250891,female,215,5,0
35250891,male,240,5,15
35250892,female,1140,10,0
35250892,male,1165,20,180
35250893,female,250,0,0
35250893,male,280,5,20
35250894,female,215,5,0
35250894,male,210,5,20
35250895,female,270,0,0
35250895,male,255,5,30
35250896,female,225,5,0
35250896,male,215,10,15
35250897,female,275,0,0
35250897,male,265,0,25
35250898,female,220,0,0
35250898,male,225,0,25
35250899,female,210,0,5
35250899,male,230,0,30
35250900,female,175,0,0
35250900,male,210,5,15
35250901,female,240,0,10
35250901,male,225,5,35
35250902,female,205,5,0
35250902,male,230,0,15
35250903,female,270,0,0
35250903,male,305,0,25
35250904,female,280,5,0
35250904,male,285,0,25
35250905,female,265,5,0
35250905,male,260,0,20
35250906,female,255,5,0
35250906,male,260,0,35
35250907,female,205,5,0
35250907,male,210,0,40
35250908,female,210,5,0
35250908,male,240,5,50
35250909,female,525,10,30
35250909,male,570,10,325
35250910,female,455,5,15
35250910,male,425,10,210
35250911,female,240,0,5
35250911,male,245,0,100
35250912,female,215,10,10
35250912,male,230,5,115
35250913,female,225,10,15
35250913,male,190,5,115
35250914,female,165,10,0
35250914,male,145,5,60
35250918,female,935,15,5
35250918,male,645,15,140
35250919,female,295,5,0
35250919,male,275,5,50
35250920,female,510,10,10
35250920,male,520,15,120
35250921,female,305,10,0
35250921,male,320,5,55
35250922,female,290,0,5
35250922,male,310,5,40
35250923,female,180,5,0
35250923,male,195,5,35
35250924,female,165,5,0
35250924,male,190,5,25
35250925,female,265,0,0
35250925,male,260,5,25
35250928,female,205,0,0
35250928,male,220,0,30
35250929,female,275,5,0
35250929,male,300,0,45
35250930,female,285,0,0
35250930,male,280,0,35
35250931,female,260,5,0
35250931,male,290,5,40
35250932,female,195,5,5
35250932,male,185,5,25
35250933,female,210,5,0
35250933,male,205,5,25
35250934,female,170,5,0
35250934,male,225,0,20
35250935,female,470,15,0
35250935,male,465,20,35
35250936,female,200,5,0
35250936,male,220,0,25
35250937,female,385,5,5
35250937,male,405,5,75
35250938,female,315,5,5
35250938,male,315,5,35
35250939,female,265,0,0
35250939,male,255,0,30
35250940,female,210,0,0
35250940,male,195,0,20
35250941,female,315,0,5
35250941,male,315,5,70
35250942,female,200,0,0
35250942,male,230,0,25
35250943,female,400,5,5
35250943,male,370,10,65
35250944,female,230,5,0
35250944,male,235,0,25
35250945,female,300,0,0
35250945,male,285,0,30
35250946,female,210,5,0
35250946,male,195,5,15
35250947,female,330,5,0
35250947,male,305,5,40
35250948,female,445,10,15
35250948,male,465,10,180
35250949,female,200,0,0
35250949,male,195,5,20
35250950,female,205,0,0
35250950,male,195,5,20
35250951,female,250,10,0
35250951,male,280,10,20
35250952,female,890,10,5
35250952,male,835,5,135
35250953,female,130,0,5
35250953,male,145,0,45
35250954,female,150,5,15
35250954,male,165,5,60
35250955,female,130,10,20
35250955,male,90,5,85
35250956,female,220,10,15
35250956,male,265,10,85
35250957,female,205,5,5
35250957,male,200,10,35
35250958,female,190,5,5
35250958,male,205,10,25
35250959,female,185,5,0
35250959,male,185,5,15
35250960,female,180,0,5
35250960,male,200,5,45
35250961,female,170,5,20
35250961,male,180,5,35
35250962,female,170,0,15
35250962,male,225,0,115
35250963,female,1020,25,10
35250963,male,810,10,380
35250964,female,225,0,5
35250964,male,190,0,65
35250965,female,135,0,5
35250965,male,140,0,45
35250966,female,F,F,F
35250966,male,F,F,F
35250967,female,185,0,0
35250967,male,175,5,55
35250968,female,165,0,5
35250968,male,165,5,95
35250969,female,175,0,5
35250969,male,230,5,45
35250970,female,135,5,10
35250970,male,120,5,95
35250971,female,140,0,0
35250971,male,160,5,60
35250972,female,150,5,5
35250972,male,150,5,65
35250973,female,170,5,5
35250973,male,165,0,60
35250974,female,140,0,10
35250974,male,165,0,65
35250975,female,165,0,0
35250975,male,180,5,40
35250976,female,115,5,0
35250976,male,125,5,35
35250978,female,995,15,10
35250978,male,965,15,200
35250980,female,145,0,0
35250980,male,155,0,15
35250981,female,770,20,25
35250981,male,740,10,400
35250982,female,155,5,0
35250982,male,80,0,35
35250983,female,185,0,0
35250983,male,165,0,35
35250985,female,460,0,5
35250985,male,455,0,120
35250986,female,570,5,0
35250986,male,560,0,145
35250987,female,340,0,5
35250987,male,300,5,35
35250988,female,325,5,20
35250988,male,280,5,230
35250989,female,335,5,25
35250989,male,315,5,200
35250990,female,220,5,10
35250990,male,190,5,65
35250991,female,235,0,10
35250991,male,220,0,115
35250992,female,145,0,5
35250992,male,180,0,70
35250993,female,60,0,0
35250993,male,55,0,20
35250994,female,345,10,5
35250994,male,335,5,145
35250995,female,660,10,35
35250995,male,525,10,270
35250996,female,480,5,5
35250996,male,465,5,130
35250997,female,520,5,5
35250997,male,420,5,80
35250998,female,240,5,0
35250998,male,240,5,40
35250999,female,385,10,0
35250999,male,385,10,85
35251000,female,110,0,5
35251000,male,130,0,60
35251001,female,160,0,10
35251001,male,170,0,120
35251002,female,140,0,5
35251002,male,150,0,100
35251003,female,170,5,0
35251003,male,130,5,40
35251004,female,185,0,5
35251004,male,175,5,55
35251005,female,435,10,0
35251005,male,370,15,100
35251006,female,380,5,0
35251006,male,355,10,60
35251007,female,360,5,0
35251007,male,340,5,80
35251008,female,190,0,0
35251008,male,175,5,25
35251009,female,335,0,5
35251009,male,360,0,95
35251010,female,280,5,0
35251010,male,290,5,50
35251011,female,235,0,0
35251011,male,235,5,85
35251012,female,165,5,10
35251012,male,165,0,120
35251013,female,290,5,5
35251013,male,310,5,160
35251014,female,120,0,10
35251014,male,120,0,55
35251015,female,220,0,5
35251015,male,255,5,90
35251016,female,185,0,0
35251016,male,180,5,65
35251017,female,195,5,5
35251017,male,180,0,75
35251018,female,305,5,10
35251018,male,280,5,120
35251019,female,140,5,0
35251019,male,135,5,50
35251020,female,355,10,5
35251020,male,380,5,110
35251021,female,265,5,5
35251021,male,250,5,70
35251022,female,645,10,15
35251022,male,625,5,260
35251023,female,330,5,15
35251023,male,345,5,120
35251024,female,415,5,5
35251024,male,420,5,130
35251025,female,315,5,15
35251025,male,225,5,125
35251026,female,195,5,10
35251026,male,180,0,90
35260307,female,345,5,0
35260307,male,345,5,35
35260309,female,630,10,0
35260309,male,625,5,55
35260310,female,185,0,0
35260310,male,205,5,15
35260311,female,410,5,0
35260311,male,405,10,60
35260313,female,250,5,0
35260313,male,235,0,30
35260314,female,240,5,0
35260314,male,240,0,15
35260315,female,200,0,5
35260315,male,205,0,20
35260316,female,235,0,0
35260316,male,220,0,30
35260317,female,195,0,0
35260317,male,190,5,15
35260318,female,205,0,0
35260318,male,225,0,20
35260319,female,160,0,0
35260319,male,155,0,25
35260320,female,205,0,0
35260320,male,180,0,15
35260321,female,250,10,0
35260321,male,285,5,35
35260322,female,210,0,0
35260322,male,180,0,15
35260323,female,235,5,0
35260323,male,230,0,15
35260324,female,320,5,0
35260324,male,295,5,20
35260325,female,200,5,0
35260325,male,150,5,15
35260326,female,285,5,0
35260326,male,275,0,30
35260327,female,160,5,0
35260327,male,165,5,15
35260328,female,145,0,0
35260328,male,145,0,20
35260330,female,240,5,0
35260330,male,215,10,25
35260332,female,165,5,0
35260332,male,180,5,35
35260333,female,240,10,0
35260333,male,245,10,50
35260334,female,195,0,0
35260334,male,200,0,30
35260335,female,760,10,0
35260335,male,690,5,110
35260336,female,655,10,5
35260336,male,670,10,85
35260337,female,135,0,0
35260337,male,140,0,20
35260338,female,705,5,0
35260338,male,720,10,120
35260339,female,255,0,0
35260339,male,265,0,20
35260340,female,450,0,5
35260340,male,430,10,115
35260341,female,220,5,5
35260341,male,225,10,60
35260342,female,210,5,0
35260342,male,220,0,30
35260734,female,620,10,5
35260734,male,610,0,80
35260828,female,195,0,0
35260828,male,170,0,60
35260829,female,225,5,0
35260829,male,200,0,30
35260830,female,410,5,5
35260830,male,400,0,45
35260831,female,200,0,0
35260831,male,180,0,25
35260832,female,380,5,5
35260832,male,370,0,50
35260833,female,345,0,0
35260833,male,325,5,30
