geo_code,,less than 15 minutes,15 to 29 minutes,30 to 44 minutes,45 to 59 minutes,60 minutes and over
35240317,female,55,55,35,35,15
35240317,male,30,40,45,20,45
35240318,female,60,80,25,15,15
35240318,male,55,45,30,30,15
35240319,female,40,65,0,0,20
35240319,male,40,40,20,10,30
35240320,female,50,70,55,25,25
35240320,male,20,45,50,15,15
35240321,female,65,75,35,25,0
35240321,male,45,45,50,25,35
35240322,female,30,65,25,0,0
35240322,male,25,55,15,15,25
35240323,female,50,25,20,10,20
35240323,male,65,55,30,10,20
35240324,female,60,95,40,10,25
35240324,male,40,55,60,20,55
35240325,female,30,50,10,10,0
35240325,male,25,50,30,0,15
35240326,female,40,30,20,0,0
35240326,male,40,30,20,30,25
35240327,female,50,25,20,0,10
35240327,male,30,50,20,10,25
35240328,female,35,20,30,10,10
35240328,male,35,30,35,10,15
35240329,female,65,30,40,0,10
35240329,male,60,60,25,10,25
35240330,female,40,45,35,20,20
35240330,male,35,30,20,30,15
35240331,female,75,80,35,10,20
35240331,male,40,85,50,25,25
35240332,female,15,50,25,10,10
35240332,male,25,35,20,20,30
35240333,female,15,45,20,10,15
35240333,male,25,25,20,10,20
35240334,female,25,35,15,10,15
35240334,male,20,35,15,20,20
35240335,female,35,45,15,0,10
35240335,male,10,45,45,10,10
35240336,female,45,25,30,0,10
35240336,male,35,15,30,10,15
35240337,female,45,40,20,10,20
35240337,male,20,40,30,15,25
35240338,female,105,85,20,25,10
35240338,male,55,50,55,30,30
35240339,female,65,100,45,20,45
35240339,male,55,65,50,20,40
35240340,female,35,30,15,10,0
35240340,male,10,35,25,15,20
35240341,female,70,65,35,30,35
35240341,male,15,65,65,40,60
35240342,female,35,55,25,10,10
35240342,male,20,40,30,15,15
35240343,female,10,55,10,0,10
35240343,male,25,15,20,10,0
35240344,female,45,30,0,0,25
35240344,male,20,30,30,10,15
35240345,female,45,35,15,10,0
35240345,male,20,50,25,25,15
35240346,female,40,65,15,10,10
35240346,male,15,40,50,10,25
35240347,female,20,40,10,10,15
35240347,male,30,45,30,10,25
35240348,female,25,25,35,10,15
35240348,male,30,40,20,15,30
35240349,female,80,55,35,20,20
35240349,male,35,70,35,20,25
35240350,female,65,70,25,30,20
35240350,male,45,75,35,40,45
35240351,female,55,50,35,15,15
35240351,male,45,55,25,20,15
35240352,female,30,20,15,30,0
35240352,male,15,40,25,15,10
35240353,female,65,50,25,10,30
35240353,male,25,50,35,10,10
35240354,female,20,35,30,15,10
35240354,male,25,10,30,10,15
35240355,female,35,40,25,10,0
35240355,male,20,30,20,15,10
35240356,female,25,50,40,15,25
35240356,male,20,40,25,15,40
35240357,female,15,50,10,0,20
35240357,male,35,60,10,30,25
35240358,female,30,70,35,0,25
35240358,male,70,55,40,30,40
35240359,female,60,55,25,0,20
35240359,male,50,40,20,10,20
35240363,female,30,60,10,10,20
35240363,male,40,35,45,10,20
35240364,female,35,55,20,10,15
35240364,male,15,45,20,0,40
35240365,female,25,10,10,10,0
35240365,male,40,15,15,10,10
35240366,female,35,60,30,10,25
35240366,male,20,55,30,20,30
35240367,female,45,40,25,15,20
35240367,male,25,45,50,25,15
35240368,female,45,50,20,20,10
35240368,male,25,35,40,10,20
35240369,female,70,55,25,40,40
35240369,male,55,75,30,35,30
35240370,female,35,65,10,10,35
35240370,male,50,40,35,30,10
35240371,female,25,40,0,0,0
35240371,male,30,40,15,10,10
35240372,female,40,35,10,0,0
35240372,male,30,30,15,20,0
35240373,female,20,40,15,0,10
35240373,male,30,20,20,10,10
35240374,female,40,30,25,10,15
35240374,male,45,20,30,25,20
35240375,female,25,60,35,10,25
35240375,male,35,60,30,0,20
35240376,female,35,70,25,25,0
35240376,male,25,45,45,15,10
35240377,female,30,40,10,10,0
35240377,male,25,55,15,0,15
35240378,female,20,55,30,10,0
35240378,male,20,45,30,20,15
35240379,female,30,25,0,15,10
35240379,male,25,20,30,0,10
35240380,female,30,15,10,20,20
35240380,male,10,45,30,10,10
35240381,female,90,135,30,25,30
35240381,male,60,85,60,35,45
35240382,female,50,25,15,10,10
35240382,male,30,20,20,20,15
35240383,female,25,35,30,0,20
35240383,male,20,50,10,10,30
35240384,female,40,30,30,15,10
35240384,male,40,35,25,15,30
35240385,female,15,25,15,15,10
35240385,male,30,20,30,15,20
35240386,female,15,15,0,10,15
35240386,male,20,10,10,10,20
35240387,female,30,55,10,0,0
35240387,male,50,20,55,15,20
35240388,female,25,90,25,10,10
35240388,male,25,60,35,30,20
35240391,female,20,20,10,0,20
35240391,male,15,10,10,10,10
35240392,female,50,30,45,10,15
35240392,male,55,40,35,25,20
35240393,female,35,50,30,10,20
35240393,male,35,30,20,25,35
35240394,female,30,50,0,0,15
35240394,male,40,30,0,0,20
35240395,female,35,20,25,30,10
35240395,male,25,50,30,25,30
35240396,female,15,35,10,10,10
35240396,male,30,25,15,0,15
35240397,female,125,225,95,60,50
35240397,male,70,155,70,50,80
35240398,female,20,40,20,15,10
35240398,male,35,35,15,20,10
35240399,female,25,35,10,10,10
35240399,male,40,45,25,10,20
35240400,female,60,205,35,25,25
35240400,male,50,155,50,40,45
35240401,female,40,105,10,20,35
35240401,male,40,105,40,25,25
35240402,female,40,35,15,10,0
35240402,male,30,45,30,15,10
35240403,female,10,25,10,0,10
35240403,male,20,25,0,15,10
35240404,female,35,55,25,0,0
35240404,male,40,60,50,0,20
35240405,female,40,45,15,10,10
35240405,male,30,65,25,20,20
35240406,female,50,35,0,10,10
35240406,male,25,30,10,10,30
35240409,female,25,70,25,10,10
35240409,male,40,60,40,0,15
35240410,female,35,25,15,0,10
35240410,male,20,30,0,0,15
35240411,female,40,50,15,10,15
35240411,male,35,40,55,15,35
35240412,female,35,25,15,0,0
35240412,male,20,40,15,0,20
35240413,female,40,45,15,0,20
35240413,male,20,25,10,10,35
35240414,female,20,35,20,0,10
35240414,male,25,35,20,15,15
35240417,female,25,55,25,15,20
35240417,male,15,60,40,10,30
35240420,female,40,45,10,0,10
35240420,male,60,40,20,10,25
35240421,female,25,40,10,0,15
35240421,male,15,20,10,0,10
35240422,female,25,20,25,30,25
35240422,male,50,30,0,0,20
35240423,female,35,75,10,10,10
35240423,male,45,35,15,20,25
35240425,female,50,30,10,15,20
35240425,male,20,40,15,20,10
35240427,female,95,55,35,0,25
35240427,male,65,90,35,10,35
35240428,female,15,55,35,10,20
35240428,male,30,30,25,25,20
35240429,female,40,40,15,20,15
35240429,male,25,70,30,0,0
35240431,female,35,30,10,0,10
35240431,male,25,30,25,0,10
35240432,female,35,25,0,0,10
35240432,male,35,20,0,10,15
35240433,female,55,20,0,0,10
35240433,male,50,30,20,10,35
35240436,female,35,30,15,0,0
35240436,male,20,35,0,0,0
35240437,female,40,25,10,10,15
35240437,male,10,45,20,15,10
35240438,female,25,55,30,10,20
35240438,male,35,45,20,10,20
35240439,female,30,50,25,10,10
35240439,male,15,95,15,10,30
35240440,female,45,45,20,20,10
35240440,male,20,60,30,20,15
35240441,female,65,30,35,10,20
35240441,male,45,55,20,20,55
35240442,female,40,20,20,0,15
35240442,male,35,40,15,0,25
35240443,female,60,45,25,0,25
35240443,male,35,45,15,20,25
35240444,female,45,35,10,0,20
35240444,male,25,40,30,10,15
35240445,female,65,30,15,10,30
35240445,male,25,70,35,20,35
35240446,female,45,15,30,10,10
35240446,male,10,50,25,10,20
35240447,female,80,65,55,10,15
35240447,male,35,70,25,10,25
35240448,female,55,40,15,0,20
35240448,male,60,60,20,15,30
35240449,female,25,25,10,15,10
35240449,male,30,30,20,10,20
35240450,female,35,50,20,15,20
35240450,male,50,40,40,10,30
35240451,female,70,50,30,10,30
35240451,male,45,50,25,10,30
35240452,female,45,40,20,0,0
35240452,male,35,45,20,0,10
35240453,female,65,25,15,0,10
35240453,male,40,50,25,20,20
35240455,female,50,30,15,10,0
35240455,male,25,40,25,10,0
35240459,female,20,15,15,0,10
35240459,male,10,35,15,0,20
35240460,female,35,20,25,0,10
35240460,male,25,25,25,10,25
35240461,female,50,50,10,0,10
35240461,male,20,40,25,10,20
35240462,female,25,25,15,10,0
35240462,male,20,30,20,0,0
35240463,female,60,35,35,0,15
35240463,male,50,45,20,20,35
35240464,female,15,35,20,10,10
35240464,male,15,30,10,0,25
35240465,female,65,100,40,10,15
35240465,male,45,60,20,20,20
35240466,female,70,70,30,10,25
35240466,male,50,70,20,15,25
35240467,female,20,45,15,10,15
35240467,male,30,35,10,15,10
35240468,female,25,60,10,10,25
35240468,male,20,60,25,20,30
35240469,female,45,75,30,10,0
35240469,male,15,35,25,15,35
35240470,female,40,40,25,0,10
35240470,male,20,65,20,10,20
35240471,female,25,10,20,10,20
35240471,male,30,20,25,25,20
35240472,female,70,50,25,20,10
35240472,male,35,15,20,30,35
35240473,female,30,45,10,10,10
35240473,male,10,20,15,25,10
35240474,female,40,45,35,0,10
35240474,male,45,30,15,20,20
35240475,female,60,45,30,10,15
35240475,male,65,75,15,0,40
35240476,female,30,30,15,15,25
35240476,male,30,25,30,20,40
35240477,female,60,35,15,25,0
35240477,male,20,40,25,0,40
35240478,female,30,30,20,15,0
35240478,male,25,25,15,20,10
35240479,female,15,15,10,20,10
35240479,male,30,10,0,0,15
35240480,female,85,50,20,0,25
35240480,male,50,40,20,30,15
35240481,female,40,25,0,10,15
35240481,male,35,25,20,10,20
35240482,female,55,45,30,35,30
35240482,male,60,30,40,25,25
35240483,female,40,45,25,15,20
35240483,male,30,50,25,15,25
35240484,female,80,95,55,30,35
35240484,male,75,105,30,15,65
35240485,female,30,25,15,10,15
35240485,male,15,35,10,0,15
35240486,female,50,60,0,0,25
35240486,male,35,45,30,20,25
35240487,female,20,25,10,0,0
35240487,male,10,30,0,0,10
35240488,female,140,95,65,40,65
35240488,male,140,100,80,65,50
35240489,female,20,60,15,0,10
35240489,male,50,15,10,25,15
35240490,female,15,25,10,10,0
35240490,male,30,10,10,15,10
35240491,female,50,40,20,0,20
35240491,male,35,40,35,15,30
35240492,female,60,45,25,20,15
35240492,male,15,85,35,10,20
35240493,female,50,40,10,0,10
35240493,male,30,20,20,15,15
35240494,female,35,45,25,10,10
35240494,male,35,40,35,15,20
35240495,female,20,45,20,25,10
35240495,male,20,65,35,10,20
35240496,female,10,40,10,10,0
35240496,male,20,35,0,15,35
35240497,female,40,45,15,15,20
35240497,male,45,45,10,10,20
35240498,female,20,30,10,0,15
35240498,male,0,50,10,10,10
35240499,female,35,25,10,10,10
35240499,male,15,10,20,0,20
35240501,female,25,20,10,10,0
35240501,male,0,10,30,10,15
35240503,female,30,50,20,0,10
35240503,male,30,55,25,0,30
35240504,female,30,30,25,20,10
35240504,male,15,30,20,20,25
35240505,female,30,50,35,15,15
35240505,male,15,45,20,15,20
35240506,female,25,30,20,10,10
35240506,male,35,15,35,10,25
35240507,female,40,35,25,10,20
35240507,male,15,50,20,15,25
35240508,female,40,60,25,15,10
35240508,male,25,75,45,0,45
35240509,female,35,85,10,20,10
35240509,male,30,50,15,10,20
35240512,female,25,30,10,10,10
35240512,male,10,25,10,10,10
35240513,female,35,50,20,10,0
35240513,male,20,35,25,20,15
35240516,female,40,45,10,10,25
35240516,male,40,35,30,35,20
35240517,female,35,40,15,20,0
35240517,male,25,55,25,25,25
35240518,female,50,60,30,10,25
35240518,male,25,70,40,15,35
35240519,female,25,35,15,0,10
35240519,male,0,30,35,25,0
35240520,female,60,85,25,10,10
35240520,male,35,50,35,25,25
35240521,female,50,35,25,10,10
35240521,male,45,30,30,20,20
35240522,female,15,30,10,10,0
35240522,male,20,20,20,10,20
35240523,female,15,40,10,10,10
35240523,male,10,50,20,0,10
35240524,female,15,30,20,25,20
35240524,male,0,10,35,20,10
35240525,female,45,30,25,15,40
35240525,male,25,35,30,20,15
35240526,female,10,25,10,0,15
35240526,male,25,15,0,10,25
35240528,female,40,45,0,10,10
35240528,male,25,50,30,10,30
35240529,female,45,45,25,10,10
35240529,male,15,40,25,20,15
35240530,female,50,30,30,15,10
35240530,male,60,40,30,15,10
35240531,female,65,40,20,10,10
35240531,male,20,30,25,20,20
35240532,female,105,125,65,35,30
35240532,male,90,70,50,65,50
35240533,female,60,30,10,0,0
35240533,male,50,40,20,0,25
35240534,female,35,35,20,0,25
35240534,male,35,65,35,10,10
35240535,female,10,50,10,10,20
35240535,male,40,70,10,10,25
35240536,female,55,55,30,15,25
35240536,male,45,50,45,20,50
35240537,female,75,80,40,10,10
35240537,male,10,85,30,20,20
35240538,female,120,105,50,20,35
35240538,male,65,90,50,25,55
35240539,female,60,75,35,25,50
35240539,male,45,85,50,30,45
35240540,female,40,45,15,0,15
35240540,male,30,45,15,10,10
35240541,female,50,25,10,0,15
35240541,male,35,10,10,20,40
35240542,female,45,50,25,0,15
35240542,male,20,15,25,15,25
35240543,female,60,40,15,15,10
35240543,male,65,45,30,10,20
35240544,female,35,45,10,15,15
35240544,male,15,40,10,10,0
35240545,female,75,75,40,10,35
35240545,male,60,60,30,30,50
35240546,female,45,80,20,10,30
35240546,male,30,80,45,20,25
35240590,female,85,105,35,15,40
35240590,male,45,115,35,15,15
35240591,female,70,115,35,20,30
35240591,male,55,125,40,15,40
35240592,female,90,165,85,30,60
35240592,male,125,195,105,70,75
35240593,female,70,100,55,15,50
35240593,male,70,105,75,40,60
35240594,female,80,75,30,15,10
35240594,male,90,60,55,20,30
35240595,female,90,70,45,15,20
35240595,male,75,30,65,15,10
35240596,female,55,80,25,20,10
35240596,male,50,75,20,25,30
35240598,female,105,190,110,10,75
35240598,male,80,150,95,50,75
35240641,female,10,40,20,15,20
35240641,male,15,20,20,30,30
35240642,female,25,40,20,10,20
35240642,male,30,35,25,15,10
35240643,female,30,60,20,15,0
35240643,male,35,40,45,25,35
35240644,female,10,45,15,0,10
35240644,male,0,50,20,10,20
35240645,female,0,35,10,0,10
35240645,male,15,65,10,0,0
35240647,female,0,70,40,15,15
35240647,male,10,50,55,10,25
35240648,female,60,90,40,15,40
35240648,male,25,60,55,0,30
35240649,female,80,80,30,10,10
35240649,male,55,50,45,10,30
35240650,female,55,55,40,20,10
35240650,male,60,55,50,25,10
35240651,female,40,50,15,0,10
35240651,male,25,30,35,10,35
35240654,female,50,50,25,0,15
35240654,male,55,55,20,10,15
35240655,female,55,55,60,10,30
35240655,male,40,55,70,25,40
35240656,female,40,15,0,10,10
35240656,male,30,30,10,0,20
35240659,female,80,80,50,10,20
35240659,male,40,55,30,20,50
35240660,female,50,45,25,15,15
35240660,male,35,30,30,10,15
35240661,female,15,55,20,10,20
35240661,male,40,60,30,10,25
35240662,female,115,140,85,30,60
35240662,male,100,100,85,40,80
35240663,female,45,50,30,30,15
35240663,male,25,35,30,15,35
35240664,female,20,40,25,10,10
35240664,male,35,25,45,10,10
35240665,female,35,40,10,10,20
35240665,male,30,15,20,10,25
35240666,female,65,95,35,25,35
35240666,male,55,50,55,25,25
35240667,female,40,35,55,35,25
35240667,male,20,35,35,30,35
35240668,female,45,40,30,0,30
35240668,male,20,15,50,15,55
35240669,female,60,100,40,30,40
35240669,male,70,50,80,45,60
35240670,female,35,40,45,10,35
35240670,male,40,55,40,15,20
35240671,female,50,50,25,15,10
35240671,male,20,75,30,20,15
35240672,female,65,90,45,20,25
35240672,male,30,50,60,50,45
35240673,female,30,35,10,10,20
35240673,male,30,20,30,10,15
35240674,female,20,75,35,10,25
35240674,male,50,70,55,10,25
35240675,female,95,80,60,20,35
35240675,male,65,90,35,30,80
35240676,female,50,105,45,25,35
35240676,male,60,80,30,30,40
35240677,female,25,35,20,10,20
35240677,male,35,45,25,20,10
35240678,female,125,110,50,20,55
35240678,male,100,120,35,40,70
35240679,female,45,75,20,15,15
35240679,male,75,45,50,10,25
35240680,female,75,130,60,30,40
35240680,male,85,110,65,55,55
35240681,female,55,40,30,0,10
35240681,male,35,40,25,10,15
35240682,female,50,65,40,10,40
35240682,male,40,45,50,15,50
35240683,female,65,85,25,0,10
35240683,male,35,45,45,15,30
35240684,female,80,45,40,15,40
35240684,male,45,40,20,15,30
35240685,female,50,115,50,35,40
35240685,male,55,70,55,45,70
35240686,female,80,110,45,25,50
35240686,male,65,65,60,50,75
35240756,female,55,70,25,15,25
35240756,male,35,60,50,20,20
35240757,female,35,55,15,20,25
35240757,male,20,35,55,10,30
35240758,female,55,110,35,10,15
35240758,male,55,90,45,35,45
35240759,female,20,45,10,10,10
35240759,male,35,50,10,15,20
35240780,female,65,80,45,20,40
35240780,male,60,60,55,40,20
35240782,female,70,50,30,10,20
35240782,male,60,45,40,30,30
35240783,female,25,20,10,10,10
35240783,male,0,10,30,10,15
35240785,female,60,85,20,10,15
35240785,male,60,50,35,45,35
35240807,female,75,95,25,20,35
35240807,male,45,65,35,15,60
35240808,female,30,45,30,10,20
35240808,male,25,40,10,10,35
35240809,female,0,10,0,0,0
35240809,male,0,10,0,0,10
35240898,female,185,240,105,70,110
35240898,male,195,225,165,75,145
35240903,female,x,x,x,x,x
35240903,male,x,x,x,x,x
35240904,female,90,130,30,20,95
35240904,male,75,110,70,55,75
35250030,female,20,35,10,10,10
35250030,male,15,20,20,25,15
35250031,female,15,50,10,15,10
35250031,male,0,55,10,0,25
35250032,female,40,45,20,0,10
35250032,male,35,60,25,20,25
35250033,female,45,40,10,15,0
35250033,male,25,50,45,20,10
35250034,female,80,60,20,20,10
35250034,male,40,60,30,40,25
35250035,female,15,60,20,10,10
35250035,male,10,30,30,30,20
35250036,female,30,55,25,10,10
35250036,male,25,40,25,20,25
35250037,female,35,60,15,10,0
35250037,male,25,65,20,25,20
35250038,female,55,40,20,0,25
35250038,male,25,45,40,0,20
35250039,female,50,40,15,10,10
35250039,male,10,15,20,0,15
35250040,female,25,20,20,10,10
35250040,male,20,15,25,10,0
35250041,female,40,20,20,15,10
35250041,male,15,60,0,15,15
35250042,female,15,25,15,0,0
35250042,male,10,25,10,15,0
35250043,female,20,65,30,15,15
35250043,male,50,25,30,15,25
35250044,female,10,45,10,10,0
35250044,male,15,25,25,0,10
35250045,female,30,30,15,20,10
35250045,male,15,55,25,10,15
35250046,female,30,35,10,15,15
35250046,male,30,65,30,0,25
35250047,female,40,30,15,0,10
35250047,male,20,25,30,10,45
35250048,female,25,15,0,0,10
35250048,male,10,20,15,0,10
35250049,female,15,55,15,10,10
35250049,male,10,35,25,10,15
35250050,female,25,55,20,10,10
35250050,male,25,20,20,10,0
35250051,female,80,145,50,15,15
35250051,male,45,90,75,35,55
35250052,female,10,25,15,15,10
35250052,male,0,20,25,10,0
35250053,female,35,70,25,10,10
35250053,male,15,90,15,15,25
35250054,female,20,35,15,0,10
35250054,male,0,45,10,10,10
35250055,female,25,105,50,10,10
35250055,male,25,45,45,20,25
35250056,female,10,25,0,0,0
35250056,male,0,30,10,0,10
35250059,female,60,130,55,10,25
35250059,male,65,90,85,20,45
35250060,female,25,50,45,0,20
35250060,male,10,50,30,10,20
35250061,female,0,45,20,0,10
35250061,male,10,50,15,0,15
35250062,female,25,80,10,15,10
35250062,male,25,40,55,0,10
35250064,female,40,80,35,15,0
35250064,male,35,70,30,10,25
35250065,female,35,40,20,25,15
35250065,male,35,50,15,20,10
35250066,female,25,40,10,0,10
35250066,male,10,40,25,0,0
35250067,female,30,70,25,0,10
35250067,male,25,50,25,25,30
35250070,female,40,15,15,15,10
35250070,male,30,25,10,20,20
35250073,female,45,60,20,0,10
35250073,male,15,20,25,20,30
35250074,female,10,25,15,0,0
35250074,male,0,15,20,10,15
35250075,female,20,30,25,10,10
35250075,male,30,40,25,0,30
35250077,female,20,85,30,0,10
35250077,male,20,50,25,15,15
35250078,female,15,55,10,10,0
35250078,male,10,40,10,20,25
35250079,female,10,25,0,10,0
35250079,male,0,25,15,10,0
35250080,female,30,55,20,10,15
35250080,male,10,50,20,35,10
35250081,female,65,110,40,15,25
35250081,male,20,125,20,25,55
35250082,female,10,20,0,0,0
35250082,male,0,25,0,0,10
35250083,female,30,30,30,10,15
35250083,male,20,35,10,15,25
35250084,female,0,25,10,0,10
35250084,male,10,35,15,15,15
35250085,female,15,45,10,0,0
35250085,male,35,30,25,0,10
35250086,female,20,50,15,0,15
35250086,male,15,40,15,0,15
35250087,female,30,35,20,0,0
35250087,male,15,45,15,15,10
35250088,female,35,40,10,0,0
35250088,male,0,15,20,20,15
35250089,female,65,35,20,15,10
35250089,male,25,35,20,0,10
35250093,female,25,65,10,10,0
35250093,male,15,55,30,20,20
35250094,female,10,40,15,10,15
35250094,male,15,15,40,0,0
35250095,female,25,30,10,15,0
35250095,male,15,60,0,25,15
35250096,female,45,65,25,20,0
35250096,male,10,55,35,15,25
35250097,female,20,30,10,10,10
35250097,male,15,15,10,0,10
35250098,female,0,25,15,0,0
35250098,male,15,0,0,0,20
35250099,female,45,75,10,10,10
35250099,male,60,80,20,15,20
35250100,female,20,65,10,10,15
35250100,male,20,55,20,0,10
35250101,female,20,55,15,0,0
35250101,male,40,60,10,10,0
35250102,female,15,15,10,0,0
35250102,male,25,45,0,0,10
35250105,female,35,45,10,15,10
35250105,male,30,65,25,15,25
35250106,female,35,30,15,10,15
35250106,male,25,30,30,15,10
35250107,female,30,70,20,15,10
35250107,male,25,55,30,0,20
35250108,female,15,30,20,10,0
35250108,male,15,40,40,20,10
35250109,female,45,65,15,10,15
35250109,male,10,70,30,0,20
35250110,female,35,50,20,0,10
35250110,male,15,70,35,10,0
35250111,female,25,40,0,10,10
35250111,male,10,35,20,10,10
35250112,female,10,35,10,0,10
35250112,male,0,45,15,0,10
35250113,female,15,25,10,10,0
35250113,male,35,30,25,10,10
35250114,female,30,20,15,10,10
35250114,male,10,30,30,0,10
35250115,female,95,140,50,35,30
35250115,male,40,140,80,0,60
35250116,female,70,100,20,15,10
35250116,male,45,75,30,10,25
35250117,female,15,30,10,0,10
35250117,male,10,30,15,10,0
35250118,female,25,40,25,10,0
35250118,male,30,15,20,0,15
35250119,female,50,35,15,0,10
35250119,male,40,35,10,10,25
35250120,female,25,45,15,10,20
35250120,male,30,30,10,10,20
35250121,female,30,60,25,25,20
35250121,male,15,40,0,15,10
35250122,female,30,15,0,0,15
35250122,male,0,15,20,0,25
35250123,female,20,40,0,0,10
35250123,male,25,35,15,15,25
35250124,female,30,50,20,0,0
35250124,male,10,40,20,10,15
35250125,female,25,50,0,0,10
35250125,male,0,45,15,10,10
35250126,female,35,50,25,0,0
35250126,male,30,60,25,10,20
35250127,female,90,175,70,20,30
35250127,male,40,145,85,75,60
35250128,female,15,65,20,10,25
35250128,male,35,45,20,15,25
35250129,female,25,50,10,10,0
35250129,male,15,40,20,10,25
35250130,female,40,40,10,10,10
35250130,male,20,40,20,0,15
35250133,female,0,0,0,0,0
35250133,male,0,10,10,0,0
35250134,female,60,55,20,0,10
35250134,male,35,45,15,15,30
35250135,female,125,170,95,15,40
35250135,male,80,210,105,10,50
35250136,female,20,45,10,15,10
35250136,male,15,25,15,0,10
35250137,female,25,50,10,0,10
35250137,male,25,30,10,0,15
35250144,female,75,155,50,45,35
35250144,male,65,175,50,35,80
35250145,female,40,70,0,10,15
35250145,male,20,45,10,15,10
35250146,female,25,75,20,10,20
35250146,male,45,95,50,10,20
35250147,female,15,35,30,10,0
35250147,male,0,40,15,0,0
35250148,female,20,80,0,10,10
35250148,male,25,45,30,10,35
35250149,female,30,50,25,10,10
35250149,male,45,60,10,0,15
35250150,female,40,50,10,10,10
35250150,male,30,55,20,0,10
35250151,female,20,35,25,0,15
35250151,male,15,40,15,15,25
35250152,female,70,120,35,10,30
35250152,male,80,100,75,20,30
35250153,female,20,70,25,0,10
35250153,male,45,60,25,0,15
35250156,female,15,30,0,10,10
35250156,male,20,35,15,0,20
35250158,female,10,60,15,10,0
35250158,male,25,50,25,10,30
35250159,female,15,50,10,0,10
35250159,male,20,40,30,0,0
35250160,female,25,40,10,0,15
35250160,male,10,25,20,10,15
35250161,female,35,95,10,0,15
35250161,male,40,90,25,10,15
35250162,female,10,50,25,15,15
35250162,male,15,65,20,0,10
35250163,female,40,25,0,10,0
35250163,male,20,65,15,10,25
35250164,female,15,45,0,10,0
35250164,male,30,30,20,0,15
35250172,female,25,25,15,10,15
35250172,male,25,20,40,10,0
35250173,female,45,120,115,15,25
35250173,male,35,115,75,25,40
35250175,female,60,175,95,25,20
35250175,male,35,150,90,50,90
35250176,female,35,55,35,0,20
35250176,male,35,100,40,30,20
35250177,female,25,70,40,25,0
35250177,male,25,65,30,20,25
35250178,female,30,45,25,15,15
35250178,male,20,80,50,15,10
35250179,female,50,70,20,20,10
35250179,male,50,80,75,20,30
35250180,female,55,170,85,20,50
35250180,male,40,140,90,45,90
35250181,female,30,40,0,35,10
35250181,male,20,35,35,10,10
35250183,female,15,35,0,10,0
35250183,male,20,45,0,10,10
35250184,female,20,65,15,0,10
35250184,male,20,45,15,10,15
35250185,female,20,35,25,10,0
35250185,male,15,30,10,15,10
35250186,female,25,30,0,0,0
35250186,male,25,20,10,0,10
35250188,female,30,65,50,10,25
35250188,male,30,70,65,15,30
35250189,female,45,75,15,15,15
35250189,male,50,95,45,20,30
35250190,female,25,45,10,0,10
35250190,male,20,45,10,20,10
35250191,female,55,85,20,0,25
35250191,male,30,50,30,10,50
35250192,female,95,170,65,30,15
35250192,male,55,205,55,35,55
35250193,female,15,20,35,10,10
35250193,male,10,30,0,20,0
35250194,female,25,35,30,0,0
35250194,male,35,55,20,10,0
35250196,female,25,45,25,10,0
35250196,male,10,40,20,0,25
35250197,female,0,50,25,10,0
35250197,male,15,45,20,10,20
35250199,female,105,245,170,60,65
35250199,male,55,235,175,75,125
35250200,female,50,50,10,20,10
35250200,male,35,65,25,10,15
35250201,female,0,40,0,0,0
35250201,male,0,20,0,0,10
35250202,female,25,95,55,10,15
35250202,male,40,115,60,25,30
35250203,female,45,80,25,45,15
35250203,male,50,75,75,25,10
35250204,female,25,20,35,25,50
35250204,male,20,95,30,35,35
35250205,female,15,35,10,0,10
35250205,male,15,35,10,10,0
35250206,female,15,50,30,15,15
35250206,male,30,60,35,10,10
35250207,female,10,55,10,0,0
35250207,male,20,25,10,15,15
35250208,female,20,45,15,0,10
35250208,male,10,50,30,0,10
35250209,female,10,35,10,10,10
35250209,male,10,35,20,15,10
35250210,female,45,55,10,0,10
35250210,male,20,55,20,10,15
35250211,female,10,25,10,0,0
35250211,male,10,15,0,0,0
35250212,female,10,40,30,0,0
35250212,male,35,25,25,0,10
35250213,female,10,40,0,0,10
35250213,male,10,50,10,0,0
35250216,female,20,35,10,10,0
35250216,male,25,50,0,0,10
35250217,female,20,45,30,15,20
35250217,male,25,90,0,10,10
35250218,female,20,50,30,15,10
35250218,male,30,55,20,10,15
35250221,female,15,40,20,0,0
35250221,male,40,60,30,20,15
35250222,female,25,30,15,10,25
35250222,male,25,50,10,10,10
35250223,female,25,45,10,0,10
35250223,male,10,40,40,25,10
35250224,female,0,35,0,0,0
35250224,male,0,45,20,0,15
35250225,female,15,30,15,10,10
35250225,male,10,35,10,10,25
35250226,female,55,20,15,10,20
35250226,male,20,30,20,10,10
35250227,female,10,50,55,15,10
35250227,male,10,75,25,25,10
35250230,female,20,30,20,0,15
35250230,male,35,85,25,0,15
35250231,female,30,40,10,15,10
35250231,male,40,25,40,10,15
35250232,female,20,35,25,10,10
35250232,male,0,40,20,0,30
35250233,female,25,30,25,20,10
35250233,male,40,25,40,0,10
35250234,female,15,25,15,20,15
35250234,male,20,35,25,0,10
35250238,female,35,40,20,10,10
35250238,male,60,75,45,0,10
35250239,female,25,10,10,0,0
35250239,male,30,25,15,0,30
35250240,female,0,40,10,10,10
35250240,male,0,60,30,10,15
35250241,female,15,30,25,0,0
35250241,male,10,35,20,0,0
35250242,female,x,x,x,x,x
35250242,male,x,x,x,x,x
35250243,female,55,55,20,15,15
35250243,male,50,40,20,15,35
35250248,female,60,70,50,10,10
35250248,male,55,110,30,10,20
35250249,female,20,30,10,0,0
35250249,male,20,30,15,10,10
35250250,female,15,45,20,0,0
35250250,male,20,45,15,0,0
35250251,female,30,15,20,0,10
35250251,male,20,25,25,10,20
35250254,female,50,80,30,0,10
35250254,male,55,40,25,0,35
35250255,female,25,35,10,15,10
35250255,male,30,25,30,15,15
35250256,female,60,30,25,10,10
35250256,male,30,50,25,20,0
35250257,female,30,35,30,0,10
35250257,male,40,40,30,0,20
35250258,female,55,40,10,0,10
35250258,male,15,55,30,20,10
35250259,female,20,35,40,0,10
35250259,male,25,30,50,0,25
35250260,female,40,45,0,15,10
35250260,male,20,50,20,15,0
35250261,female,40,30,20,0,10
35250261,male,20,35,20,10,10
35250262,female,35,60,10,10,20
35250262,male,20,65,35,0,0
35250263,female,55,100,40,10,15
35250263,male,55,100,40,30,25
35250264,female,30,35,10,0,10
35250264,male,40,20,10,10,15
35250265,female,15,55,15,10,10
35250265,male,10,45,20,0,15
35250266,female,0,30,15,0,0
35250266,male,15,25,20,10,25
35250267,female,40,50,25,25,10
35250267,male,35,35,35,15,25
35250269,female,0,20,0,0,15
35250269,male,10,25,0,0,10
35250270,female,25,25,30,10,0
35250270,male,0,25,10,10,10
35250271,female,30,35,15,10,0
35250271,male,35,35,15,10,10
35250272,female,25,0,15,0,0
35250272,male,0,25,15,0,20
35250273,female,15,20,30,10,0
35250273,male,20,50,20,0,10
35250274,female,65,110,40,20,15
35250274,male,50,85,40,30,45
35250275,female,20,35,15,15,15
35250275,male,25,20,45,30,20
35250276,female,30,40,45,20,10
35250276,male,30,60,25,0,20
35250277,female,30,15,15,10,10
35250277,male,20,35,10,15,10
35250278,female,20,35,25,10,0
35250278,male,20,35,35,10,15
35250279,female,50,40,25,10,10
35250279,male,40,70,35,0,20
35250280,female,35,30,25,10,10
35250280,male,30,30,20,10,10
35250281,female,35,30,10,10,15
35250281,male,30,40,10,10,10
35250282,female,30,40,25,10,0
35250282,male,65,25,15,20,10
35250283,female,40,55,25,15,0
35250283,male,15,20,15,20,25
35250284,female,30,15,10,10,10
35250284,male,30,25,10,0,30
35250285,female,50,70,25,10,25
35250285,male,45,45,25,30,15
35250286,female,10,20,15,0,15
35250286,male,15,0,20,0,15
35250287,female,40,60,70,0,15
35250287,male,70,35,60,15,10
35250288,female,40,25,20,10,10
35250288,male,30,70,10,0,10
35250289,female,40,40,20,0,20
35250289,male,35,35,40,15,25
35250290,female,40,65,55,10,10
35250290,male,10,85,30,25,10
35250291,female,70,80,70,40,15
35250291,male,60,75,35,25,40
35250293,female,50,65,35,20,15
35250293,male,30,115,20,35,35
35250294,female,35,45,30,15,10
35250294,male,10,50,45,10,10
35250295,female,15,35,25,0,10
35250295,male,40,30,20,15,15
35250296,female,20,60,50,0,0
35250296,male,25,35,20,15,0
35250297,female,15,75,10,0,25
35250297,male,30,30,35,10,15
35250298,female,20,55,40,0,10
35250298,male,30,40,30,10,25
35250299,female,25,35,25,0,10
35250299,male,45,40,35,10,20
35250300,female,50,80,50,20,0
35250300,male,65,105,30,15,35
35250302,female,25,35,10,10,10
35250302,male,20,30,15,0,10
35250303,female,25,40,15,0,0
35250303,male,20,30,15,10,0
35250304,female,45,25,40,10,0
35250304,male,25,65,55,10,25
35250305,female,25,35,35,15,10
35250305,male,20,30,35,10,30
35250306,female,20,35,20,0,10
35250306,male,25,35,30,10,10
35250307,female,40,20,20,10,10
35250307,male,20,50,35,10,10
35250308,female,85,85,60,20,20
35250308,male,50,80,40,25,30
35250309,female,35,10,20,10,20
35250309,male,25,20,10,0,25
35250310,female,55,25,0,10,0
35250310,male,55,35,15,0,15
35250311,female,45,75,45,10,0
35250311,male,40,50,25,25,20
35250312,female,45,35,15,0,15
35250312,male,10,45,30,25,25
35250313,female,35,65,25,25,15
35250313,male,55,70,15,15,15
35250315,female,25,70,15,10,20
35250315,male,20,30,15,15,15
35250316,female,45,60,60,10,25
35250316,male,25,35,35,20,15
35250317,female,35,45,35,0,15
35250317,male,40,50,20,10,25
35250318,female,10,0,0,10,0
35250318,male,15,15,0,0,0
35250319,female,25,35,35,10,15
35250319,male,10,50,30,20,15
35250320,female,35,40,20,10,10
35250320,male,15,40,20,20,20
35250321,female,20,30,10,0,0
35250321,male,30,15,0,0,15
35250322,female,15,35,20,15,10
35250322,male,35,20,25,10,0
35250323,female,10,65,10,10,0
35250323,male,20,40,25,10,25
35250324,female,15,60,20,0,10
35250324,male,25,20,10,10,10
35250326,female,15,20,30,0,10
35250326,male,20,40,20,0,25
35250327,female,30,50,35,0,20
35250327,male,30,40,50,10,30
35250328,female,20,55,30,10,0
35250328,male,15,20,40,10,10
35250329,female,45,15,30,10,15
35250329,male,20,40,60,20,10
35250330,female,10,50,10,0,15
35250330,male,0,30,10,0,10
35250331,female,30,30,0,10,0
35250331,male,10,20,15,20,10
35250332,female,35,60,25,10,0
35250332,male,55,40,40,0,15
35250333,female,50,60,20,15,20
35250333,male,30,60,35,10,25
35250334,female,25,75,30,15,10
35250334,male,50,20,25,10,25
35250335,female,20,25,20,10,0
35250335,male,10,25,45,0,10
35250336,female,40,35,0,10,15
35250336,male,30,45,10,0,10
35250337,female,35,95,40,15,15
35250337,male,45,50,50,30,10
35250338,female,25,65,35,10,0
35250338,male,60,60,45,15,0
35250339,female,40,35,20,10,20
35250339,male,30,80,25,20,10
35250340,female,40,25,15,0,0
35250340,male,25,40,20,0,0
35250341,female,30,50,30,15,0
35250341,male,15,45,15,15,15
35250342,female,25,35,30,15,20
35250342,male,15,50,30,10,20
35250343,female,25,65,15,10,10
35250343,male,35,15,25,10,10
35250344,female,30,50,20,0,0
35250344,male,30,50,10,10,15
35250345,female,50,60,15,0,0
35250345,male,30,40,30,10,15
35250346,female,25,85,10,10,0
35250346,male,30,40,20,10,10
35250347,female,25,45,20,15,10
35250347,male,15,75,35,15,10
35250348,female,40,60,15,15,10
35250348,male,20,70,35,25,15
35250349,female,35,50,30,10,0
35250349,male,25,55,10,0,10
35250350,female,30,55,35,0,15
35250350,male,25,55,60,20,25
35250351,female,25,15,10,10,10
35250351,male,0,20,10,10,15
35250352,female,40,40,40,0,20
35250352,male,10,60,30,10,35
35250353,female,35,40,10,10,10
35250353,male,35,50,25,10,0
35250354,female,40,50,20,0,10
35250354,male,30,60,25,10,10
35250355,female,25,45,20,0,15
35250355,male,20,55,10,15,25
35250356,female,35,45,35,20,10
35250356,male,45,50,15,15,30
35250357,female,40,80,15,20,15
35250357,male,30,65,50,20,20
35250358,female,25,55,25,0,0
35250358,male,20,60,30,20,10
35250359,female,30,45,30,0,10
35250359,male,30,55,20,0,0
35250360,female,25,75,25,10,0
35250360,male,30,40,30,10,25
35250361,female,30,40,0,0,10
35250361,male,20,35,30,25,0
35250362,female,50,35,25,20,10
35250362,male,40,40,25,35,10
35250363,female,20,35,0,0,20
35250363,male,10,50,10,15,15
35250364,female,15,20,30,10,10
35250364,male,10,15,0,15,10
35250365,female,55,125,30,25,20
35250365,male,35,90,50,15,40
35250366,female,55,30,0,10,20
35250366,male,10,55,40,20,20
35250367,female,45,35,10,10,10
35250367,male,20,40,15,20,20
35250368,female,45,45,40,10,0
35250368,male,15,50,20,20,25
35250369,female,20,60,15,10,15
35250369,male,30,40,30,15,15
35250370,female,35,45,30,10,10
35250370,male,25,30,15,10,15
35250371,female,30,55,25,10,20
35250371,male,25,55,20,0,15
35250372,female,40,45,30,0,10
35250372,male,25,50,20,15,10
35250373,female,10,30,40,0,0
35250373,male,20,35,0,15,10
35250374,female,35,55,25,0,0
35250374,male,15,50,40,10,25
35250375,female,20,50,30,20,0
35250375,male,35,65,35,0,20
35250376,female,20,70,0,0,25
35250376,male,20,50,25,15,15
35250377,female,35,55,15,15,10
35250377,male,15,50,20,15,35
35250378,female,25,60,30,15,0
35250378,male,10,70,35,20,20
35250379,female,40,25,10,10,10
35250379,male,15,20,20,10,0
35250380,female,45,40,30,0,10
35250380,male,35,65,30,10,10
35250381,female,25,55,10,10,10
35250381,male,20,35,0,10,0
35250382,female,40,45,45,0,10
35250382,male,30,40,50,10,10
35250383,female,0,40,20,0,10
35250383,male,30,45,25,0,30
35250384,female,15,30,15,0,0
35250384,male,25,45,35,15,60
35250385,female,70,30,10,10,10
35250385,male,40,35,15,0,15
35250387,female,35,55,0,10,0
35250387,male,50,25,10,10,15
35250388,female,50,40,10,10,10
35250388,male,30,50,10,10,20
35250389,female,40,40,10,0,10
35250389,male,40,25,0,20,15
35250390,female,10,90,25,30,20
35250390,male,15,40,25,25,15
35250391,female,25,65,35,10,25
35250391,male,40,60,45,10,15
35250392,female,55,65,35,0,15
35250392,male,10,80,10,0,15
35250393,female,40,45,15,10,25
35250393,male,35,45,10,10,15
35250394,female,20,70,30,20,25
35250394,male,25,80,50,30,15
35250395,female,30,35,10,10,20
35250395,male,25,55,25,30,15
35250396,female,35,65,25,10,15
35250396,male,10,60,40,0,35
35250397,female,50,90,25,0,10
35250397,male,10,60,45,0,20
35250398,female,0,0,0,10,0
35250398,male,10,25,0,0,0
35250399,female,10,0,0,0,0
35250399,male,0,10,20,10,15
35250400,female,45,55,50,15,0
35250400,male,35,35,40,15,10
35250401,female,50,55,30,35,25
35250401,male,35,70,30,25,10
35250402,female,30,30,15,10,25
35250402,male,35,25,30,10,25
35250403,female,35,75,25,20,10
35250403,male,35,70,35,20,40
35250404,female,30,45,20,0,10
35250404,male,25,40,0,10,10
35250405,female,35,50,25,0,0
35250405,male,20,35,35,10,10
35250406,female,50,50,55,10,20
35250406,male,30,65,25,15,15
35250407,female,25,45,30,15,25
35250407,male,35,50,0,10,0
35250408,female,35,20,20,0,15
35250408,male,15,35,20,0,20
35250409,female,20,40,15,10,0
35250409,male,20,30,25,0,0
35250410,female,30,25,15,10,15
35250410,male,20,20,30,0,25
35250411,female,45,40,30,0,20
35250411,male,20,35,25,25,20
35250412,female,20,30,10,0,15
35250412,male,0,10,0,20,10
35250413,female,45,80,0,0,25
35250413,male,25,90,30,15,10
35250416,female,30,60,30,10,10
35250416,male,25,45,35,15,20
35250417,female,20,45,20,10,10
35250417,male,20,35,10,0,15
35250418,female,20,50,30,15,25
35250418,male,25,45,25,25,30
35250419,female,30,20,35,0,15
35250419,male,25,40,35,25,20
35250420,female,100,55,20,10,30
35250420,male,75,90,45,10,35
35250421,female,65,60,15,10,20
35250421,male,50,60,25,35,10
35250422,female,30,30,10,0,10
35250422,male,30,60,15,15,25
35250423,female,45,70,20,20,15
35250423,male,25,60,35,10,20
35250424,female,80,35,0,0,10
35250424,male,40,40,30,0,15
35250425,female,55,85,30,15,25
35250425,male,75,70,20,10,25
35250426,female,40,55,15,10,15
35250426,male,25,45,15,0,25
35250427,female,60,45,0,10,15
35250427,male,35,15,35,0,15
35250428,female,40,25,20,10,20
35250428,male,0,65,20,0,0
35250429,female,25,10,30,0,10
35250429,male,25,30,20,10,20
35250430,female,30,30,20,10,15
35250430,male,30,20,25,0,45
35250431,female,30,55,35,10,20
35250431,male,20,30,20,30,15
35250434,female,70,105,85,10,35
35250434,male,60,105,80,20,65
35250435,female,15,35,20,10,0
35250435,male,15,55,25,15,20
35250436,female,15,35,20,10,10
35250436,male,10,35,25,15,10
35250437,female,0,40,20,15,15
35250437,male,30,40,40,0,25
35250438,female,10,20,10,10,10
35250438,male,15,15,20,0,25
35250439,female,25,45,45,25,20
35250439,male,30,65,0,15,30
35250440,female,45,40,20,10,30
35250440,male,40,65,55,10,15
35250441,female,35,65,45,10,35
35250441,male,15,45,20,20,20
35250442,female,50,70,10,0,20
35250442,male,35,80,35,0,25
35250443,female,15,75,15,0,0
35250443,male,20,75,10,15,25
35250444,female,35,30,15,10,10
35250444,male,20,20,30,10,15
35250445,female,20,25,15,15,10
35250445,male,10,25,10,15,30
35250446,female,45,15,35,10,10
35250446,male,20,20,15,50,25
35250447,female,20,25,15,0,10
35250447,male,15,20,10,15,20
35250448,female,25,80,35,15,25
35250448,male,40,50,35,10,40
35250449,female,15,25,10,0,30
35250449,male,20,25,20,15,15
35250450,female,20,35,20,10,20
35250450,male,15,45,15,15,10
35250451,female,0,10,15,0,10
35250451,male,0,15,15,20,0
35250452,female,20,20,15,20,10
35250452,male,10,45,10,20,0
35250453,female,30,20,20,15,0
35250453,male,20,45,30,15,20
35250454,female,35,65,20,0,15
35250454,male,20,95,35,10,15
35250455,female,20,25,20,10,0
35250455,male,10,30,25,25,15
35250456,female,15,40,15,0,20
35250456,male,15,15,10,10,10
35250457,female,x,x,x,x,x
35250457,male,x,x,x,x,x
35250458,female,0,20,10,10,15
35250458,male,10,10,25,10,0
35250459,female,20,50,25,15,10
35250459,male,40,65,35,20,10
35250460,female,20,15,0,10,15
35250460,male,0,15,30,10,25
35250461,female,25,30,25,10,10
35250461,male,10,25,35,20,10
35250462,female,20,30,0,10,10
35250462,male,0,20,0,10,10
35250463,female,25,50,10,0,10
35250463,male,0,30,15,10,25
35250464,female,0,30,20,10,10
35250464,male,0,20,20,15,10
35250465,female,20,30,15,15,10
35250465,male,40,70,35,25,30
35250466,female,40,35,10,0,15
35250466,male,30,20,10,10,0
35250467,female,20,25,10,10,0
35250467,male,25,50,15,10,15
35250468,female,20,25,10,0,20
35250468,male,40,30,25,10,20
35250471,female,10,20,10,10,0
35250471,male,0,30,20,10,10
35250472,female,40,15,35,10,0
35250472,male,25,10,30,0,15
35250473,female,25,40,10,15,10
35250473,male,0,0,15,10,10
35250474,female,20,35,15,0,0
35250474,male,35,40,20,20,30
35250475,female,10,35,10,10,10
35250475,male,15,40,30,0,10
35250476,female,35,20,0,0,0
35250476,male,20,10,0,15,20
35250477,female,15,35,25,10,10
35250477,male,20,35,50,10,20
35250478,female,10,25,30,0,10
35250478,male,0,20,20,15,25
35250479,female,20,35,30,10,10
35250479,male,20,35,35,25,25
35250480,female,20,35,35,15,10
35250480,male,10,45,35,0,20
35250481,female,0,25,25,0,0
35250481,male,10,20,30,0,10
35250482,female,10,20,25,0,10
35250482,male,30,40,10,10,0
35250483,female,20,30,10,0,10
35250483,male,10,30,20,10,20
35250484,female,10,15,20,0,10
35250484,male,10,20,25,15,15
35250485,female,35,20,15,10,10
35250485,male,40,30,10,20,15
35250486,female,30,50,20,10,0
35250486,male,35,45,20,15,25
35250487,female,10,35,15,0,15
35250487,male,20,25,25,0,0
35250488,female,30,30,10,0,20
35250488,male,25,50,25,15,20
35250489,female,0,40,25,0,0
35250489,male,10,40,25,10,20
35250490,female,20,30,25,0,20
35250490,male,25,70,20,15,15
35250491,female,10,15,10,0,0
35250491,male,10,20,10,0,0
35250492,female,15,35,20,10,10
35250492,male,20,30,20,0,15
35250493,female,25,30,10,10,30
35250493,male,10,20,30,15,10
35250494,female,15,35,10,20,10
35250494,male,30,40,15,15,10
35250495,female,20,20,15,30,15
35250495,male,15,20,35,0,10
35250496,female,10,10,10,10,0
35250496,male,20,25,0,0,10
35250497,female,55,50,0,25,10
35250497,male,30,60,10,20,15
35250498,female,45,55,0,0,10
35250498,male,35,40,25,20,20
35250499,female,20,55,10,20,15
35250499,male,25,70,10,20,20
35250501,female,45,50,15,0,10
35250501,male,20,40,20,10,20
35250502,female,40,55,15,0,10
35250502,male,25,50,25,20,10
35250503,female,30,45,10,10,15
35250503,male,55,45,25,10,25
35250504,female,20,55,15,10,20
35250504,male,35,40,20,0,0
35250506,female,40,45,15,10,20
35250506,male,15,45,15,10,25
35250507,female,40,65,15,0,0
35250507,male,25,40,15,0,30
35250508,female,55,60,10,0,10
35250508,male,45,60,10,15,15
35250509,female,95,60,15,10,10
35250509,male,40,55,20,10,25
35250510,female,40,55,15,0,15
35250510,male,40,50,30,10,0
35250511,female,55,50,15,20,15
35250511,male,45,75,15,15,0
35250512,female,40,50,10,0,20
35250512,male,25,40,0,0,0
35250513,female,40,70,25,10,10
35250513,male,45,35,35,15,40
35250514,female,65,95,30,10,25
35250514,male,105,60,30,20,25
35250515,female,35,25,10,0,10
35250515,male,20,40,20,10,10
35250516,female,70,75,30,10,0
35250516,male,25,65,50,15,40
35250517,female,30,35,20,10,10
35250517,male,10,40,15,15,15
35250518,female,25,30,0,0,0
35250518,male,10,35,10,10,0
35250519,female,40,55,15,10,10
35250519,male,0,75,25,15,35
35250520,female,35,65,15,15,20
35250520,male,60,75,30,15,30
35250521,female,40,50,0,10,0
35250521,male,25,65,30,15,20
35250522,female,15,25,10,0,0
35250522,male,30,20,10,0,0
35250523,female,40,20,10,10,15
35250523,male,10,55,15,0,20
35250524,female,30,20,25,10,0
35250524,male,10,25,35,0,10
35250525,female,50,35,10,0,0
35250525,male,10,45,10,20,15
35250526,female,55,65,45,20,20
35250526,male,10,75,45,25,20
35250527,female,15,45,10,10,0
35250527,male,25,40,25,15,15
35250528,female,20,25,0,10,0
35250528,male,40,20,10,10,10
35250529,female,30,25,25,0,10
35250529,male,0,35,0,10,10
35250530,female,15,35,10,10,10
35250530,male,0,40,30,10,25
35250531,female,35,40,15,0,0
35250531,male,40,35,25,15,10
35250532,female,30,50,15,0,10
35250532,male,15,45,15,0,20
35250533,female,35,80,30,15,15
35250533,male,20,75,30,30,30
35250534,female,35,45,20,0,10
35250534,male,30,35,25,15,20
35250535,female,50,40,10,10,10
35250535,male,25,40,10,0,20
35250536,female,25,45,20,0,10
35250536,male,10,50,40,10,15
35250537,female,60,45,30,0,15
35250537,male,30,60,25,35,25
35250538,female,30,65,25,10,10
35250538,male,25,55,30,10,20
35250539,female,60,85,25,15,15
35250539,male,45,45,35,25,25
35250540,female,35,70,10,10,10
35250540,male,30,50,25,10,35
35250541,female,25,35,10,10,20
35250541,male,10,30,35,20,20
35250542,female,20,50,25,0,0
35250542,male,10,50,35,10,0
35250545,female,25,30,15,15,10
35250545,male,10,40,15,10,10
35250546,female,30,35,0,10,0
35250546,male,25,30,10,15,15
35250547,female,30,20,25,0,10
35250547,male,25,15,35,10,30
35250548,female,45,70,10,10,20
35250548,male,25,45,20,15,15
35250549,female,25,35,20,15,0
35250549,male,15,40,35,20,10
35250550,female,40,30,15,0,10
35250550,male,15,35,25,10,15
35250551,female,40,40,15,10,10
35250551,male,15,40,25,25,15
35250552,female,35,20,10,30,10
35250552,male,0,35,15,15,15
35250553,female,40,55,40,0,10
35250553,male,15,45,30,10,15
35250554,female,20,65,30,0,0
35250554,male,0,80,25,10,15
35250555,female,25,60,30,10,20
35250555,male,15,30,20,20,10
35250556,female,40,40,20,0,10
35250556,male,20,75,50,20,15
35250557,female,10,80,55,10,15
35250557,male,25,55,25,10,35
35250558,female,40,35,10,0,0
35250558,male,25,65,30,10,20
35250559,female,35,40,15,15,20
35250559,male,15,35,15,15,20
35250560,female,30,60,10,0,0
35250560,male,35,40,10,10,10
35250561,female,10,40,20,0,15
35250561,male,20,25,20,0,25
35250562,female,50,60,15,10,0
35250562,male,35,45,25,15,20
35250563,female,25,80,30,0,15
35250563,male,20,55,40,15,10
35250564,female,25,25,25,15,0
35250564,male,10,45,10,15,20
35250565,female,50,45,30,10,25
35250565,male,15,145,25,30,35
35250566,female,25,55,15,0,0
35250566,male,15,40,30,10,15
35250567,female,30,55,0,15,10
35250567,male,20,65,10,0,35
35250568,female,40,55,60,15,15
35250568,male,35,70,40,10,20
35250569,female,15,25,15,0,0
35250569,male,15,25,25,0,10
35250570,female,35,45,15,0,0
35250570,male,20,30,10,10,10
35250571,female,25,30,15,0,0
35250571,male,0,15,10,10,0
35250572,female,20,40,20,25,10
35250572,male,30,45,35,0,15
35250573,female,75,145,40,10,25
35250573,male,60,145,25,10,25
35250574,female,40,45,20,0,10
35250574,male,30,25,20,20,0
35250578,female,45,85,40,10,15
35250578,male,30,65,60,15,20
35250579,female,15,50,15,10,15
35250579,male,15,75,25,20,10
35250580,female,20,35,10,0,15
35250580,male,10,30,0,0,0
35250581,female,70,65,30,20,10
35250581,male,45,50,35,20,40
35250582,female,25,55,25,20,15
35250582,male,20,45,30,20,15
35250583,female,40,80,45,10,20
35250583,male,20,60,35,10,35
35250585,female,40,50,30,15,15
35250585,male,45,50,20,10,35
35250586,female,105,125,45,20,25
35250586,male,55,120,50,30,80
35250587,female,35,55,10,10,0
35250587,male,0,40,10,25,0
35250588,female,10,45,30,0,10
35250588,male,15,50,0,0,20
35250589,female,40,70,30,15,10
35250589,male,40,50,40,15,40
35250590,female,30,40,10,0,0
35250590,male,15,45,30,0,0
35250591,female,50,90,40,10,20
35250591,male,25,95,40,15,25
35250592,female,50,40,40,10,20
35250592,male,35,45,30,10,15
35250593,female,20,30,20,15,10
35250593,male,20,35,0,10,20
35250594,female,50,30,25,10,10
35250594,male,20,40,20,10,25
35250595,female,50,45,20,10,20
35250595,male,20,30,35,15,15
35250596,female,40,70,40,0,20
35250596,male,35,55,40,15,25
35250597,female,30,20,10,10,10
35250597,male,10,45,10,10,20
35250598,female,45,45,25,15,0
35250598,male,30,30,25,10,25
35250599,female,15,35,30,0,0
35250599,male,10,35,15,0,10
35250600,female,40,25,0,10,0
35250600,male,25,65,10,10,0
35250601,female,15,35,15,0,0
35250601,male,10,30,20,0,15
35250602,female,20,30,0,0,0
35250602,male,15,20,15,10,10
35250603,female,50,115,15,10,20
35250603,male,35,75,25,10,20
35250604,female,20,45,10,10,0
35250604,male,40,25,35,10,10
35250605,female,30,20,10,0,10
35250605,male,25,10,25,10,0
35250606,female,30,45,20,10,15
35250606,male,10,50,15,10,10
35250607,female,35,50,25,25,10
35250607,male,20,60,30,25,10
35250608,female,30,20,15,10,0
35250608,male,30,15,35,10,10
35250609,female,45,80,10,0,15
35250609,male,0,60,30,15,0
35250610,female,30,55,25,0,10
35250610,male,15,50,20,25,30
35250611,female,15,35,30,0,0
35250611,male,10,15,50,10,10
35250612,female,65,55,30,10,0
35250612,male,30,55,30,10,0
35250613,female,80,120,60,10,55
35250613,male,25,110,55,15,45
35250614,female,15,20,0,0,10
35250614,male,15,25,10,0,15
35250615,female,15,35,15,0,15
35250615,male,10,25,20,10,0
35250616,female,15,10,10,0,0
35250616,male,0,20,10,10,0
35250617,female,25,30,25,20,0
35250617,male,15,50,35,0,0
35250618,female,15,30,0,0,0
35250618,male,10,25,25,0,10
35250619,female,35,35,20,10,10
35250619,male,25,55,35,15,15
35250620,female,15,40,15,20,10
35250620,male,35,25,40,10,15
35250621,female,35,110,45,20,30
35250621,male,35,65,30,20,30
35250622,female,15,35,10,10,10
35250622,male,10,55,10,15,15
35250623,female,20,55,10,10,10
35250623,male,10,45,20,0,10
35250624,female,35,30,10,0,15
35250624,male,10,65,10,10,10
35250625,female,30,35,0,0,0
35250625,male,15,45,10,0,0
35250626,female,40,25,30,0,10
35250626,male,15,60,25,10,10
35250627,female,35,60,10,0,15
35250627,male,15,75,30,20,20
35250628,female,15,0,15,0,10
35250628,male,0,25,10,10,20
35250629,female,50,65,25,0,10
35250629,male,25,65,35,0,30
35250630,female,60,65,10,0,0
35250630,male,20,60,35,20,20
35250631,female,25,50,0,15,10
35250631,male,15,30,35,15,0
35250632,female,50,35,45,10,10
35250632,male,30,40,40,0,20
35250633,female,10,30,0,0,0
35250633,male,10,25,0,15,15
35250634,female,30,65,15,10,10
35250634,male,30,35,25,0,15
35250635,female,15,40,25,0,10
35250635,male,10,40,20,0,0
35250636,female,55,85,35,30,10
35250636,male,25,105,35,25,35
35250637,female,55,130,40,0,25
35250637,male,50,100,45,35,30
35250638,female,35,40,0,0,0
35250638,male,15,15,10,10,0
35250639,female,60,75,25,15,15
35250639,male,25,50,25,25,10
35250640,female,30,65,15,20,15
35250640,male,15,60,20,10,20
35250641,female,10,90,10,0,10
35250641,male,35,35,0,10,35
35250642,female,50,45,35,10,0
35250642,male,25,50,15,15,15
35250643,female,45,35,25,10,10
35250643,male,55,40,45,10,25
35250644,female,40,25,20,0,15
35250644,male,20,45,10,0,10
35250645,female,25,75,25,10,0
35250645,male,25,85,20,0,10
35250646,female,60,135,15,20,10
35250646,male,25,105,35,20,40
35250647,female,80,110,45,10,10
35250647,male,35,80,20,35,55
35250648,female,55,135,40,0,20
35250648,male,35,55,40,30,45
35250649,female,50,70,25,10,0
35250649,male,40,45,35,15,20
35250650,female,30,45,10,0,0
35250650,male,15,40,20,10,25
35250651,female,15,40,15,0,15
35250651,male,10,55,20,10,0
35250652,female,50,85,10,0,20
35250652,male,30,90,30,20,25
35250655,female,125,160,75,35,35
35250655,male,80,175,110,50,40
35250656,female,25,50,20,10,10
35250656,male,15,25,10,0,15
35250657,female,45,85,20,25,15
35250657,male,35,95,10,15,15
35250658,female,20,35,10,0,0
35250658,male,15,20,25,0,0
35250659,female,35,85,30,10,0
35250659,male,25,75,30,0,15
35250661,female,110,110,20,25,25
35250661,male,50,115,35,50,60
35250662,female,140,200,25,30,35
35250662,male,55,200,80,30,75
35250663,female,45,95,25,10,15
35250663,male,30,30,40,30,40
35250664,female,10,65,15,15,10
35250664,male,15,40,45,15,10
35250665,female,20,60,30,10,0
35250665,male,20,65,40,15,15
35250666,female,20,45,15,0,0
35250666,male,15,35,30,10,15
35250667,female,15,15,10,0,0
35250667,male,0,20,0,0,0
35250668,female,10,25,0,10,0
35250668,male,30,15,10,20,15
35250669,female,25,20,0,0,0
35250669,male,20,20,0,10,10
35250670,female,15,10,0,0,10
35250670,male,50,0,0,10,15
35250671,female,0,20,10,0,15
35250671,male,20,10,0,0,15
35250672,female,25,20,0,0,0
35250672,male,20,10,0,0,10
35250675,female,30,25,15,0,0
35250675,male,35,50,15,0,20
35250676,female,10,25,10,0,0
35250676,male,35,60,15,0,0
35250677,female,35,75,10,0,10
35250677,male,30,30,20,15,10
35250678,female,80,40,15,0,10
35250678,male,40,70,15,10,10
35250679,female,30,40,10,0,15
35250679,male,45,45,0,15,20
35250680,female,20,65,10,15,0
35250680,male,25,55,15,0,0
35250681,female,30,65,15,10,15
35250681,male,45,80,55,25,15
35250692,female,20,35,10,10,0
35250692,male,10,15,30,15,15
35250693,female,10,45,15,0,15
35250693,male,0,20,15,10,10
35250694,female,20,40,15,0,0
35250694,male,10,20,10,0,10
35250695,female,10,25,0,10,10
35250695,male,10,40,10,10,10
35250696,female,0,15,0,10,0
35250696,male,10,20,10,0,15
35250700,female,20,25,15,10,15
35250700,male,10,55,10,0,35
35250701,female,45,45,20,0,10
35250701,male,10,25,30,0,15
35250702,female,45,50,20,30,20
35250702,male,25,30,10,20,45
35250703,female,20,25,10,20,0
35250703,male,20,30,20,10,20
35250704,female,10,35,10,10,25
35250704,male,20,40,45,10,10
35250705,female,30,35,30,0,0
35250705,male,25,35,50,15,20
35250706,female,35,40,25,10,0
35250706,male,55,25,50,15,0
35250707,female,30,35,10,0,20
35250707,male,30,20,25,0,10
35250708,female,40,35,25,10,10
35250708,male,35,70,35,10,25
35250709,female,35,45,40,10,0
35250709,male,15,35,40,10,15
35250710,female,20,40,15,10,15
35250710,male,30,25,25,15,25
35250711,female,15,30,15,10,15
35250711,male,20,35,0,10,15
35250712,female,15,25,20,10,0
35250712,male,20,50,15,10,30
35250713,female,25,25,10,0,10
35250713,male,15,30,15,0,20
35250714,female,25,40,20,15,10
35250714,male,15,45,20,10,15
35250715,female,35,25,15,15,15
35250715,male,30,35,45,20,0
35250716,female,10,30,45,10,10
35250716,male,35,70,20,25,30
35250717,female,10,40,25,10,15
35250717,male,25,55,25,10,30
35250718,female,25,30,25,0,10
35250718,male,20,35,15,15,15
35250719,female,25,35,0,10,15
35250719,male,10,30,15,10,10
35250720,female,40,40,35,15,10
35250720,male,40,20,45,15,25
35250721,female,25,45,10,15,0
35250721,male,30,55,15,20,10
35250724,female,25,25,0,10,15
35250724,male,15,50,30,0,35
35250725,female,35,35,15,0,0
35250725,male,20,55,15,15,10
35250726,female,30,55,25,10,20
35250726,male,20,40,30,10,20
35250727,female,10,25,0,10,0
35250727,male,10,10,25,10,10
35250728,female,40,35,10,10,10
35250728,male,20,40,45,15,20
35250729,female,30,35,15,15,0
35250729,male,30,40,25,25,10
35250730,female,35,25,20,0,0
35250730,male,25,45,25,10,10
35250731,female,45,30,25,0,20
35250731,male,30,40,30,20,10
35250732,female,35,50,0,0,10
35250732,male,20,30,25,0,20
35250733,female,50,55,45,0,15
35250733,male,60,45,10,20,20
35250734,female,30,65,35,0,40
35250734,male,35,40,30,0,20
35250735,female,20,45,30,15,10
35250735,male,15,45,10,10,20
35250736,female,20,55,15,10,10
35250736,male,25,50,30,15,0
35250737,female,25,75,15,15,0
35250737,male,30,40,30,10,15
35250738,female,55,45,15,10,10
35250738,male,30,35,20,10,15
35250739,female,30,60,25,0,25
35250739,male,20,65,35,15,20
35250740,female,15,75,15,10,0
35250740,male,25,65,25,15,20
35250741,female,25,50,20,10,20
35250741,male,55,50,0,20,10
35250742,female,40,75,15,0,0
35250742,male,50,55,25,25,10
35250743,female,30,55,10,0,10
35250743,male,25,50,50,20,0
35250744,female,45,75,45,20,10
35250744,male,50,55,45,20,10
35250745,female,25,35,20,0,10
35250745,male,20,25,20,20,10
35250746,female,25,35,25,15,10
35250746,male,20,30,10,15,15
35250747,female,35,45,15,10,0
35250747,male,25,30,20,15,20
35250748,female,20,60,30,0,0
35250748,male,30,40,20,15,20
35250749,female,35,50,20,0,10
35250749,male,35,20,20,0,15
35250750,female,45,40,20,10,0
35250750,male,25,70,25,10,30
35250753,female,25,45,15,10,25
35250753,male,45,35,15,10,20
35250754,female,10,35,15,10,0
35250754,male,15,35,30,10,10
35250755,female,30,40,10,10,10
35250755,male,35,35,20,10,15
35250756,female,45,70,15,10,0
35250756,male,20,65,30,10,20
35250757,female,15,45,35,15,10
35250757,male,35,45,55,10,10
35250758,female,40,30,10,10,10
35250758,male,25,30,15,0,20
35250759,female,30,55,30,0,0
35250759,male,50,30,10,0,10
35250760,female,15,45,20,0,10
35250760,male,30,35,20,10,15
35250761,female,20,25,20,10,10
35250761,male,20,45,15,10,20
35250762,female,15,50,10,0,10
35250762,male,20,35,30,10,15
35250763,female,35,75,35,10,0
35250763,male,40,65,40,10,20
35250764,female,20,60,20,15,10
35250764,male,10,35,25,0,30
35250765,female,20,35,25,10,10
35250765,male,10,60,20,10,10
35250766,female,30,50,15,0,0
35250766,male,20,30,35,0,10
35250767,female,15,25,10,10,0
35250767,male,25,25,35,10,15
35250768,female,25,35,15,10,0
35250768,male,0,35,30,10,20
35250769,female,15,30,50,0,10
35250769,male,40,35,20,15,15
35250770,female,15,40,20,10,10
35250770,male,30,20,10,10,10
35250771,female,35,30,15,0,0
35250771,male,20,55,20,15,25
35250772,female,10,40,20,10,10
35250772,male,15,30,20,10,25
35250773,female,30,60,25,0,15
35250773,male,15,35,30,30,25
35250774,female,20,35,15,10,15
35250774,male,10,20,15,0,25
35250775,female,10,15,15,10,0
35250775,male,35,35,20,10,0
35250776,female,20,10,10,0,0
35250776,male,20,10,10,10,20
35250777,female,40,40,25,0,30
35250777,male,25,35,40,0,10
35250778,female,25,40,15,10,10
35250778,male,35,50,15,10,10
35250779,female,20,25,20,10,15
35250779,male,25,20,0,10,20
35250780,female,30,30,15,0,10
35250780,male,30,30,35,0,10
35250781,female,35,35,15,10,0
35250781,male,35,70,20,20,0
35250782,female,30,50,15,10,10
35250782,male,30,30,10,0,15
35250783,female,10,60,25,0,15
35250783,male,25,45,35,10,10
35250784,female,30,55,15,0,10
35250784,male,15,60,20,10,10
35250785,female,25,40,45,15,0
35250785,male,20,35,20,15,25
35250786,female,0,70,30,10,10
35250786,male,35,50,25,10,10
35250787,female,35,80,30,30,20
35250787,male,65,70,40,10,10
35250788,female,40,40,25,10,10
35250788,male,25,45,40,10,20
35250789,female,20,60,30,10,10
35250789,male,20,55,25,15,10
35250790,female,55,60,25,20,15
35250790,male,50,45,10,20,15
35250791,female,55,50,20,10,15
35250791,male,20,45,15,45,0
35250792,female,15,55,25,10,10
35250792,male,15,35,30,15,20
35250793,female,45,25,15,0,15
35250793,male,30,25,0,10,10
35250798,female,15,15,0,0,10
35250798,male,10,30,15,10,10
35250799,female,10,20,35,10,10
35250799,male,10,50,15,15,15
35250800,female,25,35,25,15,10
35250800,male,0,35,25,15,15
35250801,female,30,80,30,15,40
35250801,male,45,50,10,20,20
35250802,female,30,60,20,0,0
35250802,male,25,40,25,10,15
35250803,female,10,40,25,15,10
35250803,male,20,35,25,10,25
35250804,female,65,205,140,65,105
35250804,male,120,175,135,60,85
35250805,female,60,65,45,20,30
35250805,male,95,95,55,45,45
35250806,female,15,50,15,15,10
35250806,male,40,55,30,10,10
35250807,female,30,75,80,15,35
35250807,male,40,95,70,45,40
35250810,female,40,80,20,30,15
35250810,male,25,80,25,20,50
35250812,female,15,15,25,10,20
35250812,male,0,60,20,0,20
35250813,female,20,50,60,10,0
35250813,male,20,55,50,15,0
35250814,female,20,15,30,40,0
35250814,male,10,55,45,10,25
35250815,female,40,120,105,55,35
35250815,male,30,150,100,45,40
35250826,female,70,60,40,20,15
35250826,male,35,75,55,15,20
35250827,female,25,20,10,10,15
35250827,male,25,35,35,10,0
35250828,female,20,30,10,10,0
35250828,male,10,30,10,25,0
35250829,female,50,45,15,10,10
35250829,male,25,20,35,25,20
35250830,female,55,55,25,0,0
35250830,male,15,35,30,10,15
35250831,female,45,65,30,10,0
35250831,male,30,55,15,15,10
35250832,female,15,45,0,0,0
35250832,male,15,10,0,0,15
35250833,female,20,35,15,0,10
35250833,male,10,30,15,0,0
35250834,female,30,45,25,10,0
35250834,male,15,40,15,15,15
35250835,female,20,30,25,0,10
35250835,male,25,30,30,10,10
35250836,female,35,40,25,0,0
35250836,male,35,30,40,15,10
35250843,female,30,155,50,10,20
35250843,male,45,85,40,0,50
35250845,female,80,50,40,15,15
35250845,male,105,115,100,10,35
35250846,female,30,55,25,10,10
35250846,male,25,35,30,10,0
35250847,female,15,40,20,10,15
35250847,male,60,35,30,15,15
35250848,female,70,70,15,15,30
35250848,male,45,85,35,20,30
35250849,female,75,90,75,35,10
35250849,male,50,85,85,20,45
35250850,female,60,120,25,10,30
35250850,male,75,100,40,65,20
35250851,female,75,160,85,15,50
35250851,male,155,140,90,45,65
35250852,female,75,165,85,35,50
35250852,male,95,125,105,35,70
35250853,female,30,60,60,15,15
35250853,male,40,65,60,45,35
35250854,female,80,75,30,10,25
35250854,male,55,85,45,10,20
35250855,female,60,80,45,15,35
35250855,male,60,125,55,10,30
35250857,female,40,50,20,10,15
35250857,male,30,80,50,10,10
35250859,female,40,75,10,10,10
35250859,male,20,70,15,15,10
35250860,female,115,185,60,15,40
35250860,male,105,155,105,30,80
35250861,female,55,40,40,10,10
35250861,male,25,65,30,10,15
35250862,female,10,20,50,10,15
35250862,male,10,35,40,55,15
35250863,female,15,30,25,0,0
35250863,male,0,45,40,20,25
35250864,female,30,45,35,10,20
35250864,male,30,60,45,25,10
35250865,female,10,70,35,10,0
35250865,male,20,35,40,15,20
35250866,female,25,50,35,15,0
35250866,male,40,45,30,25,25
35250867,female,15,35,55,10,15
35250867,male,20,50,50,30,15
35250868,female,10,25,25,10,10
35250868,male,15,20,40,10,20
35250869,female,20,60,15,15,15
35250869,male,10,50,30,10,30
35250870,female,15,75,30,15,10
35250870,male,30,65,50,25,40
35250871,female,15,50,40,20,15
35250871,male,10,20,75,25,15
35250872,female,35,40,35,30,20
35250872,male,20,55,60,25,30
35250873,female,30,40,40,30,20
35250873,male,40,30,60,35,40
35250874,female,50,60,30,0,20
35250874,male,50,55,45,35,15
35250875,female,40,65,20,15,0
35250875,male,35,50,50,25,15
35250876,female,25,40,30,10,0
35250876,male,55,25,55,0,0
35250877,female,15,35,15,10,10
35250877,male,25,50,10,20,15
35250878,female,30,35,15,15,15
35250878,male,15,40,60,10,10
35250879,female,35,45,30,50,10
35250879,male,45,40,40,20,30
35250880,female,55,55,15,10,10
35250880,male,25,30,35,10,10
35250881,female,35,55,25,15,15
35250881,male,30,45,30,30,10
35250882,female,75,70,20,20,35
35250882,male,45,75,65,15,45
35250883,female,30,85,60,0,10
35250883,male,30,40,40,10,20
35250884,female,65,65,35,20,10
35250884,male,40,50,35,20,30
35250885,female,25,70,15,0,10
35250885,male,20,30,25,10,50
35250886,female,35,80,20,10,0
35250886,male,35,65,55,20,20
35250887,female,70,75,15,20,20
35250887,male,15,30,45,40,25
35250888,female,30,40,25,10,25
35250888,male,25,65,35,25,20
35250889,female,20,70,60,10,10
35250889,male,20,65,50,15,15
35250890,female,20,90,15,0,15
35250890,male,10,50,20,15,20
35250891,female,50,40,10,15,15
35250891,male,20,45,45,10,10
35250892,female,135,225,155,110,75
35250892,male,80,170,210,95,125
35250893,female,25,80,20,20,10
35250893,male,35,60,45,15,15
35250894,female,30,35,20,25,10
35250894,male,25,35,50,15,0
35250895,female,20,85,30,10,10
35250895,male,45,25,45,15,15
35250896,female,25,55,30,0,10
35250896,male,35,25,30,0,15
35250897,female,25,30,40,20,10
35250897,male,30,30,45,10,15
35250898,female,15,35,25,10,10
35250898,male,30,25,20,20,20
35250899,female,20,30,0,10,10
35250899,male,60,0,10,20,10
35250900,female,10,30,25,15,0
35250900,male,10,25,50,10,15
35250901,female,15,40,45,20,0
35250901,male,10,55,50,25,10
35250902,female,15,40,35,15,20
35250902,male,25,35,65,25,10
35250903,female,20,25,25,15,10
35250903,male,45,75,20,15,20
35250904,female,15,45,55,20,15
35250904,male,25,75,45,0,20
35250905,female,30,40,20,10,0
35250905,male,50,40,40,15,0
35250906,female,30,30,40,0,10
35250906,male,25,70,30,10,10
35250907,female,25,30,10,10,0
35250907,male,30,40,15,15,15
35250908,female,45,50,0,10,10
35250908,male,20,75,40,0,10
35250909,female,80,165,80,30,35
35250909,male,35,170,90,85,80
35250910,female,105,195,30,15,25
35250910,male,80,145,75,10,65
35250911,female,35,55,30,25,25
35250911,male,20,60,60,20,20
35250912,female,35,80,10,10,10
35250912,male,20,80,25,15,20
35250913,female,15,80,45,10,10
35250913,male,25,50,40,20,25
35250914,female,15,50,15,0,0
35250914,male,10,45,10,10,30
35250918,female,30,75,40,0,10
35250918,male,10,50,15,10,10
35250919,female,75,85,10,10,15
35250919,male,30,50,40,20,40
35250920,female,70,140,60,15,0
35250920,male,50,85,65,50,50
35250921,female,70,55,30,10,15
35250921,male,60,70,30,15,30
35250922,female,20,95,25,0,15
35250922,male,45,65,40,20,25
35250923,female,70,65,20,0,10
35250923,male,40,70,25,20,15
35250924,female,25,60,15,15,10
35250924,male,35,60,25,0,10
35250925,female,10,60,50,0,10
35250925,male,25,50,30,20,25
35250928,female,30,20,10,0,10
35250928,male,45,20,30,15,25
35250929,female,15,50,45,10,20
35250929,male,15,70,50,15,30
35250930,female,20,50,50,15,15
35250930,male,20,30,50,25,15
35250931,female,35,50,35,10,15
35250931,male,35,40,55,30,20
35250932,female,15,25,15,15,10
35250932,male,20,20,50,0,15
35250933,female,20,40,25,15,0
35250933,male,10,30,30,0,30
35250934,female,10,40,40,10,0
35250934,male,20,40,45,20,15
35250935,female,15,45,40,35,10
35250935,male,20,25,45,35,40
35250936,female,20,65,25,0,10
35250936,male,15,45,40,20,30
35250937,female,60,60,50,20,15
35250937,male,70,70,55,20,25
35250938,female,35,75,35,15,20
35250938,male,15,55,35,35,35
35250939,female,55,35,25,0,10
35250939,male,35,45,45,10,15
35250940,female,30,20,30,20,15
35250940,male,35,35,20,20,0
35250941,female,35,35,35,0,15
35250941,male,30,45,55,25,35
35250942,female,15,30,35,10,0
35250942,male,45,35,30,10,30
35250943,female,70,95,40,0,30
35250943,male,40,85,50,20,50
35250944,female,40,50,20,20,15
35250944,male,30,45,20,15,40
35250945,female,30,95,35,25,20
35250945,male,30,50,45,35,35
35250946,female,20,20,10,15,25
35250946,male,10,45,35,20,15
35250947,female,35,75,40,25,10
35250947,male,25,45,45,15,25
35250948,female,65,135,85,20,30
35250948,male,35,140,80,65,40
35250949,female,35,50,15,10,0
35250949,male,20,40,15,15,15
35250950,female,30,70,25,0,25
35250950,male,10,50,30,10,35
35250951,female,40,60,25,20,15
35250951,male,15,50,35,30,25
35250952,female,80,225,135,55,70
35250952,male,100,220,100,85,130
35250953,female,30,20,20,0,10
35250953,male,0,40,20,10,20
35250954,female,30,20,30,10,10
35250954,male,25,40,15,15,15
35250955,female,10,15,25,0,10
35250955,male,10,10,15,0,0
35250956,female,0,10,10,10,15
35250956,male,10,20,10,10,0
35250957,female,25,45,25,10,15
35250957,male,30,15,20,10,35
35250958,female,35,30,25,15,10
35250958,male,0,35,10,10,15
35250959,female,30,25,30,0,20
35250959,male,20,20,40,20,10
35250960,female,25,25,0,10,0
35250960,male,0,25,20,10,0
35250961,female,10,50,20,0,10
35250961,male,10,50,30,0,20
35250962,female,30,55,15,10,20
35250962,male,35,40,30,15,35
35250963,female,140,245,185,30,35
35250963,male,105,210,95,30,70
35250964,female,35,85,15,15,10
35250964,male,30,50,30,25,25
35250965,female,20,35,0,15,0
35250965,male,0,35,15,15,10
35250966,female,x,x,x,x,x
35250966,male,x,x,x,x,x
35250967,female,35,55,20,0,20
35250967,male,15,45,15,0,10
35250968,female,25,40,30,10,10
35250968,male,15,55,25,15,10
35250969,female,30,45,30,0,10
35250969,male,45,50,20,20,15
35250970,female,50,25,20,10,10
35250970,male,25,35,30,10,0
35250971,female,25,45,20,20,10
35250971,male,35,50,45,0,10
35250972,female,25,30,35,0,0
35250972,male,15,35,30,25,10
35250973,female,25,30,30,10,10
35250973,male,10,35,35,20,10
35250974,female,10,25,20,15,10
35250974,male,10,35,30,25,0
35250975,female,15,25,20,0,10
35250975,male,25,45,20,0,15
35250976,female,10,30,15,0,0
35250976,male,15,30,25,15,15
35250978,female,85,295,145,30,45
35250978,male,105,150,155,50,140
35250980,female,10,25,15,10,10
35250980,male,15,50,30,25,0
35250981,female,115,260,110,45,40
35250981,male,145,230,60,50,85
35250982,female,0,0,0,0,0
35250982,male,0,0,0,0,0
35250983,female,30,40,25,0,10
35250983,male,15,40,25,10,15
35250985,female,75,145,65,10,10
35250985,male,85,145,50,40,30
35250986,female,50,135,90,15,30
35250986,male,50,115,110,30,40
35250987,female,40,75,30,20,15
35250987,male,10,60,55,35,15
35250988,female,70,90,30,30,30
35250988,male,60,80,45,10,30
35250989,female,85,115,40,20,50
35250989,male,30,90,90,0,45
35250990,female,45,55,20,10,10
35250990,male,25,45,15,10,10
35250991,female,25,35,25,10,10
35250991,male,15,60,30,10,35
35250992,female,15,45,20,0,20
35250992,male,15,60,20,15,35
35250993,female,0,15,10,0,0
35250993,male,10,25,10,0,10
35250994,female,50,110,40,20,10
35250994,male,35,125,30,35,35
35250995,female,80,155,60,25,30
35250995,male,45,130,55,55,40
35250996,female,35,185,35,15,40
35250996,male,55,110,60,60,40
35250997,female,10,65,20,15,10
35250997,male,25,25,55,25,20
35250998,female,50,45,20,10,0
35250998,male,15,40,30,15,20
35250999,female,25,85,20,25,10
35250999,male,25,115,60,25,40
35251000,female,20,45,15,0,10
35251000,male,25,55,10,10,15
35251001,female,30,45,15,0,15
35251001,male,30,85,15,10,15
35251002,female,55,75,25,15,15
35251002,male,30,75,35,10,40
35251003,female,30,55,10,0,0
35251003,male,15,35,10,10,15
35251004,female,40,50,60,15,10
35251004,male,40,35,20,15,25
35251005,female,35,100,35,20,15
35251005,male,50,110,50,15,45
35251006,female,25,85,30,0,15
35251006,male,30,95,25,0,30
35251007,female,55,95,40,20,15
35251007,male,35,60,65,25,50
35251008,female,15,35,40,0,20
35251008,male,25,20,30,25,20
35251009,female,50,95,50,10,25
35251009,male,50,80,35,35,40
35251010,female,25,85,30,10,10
35251010,male,40,50,30,20,20
35251011,female,35,95,35,10,20
35251011,male,40,65,35,10,15
35251012,female,60,100,20,0,15
35251012,male,20,85,25,25,20
35251013,female,70,110,75,10,20
35251013,male,40,110,80,20,35
35251014,female,20,65,0,0,0
35251014,male,10,45,15,0,10
35251015,female,55,85,50,0,15
35251015,male,40,70,20,25,25
35251016,female,0,75,40,0,20
35251016,male,10,50,45,15,35
35251017,female,25,60,35,0,0
35251017,male,10,70,25,25,25
35251018,female,40,100,25,15,15
35251018,male,35,80,25,15,15
35251019,female,25,60,30,0,10
35251019,male,15,25,40,15,20
35251020,female,40,110,40,15,25
35251020,male,50,105,35,25,55
35251021,female,50,90,50,15,20
35251021,male,40,45,35,30,50
35251022,female,55,165,105,35,65
35251022,male,85,120,115,60,80
35251023,female,25,80,65,10,35
35251023,male,50,50,60,50,35
35251024,female,30,90,95,15,20
35251024,male,55,80,50,40,55
35251025,female,25,60,0,20,20
35251025,male,15,20,10,10,20
35251026,female,30,80,35,0,15
35251026,male,25,60,15,15,20
35260307,female,65,80,65,0,10
35260307,male,45,50,45,20,35
35260309,female,100,135,85,30,10
35260309,male,80,100,75,80,40
35260310,female,40,30,15,15,0
35260310,male,15,45,30,20,15
35260311,female,65,55,30,10,20
35260311,male,40,55,60,10,25
35260313,female,35,30,35,20,10
35260313,male,35,30,20,0,30
35260314,female,40,35,15,10,0
35260314,male,15,30,40,10,20
35260315,female,30,45,15,0,0
35260315,male,25,50,30,10,0
35260316,female,45,25,10,10,0
35260316,male,65,55,25,10,15
35260317,female,30,40,40,0,10
35260317,male,10,15,20,30,20
35260318,female,45,45,30,0,10
35260318,male,30,55,15,10,20
35260319,female,35,20,25,10,15
35260319,male,25,40,0,10,10
35260320,female,35,30,30,15,10
35260320,male,15,25,20,10,25
35260321,female,60,50,20,10,0
35260321,male,30,45,40,0,20
35260322,female,45,30,10,20,15
35260322,male,25,20,15,10,15
35260323,female,45,25,20,0,10
35260323,male,20,55,30,10,15
35260324,female,60,35,35,0,15
35260324,male,40,50,25,10,20
35260325,female,20,35,15,0,0
35260325,male,10,20,0,0,10
35260326,female,40,10,30,15,0
35260326,male,25,70,30,0,0
35260327,female,25,15,20,0,0
35260327,male,30,25,20,0,10
35260328,female,10,20,25,15,10
35260328,male,10,40,20,15,0
35260330,female,45,30,30,0,10
35260330,male,40,50,15,10,0
35260332,female,55,30,20,20,15
35260332,male,40,45,15,0,30
35260333,female,50,50,30,0,15
35260333,male,30,40,35,15,15
35260334,female,45,30,10,10,0
35260334,male,25,20,35,10,10
35260335,female,120,85,135,35,20
35260335,male,95,130,110,25,55
35260336,female,85,100,90,60,40
35260336,male,75,105,85,90,65
35260337,female,30,20,25,10,0
35260337,male,10,30,15,0,10
35260338,female,140,150,75,55,60
35260338,male,60,145,145,60,75
35260339,female,65,50,35,15,0
35260339,male,60,60,30,15,10
35260340,female,65,85,65,15,30
35260340,male,45,85,65,40,55
35260341,female,35,25,30,15,0
35260341,male,25,35,35,10,25
35260342,female,40,35,30,10,0
35260342,male,10,75,40,10,20
35260734,female,100,125,60,40,15
35260734,male,55,100,100,40,60
35260828,female,35,20,15,10,10
35260828,male,30,25,40,10,0
35260829,female,45,45,25,15,10
35260829,male,35,55,30,0,20
35260830,female,75,35,55,10,10
35260830,male,40,65,65,15,55
35260831,female,45,50,25,15,10
35260831,male,35,20,40,15,10
35260832,female,45,55,40,30,10
35260832,male,20,60,70,25,40
35260833,female,35,45,35,15,15
35260833,male,35,35,45,15,40
